date,day,period,nswprice,nswdemand,vicprice,vicdemand,transfer,class
0.893722,2,0.680851,0.029633,0.533175,0.002009,0.524599,0.41886,0
0.893722,2,0.702128,0.035757,0.572597,0.002447,0.553599,0.375439,0
0.893722,2,0.723404,0.059235,0.651741,0.004063,0.620404,0.350877,1
0.893722,2,0.744681,0.077129,0.728503,0.005276,0.703263,0.336404,1
0.893722,2,0.765957,0.074667,0.729545,0.005081,0.695495,0.352632,1
0.893722,2,0.787234,0.050648,0.709313,0.004159,0.657172,0.349123,1
0.893722,2,0.808511,0.040801,0.676138,0.003045,0.618074,0.362719,0
0.893722,2,0.829787,0.030743,0.645195,0.00209,0.585189,0.327193,0
0.893722,2,0.851064,0.029693,0.63017,0.002019,0.558519,0.360526,0
0.893722,2,0.87234,0.029272,0.601309,0.001986,0.530295,0.349123,0
0.893722,2,0.893617,0.029152,0.568581,0.001967,0.500259,0.406579,0
0.893722,2,0.914894,0.028642,0.528563,0.001959,0.463749,0.432456,0
0.893722,2,0.93617,0.029152,0.559506,0.001992,0.440963,0.449123,0
0.893722,2,0.957447,0.029062,0.565457,0.001963,0.418177,0.433333,0
0.893722,2,0.978723,0.044644,0.560547,0.003035,0.473589,0.461404,1
0.893722,2,1.0,0.053621,0.565308,0.003616,0.469705,0.507456,1
0.893766,3,0.0,0.054612,0.542696,0.003689,0.454687,0.576316,1
0.893766,3,0.021277,0.041431,0.528414,0.002678,0.434749,0.598684,1
0.893766,3,0.042553,0.054431,0.493752,0.003606,0.494303,0.492544,1
0.893766,3,0.06383,0.041071,0.44332,0.002717,0.48291,0.536404,1
0.893766,3,0.085106,0.038189,0.38679,0.002495,0.449249,0.582456,0
0.893766,3,0.106383,0.032275,0.330556,0.002158,0.414811,0.595614,0
0.893766,3,0.12766,0.034646,0.288605,0.002219,0.380632,0.559211,0
0.893766,3,0.148936,0.028972,0.240107,0.001886,0.362248,0.610965,0
0.893766,3,0.170213,0.029663,0.233859,0.001919,0.344381,0.651754,0
0.893766,3,0.191489,0.028972,0.239958,0.001867,0.331434,0.701754,0
0.893766,3,0.212766,0.029302,0.264951,0.001894,0.338944,0.685526,0
0.893766,3,0.234043,0.042692,0.311514,0.002189,0.344381,0.694737,1
0.893766,3,0.255319,0.21022,0.400327,0.003201,0.415329,0.572807,1
0.893766,3,0.276596,0.061547,0.49524,0.00409,0.468669,0.536842,1
0.893766,3,0.297872,0.029212,0.531836,0.001965,0.509839,0.396491,0
0.893766,3,0.319149,0.056953,0.611723,0.003847,0.575091,0.372368,1
0.893766,3,0.340426,0.078149,0.667658,0.005312,0.624806,0.392105,1
0.893766,3,0.361702,0.089348,0.687147,0.006074,0.649663,0.379386,1
0.893766,3,0.382979,0.076798,0.694585,0.005214,0.662092,0.405702,1
0.893766,3,0.404255,0.07845,0.67837,0.005282,0.652253,0.42807,1
0.893766,3,0.425532,0.076528,0.665873,0.005104,0.637235,0.439474,1
0.893766,3,0.446809,0.077339,0.638054,0.00515,0.629726,0.474561,1
0.893766,3,0.468085,0.073586,0.621095,0.004859,0.614448,0.435088,1
0.893766,3,0.489362,0.074907,0.609045,0.004985,0.618332,0.497807,1
0.893766,3,0.510638,0.067581,0.597739,0.004495,0.591403,0.499561,1
0.893766,3,0.531915,0.069323,0.588367,0.004705,0.58985,0.483772,1
0.893766,3,0.553191,0.072325,0.58435,0.004817,0.600466,0.447807,1
0.893766,3,0.574468,0.071424,0.574234,0.004757,0.606422,0.467982,1
0.893766,3,0.595745,0.063108,0.563969,0.004219,0.588814,0.45614,1
0.893766,3,0.617021,0.060796,0.554894,0.004028,0.576126,0.460965,1
0.893766,3,0.638298,0.063558,0.556828,0.0043,0.577421,0.457018,1
0.893766,3,0.659574,0.064879,0.566052,0.004358,0.571207,0.445614,1
0.893766,3,0.680851,0.064129,0.583457,0.004325,0.565251,0.429825,1
0.893766,3,0.702128,0.068422,0.638798,0.004607,0.585707,0.471491,1
0.893766,3,0.723404,0.090219,0.724189,0.006064,0.642413,0.486404,1
0.893766,3,0.744681,0.150925,0.803927,0.010214,0.734852,0.342544,1
0.893766,3,0.765957,0.150925,0.814192,0.010301,0.727084,0.421491,1
0.893766,3,0.787234,0.099886,0.786819,0.006737,0.671932,0.396491,1
0.893766,3,0.808511,0.081722,0.756323,0.005501,0.632574,0.438158,1
0.893766,3,0.829787,0.073826,0.722702,0.004969,0.601502,0.452632,1
0.893766,3,0.851064,0.069593,0.707974,0.004684,0.574314,0.480263,1
0.893766,3,0.87234,0.05233,0.680601,0.003542,0.559037,0.465789,0
0.893766,3,0.893617,0.038369,0.638798,0.002607,0.520974,0.473684,0
0.893766,3,0.914894,0.032214,0.591491,0.002154,0.487053,0.441667,0
0.893766,3,0.93617,0.041852,0.609938,0.002844,0.453392,0.510088,0
0.893766,3,0.957447,0.034436,0.605623,0.002333,0.432936,0.491228,0
0.893766,3,0.978723,0.054341,0.589854,0.003664,0.499741,0.492544,0
0.893766,3,1.0,0.055782,0.578548,0.003752,0.491455,0.543421,0
0.89381,4,0.0,0.062027,0.566647,0.004144,0.453392,0.60614,0
0.89381,4,0.021277,0.058575,0.549688,0.00387,0.440963,0.607018,0
0.89381,4,0.042553,0.068392,0.518447,0.004564,0.504661,0.521491,1
0.89381,4,0.06383,0.053381,0.463106,0.003556,0.481875,0.528947,0
0.89381,4,0.085106,0.047466,0.409104,0.003081,0.454687,0.582895,0
0.89381,4,0.106383,0.044194,0.353317,0.002902,0.414034,0.668421,0
0.89381,4,0.12766,0.041041,0.302737,0.002678,0.391248,0.66886,0
0.89381,4,0.148936,0.037919,0.272092,0.002451,0.370016,0.685088,0
0.89381,4,0.170213,0.036478,0.255727,0.002349,0.356292,0.733772,0
0.89381,4,0.191489,0.038609,0.258852,0.002462,0.336613,0.774123,0
0.89381,4,0.212766,0.041371,0.293514,0.002648,0.344122,0.787281,0
0.89381,4,0.234043,0.043653,0.341863,0.002808,0.36173,0.720614,0
0.89381,4,0.255319,0.044073,0.424725,0.002892,0.424392,0.598246,0
0.89381,4,0.276596,0.049958,0.519488,0.003336,0.480062,0.490789,0
0.89381,4,0.297872,0.038669,0.549241,0.002636,0.515536,0.425877,0
0.89381,4,0.319149,0.061607,0.619905,0.004209,0.578198,0.354386,0
0.89381,4,0.340426,0.073706,0.678965,0.005006,0.636976,0.392544,1
0.89381,4,0.361702,0.074967,0.682832,0.005073,0.672191,0.347807,1
0.89381,4,0.382979,0.084004,0.683874,0.005735,0.687985,0.345614,1
0.89381,4,0.404255,0.075087,0.671973,0.005127,0.691611,0.32807,1
0.89381,4,0.425532,0.074577,0.653526,0.005098,0.689021,0.330702,1
0.89381,4,0.446809,0.074667,0.624665,0.005089,0.694977,0.331579,1
0.89381,4,0.468085,0.074276,0.606962,0.005054,0.687985,0.347368,1
0.89381,4,0.489362,0.072955,0.58911,0.004971,0.685396,0.336842,1
0.89381,4,0.510638,0.068872,0.571259,0.004734,0.66261,0.338158,1
0.89381,4,0.531915,0.068962,0.557423,0.004736,0.661574,0.284649,1
0.89381,4,0.553191,0.069443,0.545076,0.004796,0.676334,0.276316,1
0.89381,4,0.574468,0.06587,0.538976,0.004541,0.671155,0.297807,1
0.89381,4,0.595745,0.046595,0.523654,0.003384,0.650958,0.282018,0
0.89381,4,0.617021,0.03891,0.510265,0.002684,0.637235,0.288158,0
0.89381,4,0.638298,0.043203,0.512199,0.002948,0.63361,0.303509,0
0.89381,4,0.659574,0.041131,0.515918,0.002775,0.618591,0.321053,0
0.89381,4,0.680851,0.035037,0.539125,0.002403,0.607198,0.330702,0
0.89381,4,0.702128,0.054672,0.593722,0.003795,0.645003,0.340351,0
0.89381,4,0.723404,0.090339,0.692205,0.006134,0.717245,0.337719,1
0.89381,4,0.744681,0.102438,0.777745,0.007042,0.769291,0.314035,1
0.89381,4,0.765957,0.116128,0.79158,0.008018,0.742103,0.345175,1
0.89381,4,0.787234,0.07854,0.768819,0.005351,0.699379,0.364912,1
0.89381,4,0.808511,0.073706,0.740851,0.004994,0.654583,0.430263,1
0.89381,4,0.829787,0.070914,0.7108,0.004821,0.626359,0.412281,1
0.89381,4,0.851064,0.070373,0.693841,0.004782,0.603314,0.415789,1
0.89381,4,0.87234,0.061427,0.671526,0.004157,0.574314,0.426316,1
0.89381,4,0.893617,0.051399,0.624963,0.003413,0.539876,0.450439,0
0.89381,4,0.914894,0.03906,0.576912,0.00264,0.509063,0.472368,0
0.89381,4,0.93617,0.046565,0.598631,0.00316,0.473071,0.528509,0
0.89381,4,0.957447,0.035757,0.58792,0.002424,0.447437,0.480702,0
0.89381,4,0.978723,0.055302,0.578102,0.003762,0.51217,0.489035,0
0.89381,4,1.0,0.053921,0.564713,0.003652,0.506473,0.487719,0
0.893854,5,0.0,0.053741,0.558762,0.003606,0.487312,0.532895,0
0.893854,5,0.021277,0.053981,0.540613,0.003581,0.46841,0.538158,0
0.893854,5,0.042553,0.061847,0.511009,0.004304,0.531849,0.475,1
0.893854,5,0.06383,0.054461,0.461916,0.003631,0.510357,0.49693,0
0.893854,5,0.085106,0.048787,0.398393,0.003282,0.477473,0.55614,0
0.893854,5,0.106383,0.045845,0.34216,0.002987,0.454946,0.632895,0
0.893854,5,0.12766,0.043653,0.307944,0.00284,0.412998,0.673684,0
0.893854,5,0.148936,0.03933,0.276406,0.002538,0.39332,0.685526,0
0.893854,5,0.170213,0.042602,0.25781,0.002754,0.365355,0.708772,0
0.893854,5,0.191489,0.043353,0.255727,0.002709,0.345158,0.730263,0
0.893854,5,0.212766,0.044104,0.288753,0.002846,0.357069,0.723684,0
0.893854,5,0.234043,0.035037,0.330408,0.002283,0.381926,0.667982,0
0.893854,5,0.255319,0.051459,0.421303,0.003394,0.444588,0.558333,0
0.893854,5,0.276596,0.069022,0.511901,0.004805,0.51217,0.485965,1
0.893854,5,0.297872,0.045905,0.549985,0.003103,0.542724,0.429386,0
0.893854,5,0.319149,0.069503,0.629128,0.004801,0.62377,0.388158,1
0.893854,5,0.340426,0.082953,0.680452,0.005598,0.687468,0.357456,1
0.893854,5,0.361702,0.104569,0.686998,0.007081,0.73537,0.334649,1
0.893854,5,0.382979,0.135613,0.69756,0.009298,0.757639,0.289474,1
0.893854,5,0.404255,0.091029,0.694585,0.006196,0.761523,0.385526,1
0.893854,5,0.425532,0.083794,0.678518,0.005916,0.758674,0.37193,1
0.893854,5,0.446809,0.081632,0.658881,0.005496,0.765924,0.377632,1
0.893854,5,0.468085,0.082142,0.645344,0.005534,0.76696,0.427193,1
0.893854,5,0.489362,0.078179,0.632401,0.005233,0.765665,0.415351,1
0.893854,5,0.510638,0.076318,0.617525,0.005108,0.749871,0.445614,1
0.893854,5,0.531915,0.075357,0.611871,0.005044,0.756085,0.410088,1
0.893854,5,0.553191,0.077729,0.605326,0.005241,0.795961,0.364474,1
0.893854,5,0.574468,0.07896,0.599078,0.005295,0.8058,0.374561,1
0.893854,5,0.595745,0.077369,0.592086,0.005247,0.796479,0.375,1
0.893854,5,0.617021,0.075838,0.577953,0.005118,0.786121,0.395614,1
0.893854,5,0.638298,0.078119,0.589557,0.005249,0.780943,0.425439,1
0.893854,5,0.659574,0.077129,0.605028,0.005183,0.765407,0.465789,1
0.893854,5,0.680851,0.075297,0.634335,0.005062,0.736665,0.47193,1
0.893854,5,0.702128,0.078209,0.698007,0.005245,0.739254,0.553947,1
0.893854,5,0.723404,0.115258,0.798274,0.007725,0.783532,0.507895,1
0.893854,5,0.744681,0.150805,0.896162,0.010197,0.851631,0.441667,1
0.893854,5,0.765957,0.150805,0.914906,0.010235,0.838685,0.480263,1
0.893854,5,0.787234,0.150805,0.900922,0.010189,0.802175,0.516228,1
0.893854,5,0.808511,0.135163,0.866706,0.009005,0.754272,0.592105,1
0.893854,5,0.829787,0.123544,0.836358,0.008126,0.709736,0.593421,1
0.893854,5,0.851064,0.136123,0.821035,0.008961,0.684102,0.572368,1
0.893854,5,0.87234,0.097994,0.797382,0.006412,0.662869,0.596491,1
0.893854,5,0.893617,0.080461,0.747843,0.005247,0.611082,0.584649,1
0.893854,5,0.914894,0.063108,0.689824,0.004155,0.578975,0.538596,0
0.893854,5,0.93617,0.076438,0.69756,0.004767,0.538581,0.649123,0
0.893854,5,0.957447,0.048067,0.681345,0.003087,0.508545,0.575877,0
0.893854,5,0.978723,0.127717,0.655757,0.008531,0.576385,0.589035,1
0.893854,5,1.0,0.073556,0.641476,0.004863,0.553081,0.625439,0
0.893899,6,0.0,0.0786,0.625855,0.004906,0.544795,0.695614,0
0.893899,6,0.021277,0.083704,0.603838,0.004287,0.514241,0.695614,1
0.893899,6,0.042553,0.11907,0.569325,0.007759,0.576644,0.597807,1
0.893899,6,0.06383,0.084574,0.513686,0.005478,0.562662,0.609649,1
0.893899,6,0.085106,0.05311,0.458643,0.003513,0.516313,0.64693,0
0.893899,6,0.106383,0.059355,0.400327,0.003799,0.493527,0.700877,0
0.893899,6,0.12766,0.045785,0.353169,0.002898,0.459865,0.732895,0
0.893899,6,0.148936,0.038429,0.312853,0.002424,0.443035,0.704825,0
0.893899,6,0.170213,0.043203,0.290539,0.00269,0.415588,0.749123,0
0.893899,6,0.191489,0.040651,0.287414,0.002399,0.404972,0.772368,0
0.893899,6,0.212766,0.03981,0.316126,0.002545,0.406266,0.772368,0
0.893899,6,0.234043,0.042272,0.367748,0.002723,0.425945,0.739474,0
0.893899,6,0.255319,0.054672,0.460726,0.003529,0.489125,0.72193,0
0.893899,6,0.276596,0.087336,0.555489,0.005688,0.556189,0.695175,1
0.893899,6,0.297872,0.050228,0.600565,0.003307,0.578975,0.609649,0
0.893899,6,0.319149,0.069863,0.699197,0.004607,0.654583,0.569737,0
0.893899,6,0.340426,0.093371,0.758554,0.006167,0.719316,0.571491,1
0.893899,6,0.361702,0.150805,0.814936,0.009969,0.755567,0.498246,1
0.893899,6,0.382979,0.15777,0.856888,0.010546,0.774728,0.511404,1
0.893899,6,0.404255,0.159061,0.846921,0.010613,0.772657,0.516667,1
0.893899,6,0.425532,0.14438,0.829664,0.009589,0.755826,0.545614,1
0.893899,6,0.446809,0.115768,0.809878,0.007624,0.747799,0.536404,1
0.893899,6,0.468085,0.150805,0.800803,0.009975,0.736665,0.570614,1
0.893899,6,0.489362,0.180347,0.793365,0.01178,0.729933,0.610965,1
0.893899,6,0.510638,0.183079,0.780422,0.011784,0.709477,0.691667,1
0.893899,6,0.531915,0.150805,0.760637,0.00968,0.714915,0.649123,1
0.893899,6,0.553191,0.150805,0.735347,0.009724,0.731227,0.620614,1
0.893899,6,0.574468,0.1445,0.713181,0.009304,0.734335,0.632456,1
0.893899,6,0.595745,0.102468,0.685957,0.006577,0.702227,0.630702,1
0.893899,6,0.617021,0.088447,0.655906,0.005721,0.694459,0.594737,0
0.893899,6,0.638298,0.082443,0.6446,0.005332,0.674003,0.60307,0
0.893899,6,0.659574,0.076858,0.645641,0.004958,0.666494,0.633772,0
0.893899,6,0.680851,0.072805,0.676436,0.004751,0.644226,0.636842,0
0.893899,6,0.702128,0.088777,0.732223,0.005812,0.665458,0.595614,0
0.893899,6,0.723404,0.085955,0.8072,0.005648,0.704298,0.553947,0
0.893899,6,0.744681,0.095052,0.870425,0.006327,0.765148,0.492982,0
0.893899,6,0.765957,0.09214,0.867301,0.006192,0.758933,0.436842,0
0.893899,6,0.787234,0.086406,0.843945,0.005823,0.725531,0.464035,0
0.893899,6,0.808511,0.074997,0.805415,0.005029,0.679441,0.467982,0
0.893899,6,0.829787,0.075147,0.773728,0.004992,0.644226,0.515351,0
0.893899,6,0.851064,0.074457,0.749331,0.004929,0.619627,0.541228,0
0.893899,6,0.87234,0.064219,0.721363,0.004248,0.595805,0.56886,0
0.893899,6,0.893617,0.053381,0.677477,0.003533,0.562921,0.568421,0
0.893899,6,0.914894,0.042752,0.631657,0.002871,0.524858,0.614912,0
0.893899,6,0.93617,0.050018,0.6626,0.003317,0.502848,0.677193,0
0.893899,6,0.957447,0.050859,0.662452,0.003351,0.489643,0.629825,0
0.893899,6,0.978723,0.061427,0.642666,0.004028,0.551528,0.589035,0
0.893899,6,1.0,0.06563,0.625409,0.004314,0.539099,0.627632,0
0.893943,7,0.0,0.073856,0.595061,0.00478,0.523045,0.664035,0
0.893943,7,0.021277,0.068932,0.585391,0.003635,0.5,0.660965,0
0.893943,7,0.042553,0.068902,0.541803,0.004236,0.544795,0.578509,0
0.893943,7,0.06383,0.067071,0.489884,0.003752,0.522786,0.615789,0
0.893943,7,0.085106,0.054612,0.429337,0.003396,0.48291,0.615789,0
0.893943,7,0.106383,0.05212,0.371467,0.00329,0.445883,0.725439,0
0.893943,7,0.12766,0.048697,0.31925,0.003018,0.423615,0.772368,0
0.893943,7,0.148936,0.044974,0.276555,0.002005,0.396168,0.772368,0
0.893943,7,0.170213,0.031044,0.252603,0.001614,0.365614,0.772368,0
0.893943,7,0.191489,0.029873,0.240256,0.001504,0.337131,0.794298,0
0.893943,7,0.212766,0.036418,0.244421,0.00157,0.314604,0.794298,0
0.893943,7,0.234043,0.032725,0.260488,0.001668,0.314863,0.794298,0
0.893943,7,0.255319,0.044824,0.296489,0.001629,0.319782,0.794298,0
0.893943,7,0.276596,0.042422,0.340226,0.001872,0.337649,0.794298,0
0.893943,7,0.297872,0.044434,0.400625,0.001764,0.324443,0.816228,0
0.893943,7,0.319149,0.053621,0.492711,0.002113,0.360435,0.836404,0
0.893943,7,0.340426,0.067221,0.586284,0.003876,0.417918,0.88114,0
0.893943,7,0.361702,0.083674,0.654716,0.005316,0.465562,0.865789,0
0.893943,7,0.382979,0.086766,0.69399,0.005511,0.506732,0.828509,1
0.893943,7,0.404255,0.086436,0.687593,0.005509,0.524858,0.807456,1
0.893943,7,0.425532,0.085565,0.663195,0.005449,0.517349,0.807456,1
0.893943,7,0.446809,0.075718,0.621244,0.004798,0.519161,0.832456,0
0.893943,7,0.468085,0.06566,0.576465,0.004144,0.502848,0.804825,0
0.893943,7,0.489362,0.056323,0.542844,0.003523,0.499482,0.789474,0
0.893943,7,0.510638,0.05272,0.508033,0.003029,0.469964,0.816228,0
0.893943,7,0.531915,0.05239,0.48319,0.002975,0.462455,0.816228,0
0.893943,7,0.553191,0.05239,0.452246,0.003058,0.464267,0.814474,0
0.893943,7,0.574468,0.049688,0.427551,0.00295,0.46349,0.816228,0
0.893943,7,0.595745,0.041462,0.41089,0.002497,0.447954,0.815789,0
0.893943,7,0.617021,0.037709,0.398542,0.002052,0.428793,0.815351,0
0.893943,7,0.638298,0.042452,0.396608,0.002703,0.42465,0.802193,0
0.893943,7,0.659574,0.036117,0.408063,0.002092,0.431901,0.816228,0
0.893943,7,0.680851,0.037378,0.44332,0.001874,0.433454,0.816228,0
0.893943,7,0.702128,0.046415,0.521422,0.002983,0.461678,0.753509,0
0.893943,7,0.723404,0.057404,0.62526,0.003685,0.51942,0.827632,0
0.893943,7,0.744681,0.087156,0.735495,0.005636,0.595287,0.691228,1
0.893943,7,0.765957,0.097904,0.759744,0.006423,0.607198,0.629386,1
0.893943,7,0.787234,0.09259,0.740256,0.006084,0.578975,0.676754,1
0.893943,7,0.808511,0.079621,0.702321,0.00517,0.544278,0.769737,1
0.893943,7,0.829787,0.086826,0.666171,0.003635,0.50492,0.698246,1
0.893943,7,0.851064,0.088597,0.641178,0.003635,0.483169,0.691228,1
0.893943,7,0.87234,0.090639,0.622583,0.00483,0.462973,0.691228,1
0.893943,7,0.893617,0.088597,0.588367,0.003635,0.439151,0.691228,1
0.893943,7,0.914894,0.071484,0.542101,0.003635,0.418954,0.712719,1
0.893943,7,0.93617,0.056053,0.545968,0.003635,0.410927,0.700877,0
0.893943,7,0.957447,0.060466,0.555638,0.003635,0.400311,0.699561,0
0.893943,7,0.978723,0.068542,0.549539,0.003716,0.465821,0.661842,1
0.893943,7,1.0,0.054311,0.514133,0.00274,0.467633,0.634211,0
0.893987,1,0.0,0.05257,0.464445,0.003157,0.457017,0.681579,0
0.893987,1,0.021277,0.048577,0.423683,0.002867,0.438892,0.662719,0
0.893987,1,0.042553,0.048277,0.384261,0.003141,0.490161,0.617105,0
0.893987,1,0.06383,0.047976,0.33978,0.002925,0.481357,0.662719,0
0.893987,1,0.085106,0.051759,0.304225,0.003157,0.438115,0.684649,0
0.893987,1,0.106383,0.045485,0.257959,0.002343,0.399534,0.750439,0
0.893987,1,0.12766,0.043323,0.231776,0.001957,0.376748,0.750439,0
0.893987,1,0.148936,0.033355,0.207528,0.001762,0.349042,0.737719,0
0.893987,1,0.170213,0.043203,0.187147,0.002056,0.285603,0.758333,0
0.893987,1,0.191489,0.02684,0.186403,0.001712,0.295184,0.775439,0
0.893987,1,0.212766,0.031734,0.1928,0.001757,0.287675,0.831579,0
0.893987,1,0.234043,0.042752,0.209313,0.001583,0.271362,0.835088,0
0.893987,1,0.255319,0.024409,0.227611,0.001454,0.250647,0.853509,0
0.893987,1,0.276596,0.029602,0.259,0.001475,0.247022,0.853509,0
0.893987,1,0.297872,0.043413,0.293811,0.00146,0.227602,0.838158,0
0.893987,1,0.319149,0.05239,0.36864,0.001454,0.234076,0.853509,0
0.893987,1,0.340426,0.054371,0.4518,0.001944,0.265924,0.853509,0
0.893987,1,0.361702,0.059715,0.522017,0.002017,0.300363,0.838158,1
0.893987,1,0.382979,0.065059,0.582862,0.003864,0.330399,0.865351,1
0.893987,1,0.404255,0.063018,0.587028,0.003105,0.343086,0.838158,1
0.893987,1,0.425532,0.059715,0.576019,0.003741,0.356551,0.833333,1
0.893987,1,0.446809,0.058665,0.549836,0.002327,0.357328,0.838158,1
0.893987,1,0.468085,0.056083,0.511901,0.00257,0.355256,0.838158,1
0.893987,1,0.489362,0.05245,0.483785,0.002329,0.342569,0.838158,0
0.893987,1,0.510638,0.047166,0.456561,0.002337,0.337649,0.838158,0
0.893987,1,0.531915,0.049568,0.429932,0.002027,0.328068,0.838158,0
0.893987,1,0.553191,0.047646,0.407914,0.00231,0.346194,0.838158,0
0.893987,1,0.574468,0.043893,0.386195,0.002025,0.333247,0.838158,0
0.893987,1,0.595745,0.041702,0.36626,0.002113,0.333506,0.838158,0
0.893987,1,0.617021,0.036057,0.355846,0.001762,0.326515,0.837281,0
0.893987,1,0.638298,0.035517,0.357632,0.001776,0.331176,0.838158,0
0.893987,1,0.659574,0.035637,0.367301,0.002054,0.336613,0.838158,0
0.893987,1,0.680851,0.031794,0.40003,0.001878,0.339979,0.838158,0
0.893987,1,0.702128,0.037649,0.472776,0.002381,0.389436,0.833333,0
0.893987,1,0.723404,0.064639,0.582416,0.003843,0.467892,0.785526,1
0.893987,1,0.744681,0.089948,0.69399,0.005837,0.554117,0.665351,1
0.893987,1,0.765957,0.092951,0.728057,0.006111,0.574314,0.633333,1
0.893987,1,0.787234,0.090369,0.723594,0.00592,0.561885,0.661404,1
0.893987,1,0.808511,0.086586,0.70604,0.005625,0.532108,0.731579,1
0.893987,1,0.829787,0.07929,0.685213,0.005141,0.518902,0.761842,1
0.893987,1,0.851064,0.085655,0.663493,0.005372,0.501295,0.778947,1
0.893987,1,0.87234,0.082202,0.64698,0.00447,0.482134,0.778947,1
0.893987,1,0.893617,0.0789,0.60845,0.004144,0.458571,0.791228,1
0.893987,1,0.914894,0.063438,0.557721,0.00313,0.429829,0.765789,1
0.893987,1,0.93617,0.076198,0.567986,0.003756,0.399793,0.817544,1
0.893987,1,0.957447,0.071995,0.539869,0.003554,0.384516,0.765789,1
0.893987,1,0.978723,0.068632,0.505356,0.003924,0.438115,0.74386,1
0.893987,1,1.0,0.057404,0.465338,0.003324,0.426204,0.787719,1
0.894031,2,0.0,0.05281,0.43856,0.003378,0.423356,0.727193,0
0.894031,2,0.021277,0.056413,0.40717,0.003612,0.41274,0.772807,1
0.894031,2,0.042553,0.058514,0.38188,0.003795,0.473848,0.687719,1
0.894031,2,0.06383,0.059385,0.343648,0.003872,0.467633,0.66886,1
0.894031,2,0.085106,0.056953,0.310622,0.003702,0.441481,0.717544,1
0.894031,2,0.106383,0.051789,0.276555,0.003319,0.412222,0.775439,0
0.894031,2,0.12766,0.049958,0.249926,0.00241,0.386587,0.772368,0
0.894031,2,0.148936,0.05239,0.240107,0.002229,0.374676,0.772368,0
0.894031,2,0.170213,0.037378,0.229991,0.002381,0.354221,0.786842,0
0.894031,2,0.191489,0.040351,0.249479,0.002304,0.358105,0.794298,0
0.894031,2,0.212766,0.046535,0.299464,0.002742,0.355515,0.805702,0
0.894031,2,0.234043,0.046866,0.351384,0.002991,0.392025,0.742544,0
0.894031,2,0.255319,0.06635,0.458048,0.004277,0.454169,0.646053,1
0.894031,2,0.276596,0.064039,0.548497,0.004348,0.525893,0.644737,1
0.894031,2,0.297872,0.048907,0.584201,0.003238,0.576385,0.577632,0
0.894031,2,0.319149,0.070043,0.664386,0.004815,0.668307,0.478947,1
0.894031,2,0.340426,0.086586,0.712734,0.005781,0.721129,0.450877,1
0.894031,2,0.361702,0.110034,0.745314,0.007364,0.737701,0.467544,1
0.894031,2,0.382979,0.137474,0.774472,0.009958,0.753237,0.473684,1
0.894031,2,0.404255,0.115948,0.760042,0.007756,0.74521,0.510965,1
0.894031,2,0.425532,0.07935,0.739512,0.005415,0.732004,0.483772,1
0.894031,2,0.446809,0.081182,0.70961,0.005368,0.728379,0.499123,1
0.894031,2,0.468085,0.076918,0.687891,0.005087,0.722424,0.491228,1
0.894031,2,0.489362,0.076108,0.683428,0.005035,0.707405,0.534649,1
0.894031,2,0.510638,0.077009,0.670187,0.005073,0.698343,0.560526,1
0.894031,2,0.531915,0.074967,0.651592,0.004913,0.688503,0.541667,1
0.894031,2,0.553191,0.075898,0.641625,0.005012,0.711807,0.475439,1
0.894031,2,0.574468,0.075207,0.625409,0.004996,0.714915,0.501316,1
0.894031,2,0.595745,0.075688,0.62169,0.005029,0.709995,0.497368,1
0.894031,2,0.617021,0.076558,0.623029,0.005091,0.710513,0.473246,1
0.894031,2,0.638298,0.077279,0.638054,0.005133,0.702486,0.499123,1
0.894031,2,0.659574,0.088237,0.665873,0.005845,0.710772,0.557456,1
0.894031,2,0.680851,0.084244,0.691758,0.005561,0.7087,0.560088,1
0.894031,2,0.702128,0.09226,0.747397,0.00612,0.736147,0.523246,1
0.894031,2,0.723404,0.115438,0.827432,0.007661,0.784827,0.516667,1
0.894031,2,0.744681,0.147262,0.904641,0.009782,0.838944,0.462719,1
0.894031,2,0.765957,0.145851,0.904641,0.009751,0.8203,0.428947,1
0.894031,2,0.787234,0.119281,0.8795,0.007931,0.772139,0.526754,1
0.894031,2,0.808511,0.088627,0.831747,0.005947,0.714397,0.504825,1
0.894031,2,0.829787,0.084514,0.792919,0.005544,0.676075,0.502632,1
0.894031,2,0.851064,0.07878,0.774323,0.005243,0.637494,0.516667,1
0.894031,2,0.87234,0.074847,0.747099,0.004981,0.613672,0.55,0
0.894031,2,0.893617,0.072355,0.692502,0.004805,0.574573,0.535965,0
0.894031,2,0.914894,0.0526,0.63017,0.003542,0.539099,0.532456,0
0.894031,2,0.93617,0.06581,0.636566,0.004437,0.495598,0.607456,0
0.894031,2,0.957447,0.059265,0.628236,0.003999,0.460642,0.598246,0
0.894031,2,0.978723,0.090789,0.626153,0.006157,0.534179,0.564474,1
0.894031,2,1.0,0.09214,0.605475,0.006172,0.511911,0.588158,1
0.894075,3,0.0,0.073226,0.587325,0.004892,0.497152,0.61886,0
0.894075,3,0.021277,0.063168,0.568581,0.004157,0.475142,0.632895,0
0.894075,3,0.042553,0.07881,0.53853,0.005746,0.545054,0.515351,1
0.894075,3,0.06383,0.084754,0.491669,0.005656,0.530295,0.545175,1
0.894075,3,0.085106,0.076258,0.432907,0.004965,0.503625,0.55307,0
0.894075,3,0.106383,0.063618,0.386343,0.004173,0.465821,0.685526,0
0.894075,3,0.12766,0.058424,0.333234,0.003803,0.447178,0.685088,0
0.894075,3,0.148936,0.048037,0.299018,0.003037,0.41999,0.692982,0
0.894075,3,0.170213,0.058815,0.27834,0.003801,0.406007,0.695614,0
0.894075,3,0.191489,0.046385,0.277001,0.002997,0.389436,0.719298,0
0.894075,3,0.212766,0.047736,0.303332,0.003087,0.397204,0.726754,0
0.894075,3,0.234043,0.049448,0.344689,0.003226,0.427499,0.670175,0
0.894075,3,0.255319,0.051489,0.448081,0.003484,0.498964,0.60614,0
0.894075,3,0.276596,0.059896,0.545373,0.00399,0.576385,0.502193,0
0.894075,3,0.297872,0.051039,0.584647,0.003604,0.633351,0.482018,0
0.894075,3,0.319149,0.074397,0.675692,0.005037,0.719316,0.361404,0
0.894075,3,0.340426,0.084214,0.727165,0.005787,0.756085,0.35307,1
0.894075,3,0.361702,0.126516,0.758703,0.009154,0.774469,0.301754,1
0.894075,3,0.382979,0.106641,0.779084,0.010598,0.796479,0.374123,1
0.894075,3,0.404255,0.101957,0.763314,0.007115,0.769808,0.339474,1
0.894075,3,0.425532,0.089678,0.728652,0.006007,0.754013,0.349123,1
0.894075,3,0.446809,0.086165,0.703213,0.005974,0.737701,0.344298,1
0.894075,3,0.468085,0.0786,0.676882,0.00533,0.714915,0.374123,0
0.894075,3,0.489362,0.076558,0.654121,0.005222,0.698084,0.335088,0
0.894075,3,0.510638,0.073826,0.639988,0.005004,0.676075,0.427632,0
0.894075,3,0.531915,0.072655,0.623773,0.004954,0.670378,0.39386,0
0.894075,3,0.553191,0.073166,0.616483,0.004998,0.691093,0.357895,0
0.894075,3,0.574468,0.070764,0.602202,0.004832,0.68203,0.390351,0
0.894075,3,0.595745,0.070103,0.597292,0.004722,0.66028,0.415789,0
0.894075,3,0.617021,0.062477,0.590301,0.004242,0.650958,0.420175,0
0.894075,3,0.638298,0.070283,0.59402,0.00483,0.641895,0.439474,0
0.894075,3,0.659574,0.068542,0.614698,0.004553,0.63594,0.485088,0
0.894075,3,0.680851,0.073586,0.647873,0.00494,0.628949,0.533333,0
0.894075,3,0.702128,0.076168,0.701726,0.005118,0.656396,0.510526,0
0.894075,3,0.723404,0.093251,0.794555,0.006311,0.723718,0.419298,1
0.894075,3,0.744681,0.207127,0.88917,0.014225,0.82289,0.326754,1
0.894075,3,0.765957,0.173772,0.901071,0.011998,0.832729,0.317544,1
0.894075,3,0.787234,0.11781,0.879798,0.008074,0.791559,0.375,1
0.894075,3,0.808511,0.095262,0.835019,0.006498,0.747022,0.399123,1
0.894075,3,0.829787,0.080942,0.805713,0.005492,0.703263,0.410088,1
0.894075,3,0.851064,0.085445,0.789051,0.005793,0.676592,0.444298,1
0.894075,3,0.87234,0.086226,0.763463,0.005798,0.653547,0.437281,1
0.894075,3,0.893617,0.077669,0.718685,0.005197,0.616002,0.503509,0
0.894075,3,0.914894,0.064399,0.658584,0.004304,0.579492,0.517105,0
0.894075,3,0.93617,0.073976,0.671378,0.004965,0.533143,0.614035,0
0.894075,3,0.957447,0.057674,0.652782,0.003843,0.500259,0.578509,0
0.894075,3,0.978723,0.083764,0.638947,0.005631,0.551528,0.572368,1
0.894075,3,1.0,0.111565,0.627641,0.007513,0.542724,0.633333,1
0.89412,4,0.0,0.176474,0.613657,0.011793,0.520715,0.635526,1
0.89412,4,0.021277,0.124445,0.593425,0.00828,0.505697,0.650439,1
0.89412,4,0.042553,0.141798,0.564862,0.009468,0.56551,0.620175,1
0.89412,4,0.06383,0.099225,0.51205,0.006612,0.554635,0.635526,1
0.89412,4,0.085106,0.095142,0.457899,0.006284,0.523563,0.67193,1
0.89412,4,0.106383,0.071905,0.398393,0.004693,0.494045,0.72193,0
0.89412,4,0.12766,0.063168,0.347962,0.004071,0.46608,0.752632,0
0.89412,4,0.148936,0.050588,0.314639,0.003247,0.439669,0.771053,0
0.89412,4,0.170213,0.057163,0.286819,0.003656,0.423874,0.807456,0
0.89412,4,0.191489,0.0529,0.281018,0.003384,0.41274,0.779825,0
0.89412,4,0.212766,0.05266,0.306903,0.003392,0.420249,0.754825,0
0.89412,4,0.234043,0.057944,0.357929,0.003749,0.443811,0.710965,0
0.89412,4,0.255319,0.054131,0.455668,0.003535,0.513465,0.627632,0
0.89412,4,0.276596,0.072805,0.547605,0.004844,0.604609,0.446491,0
0.89412,4,0.297872,0.056683,0.583606,0.003868,0.653806,0.398684,0
0.89412,4,0.319149,0.076108,0.682237,0.005239,0.744951,0.30307,0
0.89412,4,0.340426,0.083614,0.725826,0.005762,0.779907,0.292105,0
0.89412,4,0.361702,0.090819,0.747099,0.006219,0.79855,0.258333,1
0.89412,4,0.382979,0.103879,0.781166,0.007131,0.806059,0.282456,1
0.89412,4,0.404255,0.099466,0.777001,0.006824,0.792077,0.291667,1
0.89412,4,0.425532,0.090159,0.742785,0.006115,0.769291,0.314035,1
0.89412,4,0.446809,0.083133,0.707676,0.005654,0.746763,0.359649,0
0.89412,4,0.468085,0.075688,0.679262,0.005133,0.719575,0.37807,0
0.89412,4,0.489362,0.073076,0.658881,0.004933,0.682548,0.44693,0
0.89412,4,0.510638,0.073166,0.641922,0.00494,0.684619,0.426754,0
0.89412,4,0.531915,0.072655,0.616037,0.004931,0.676334,0.364912,0
0.89412,4,0.553191,0.06575,0.600565,0.004493,0.700155,0.364912,0
0.89412,4,0.574468,0.061187,0.587325,0.004179,0.694459,0.384211,0
0.89412,4,0.595745,0.047226,0.574531,0.003214,0.681771,0.419737,0
0.89412,4,0.617021,0.041462,0.561291,0.002804,0.664164,0.460965,0
0.89412,4,0.638298,0.03888,0.559952,0.00259,0.654583,0.564912,0
0.89412,4,0.659574,0.042632,0.569771,0.002813,0.664682,0.514474,0
0.89412,4,0.680851,0.056863,0.587176,0.003814,0.67478,0.444737,0
0.89412,4,0.702128,0.070524,0.648319,0.004796,0.710254,0.362719,0
0.89412,4,0.723404,0.077009,0.74576,0.005299,0.76204,0.368421,0
0.89412,4,0.744681,0.088357,0.850342,0.006097,0.823666,0.353509,1
0.89412,4,0.765957,0.090309,0.86269,0.006151,0.809166,0.369298,1
0.89412,4,0.787234,0.087036,0.849896,0.005881,0.765407,0.428947,1
0.89412,4,0.808511,0.076498,0.822821,0.005162,0.722424,0.458772,0
0.89412,4,0.829787,0.075477,0.796043,0.005091,0.693682,0.479386,0
0.89412,4,0.851064,0.074096,0.777447,0.004994,0.65769,0.510965,0
0.89412,4,0.87234,0.069653,0.747843,0.004672,0.626618,0.521491,0
0.89412,4,0.893617,0.064069,0.703362,0.00429,0.595287,0.546053,0
0.89412,4,0.914894,0.048517,0.645492,0.003236,0.560849,0.54386,0
0.89412,4,0.93617,0.061667,0.660369,0.003976,0.52175,0.633333,0
0.89412,4,0.957447,0.047946,0.644154,0.002833,0.491714,0.610965,0
0.89412,4,0.978723,0.068392,0.629872,0.004373,0.542724,0.625877,0
0.89412,4,1.0,0.072835,0.614252,0.004732,0.534697,0.639912,0
0.894164,5,0.0,0.075087,0.605326,0.004676,0.518902,0.679825,1
0.894164,5,0.021277,0.070464,0.590301,0.003521,0.495598,0.697368,0
0.894164,5,0.042553,0.09157,0.559357,0.006076,0.563956,0.651316,1
0.894164,5,0.06383,0.070854,0.510562,0.004674,0.545831,0.643421,1
0.894164,5,0.085106,0.069563,0.45061,0.004589,0.519938,0.619737,0
0.894164,5,0.106383,0.062748,0.39884,0.004111,0.483169,0.704825,0
0.894164,5,0.12766,0.05293,0.344094,0.003421,0.455205,0.767982,0
0.894164,5,0.148936,0.045214,0.312109,0.002894,0.436561,0.795614,0
0.894164,5,0.170213,0.059715,0.288902,0.00286,0.41999,0.789912,0
0.894164,5,0.191489,0.059715,0.289348,0.002725,0.409632,0.789912,0
0.894164,5,0.212766,0.059265,0.314639,0.003508,0.415847,0.787281,0
0.894164,5,0.234043,0.059986,0.361648,0.002769,0.427499,0.721053,0
0.894164,5,0.255319,0.051729,0.455668,0.003382,0.486018,0.579386,0
0.894164,5,0.276596,0.060436,0.552663,0.003978,0.587002,0.535526,0
0.894164,5,0.297872,0.05272,0.59521,0.003548,0.628172,0.46886,0
0.894164,5,0.319149,0.073676,0.682386,0.004979,0.716209,0.442544,1
0.894164,5,0.340426,0.083824,0.728206,0.005667,0.746504,0.44693,1
0.894164,5,0.361702,0.083463,0.73609,0.005625,0.749353,0.407895,1
0.894164,5,0.382979,0.089798,0.770158,0.006047,0.7768,0.417544,1
0.894164,5,0.404255,0.084244,0.764802,0.005665,0.748576,0.446053,1
0.894164,5,0.425532,0.077699,0.72895,0.005199,0.729933,0.476754,1
0.894164,5,0.446809,0.074036,0.688188,0.004983,0.71595,0.435088,1
0.894164,5,0.468085,0.072535,0.658137,0.004902,0.704039,0.434649,1
0.894164,5,0.489362,0.072355,0.63374,0.004882,0.696271,0.45307,1
0.894164,5,0.510638,0.067371,0.617376,0.004528,0.669601,0.468421,1
0.894164,5,0.531915,0.059205,0.593573,0.003984,0.665199,0.440351,0
0.894164,5,0.553191,0.056263,0.578994,0.003808,0.687468,0.395175,0
0.894164,5,0.574468,0.060196,0.564267,0.004057,0.681253,0.4,0
0.894164,5,0.595745,0.059715,0.539423,0.004049,0.66986,0.417982,0
0.894164,5,0.617021,0.059715,0.537786,0.004044,0.646556,0.442105,0
0.894164,5,0.638298,0.055993,0.531092,0.003793,0.629726,0.440351,0
0.894164,5,0.659574,0.05302,0.539125,0.003589,0.620145,0.48114,0
0.894164,5,0.680851,0.054011,0.570961,0.003668,0.621699,0.497368,0
0.894164,5,0.702128,0.063198,0.638054,0.004269,0.643449,0.50614,0
0.894164,5,0.723404,0.066531,0.728206,0.004533,0.700155,0.471053,0
0.894164,5,0.744681,0.087336,0.831003,0.005953,0.797514,0.337281,1
0.894164,5,0.765957,0.089798,0.858971,0.006082,0.808389,0.344737,1
0.894164,5,0.787234,0.086796,0.848855,0.005881,0.775246,0.40307,1
0.894164,5,0.808511,0.079891,0.81925,0.005405,0.730709,0.429825,1
0.894164,5,0.829787,0.075958,0.795448,0.005135,0.704557,0.47193,1
0.894164,5,0.851064,0.075748,0.780422,0.005079,0.675039,0.531579,1
0.894164,5,0.87234,0.074517,0.756323,0.004958,0.64811,0.599123,1
0.894164,5,0.893617,0.064249,0.709015,0.004269,0.611341,0.550439,0
0.894164,5,0.914894,0.043773,0.653526,0.002916,0.571466,0.560088,0
0.894164,5,0.93617,0.067041,0.67465,0.004346,0.542983,0.655263,0
0.894164,5,0.957447,0.048157,0.666468,0.003184,0.503884,0.60307,0
0.894164,5,0.978723,0.073766,0.648319,0.004896,0.572501,0.614474,1
0.894164,5,1.0,0.064249,0.6385,0.004231,0.546608,0.629825,0
0.894208,6,0.0,0.060556,0.613805,0.00398,0.534956,0.631579,0
0.894208,6,0.021277,0.054521,0.59402,0.00356,0.502848,0.635526,0
0.894208,6,0.042553,0.066621,0.557572,0.00426,0.576126,0.54693,0
0.894208,6,0.06383,0.050438,0.509075,0.003319,0.556706,0.551754,0
0.894208,6,0.085106,0.048937,0.451949,0.003197,0.522268,0.604386,0
0.894208,6,0.106383,0.048247,0.400476,0.003124,0.489125,0.645614,0
0.894208,6,0.12766,0.03921,0.341863,0.002522,0.452874,0.662281,0
0.894208,6,0.148936,0.034076,0.309878,0.002192,0.427758,0.616667,0
0.894208,6,0.170213,0.046325,0.294258,0.002964,0.411445,0.775439,0
0.894208,6,0.191489,0.051099,0.293068,0.00327,0.406784,0.765789,0
0.894208,6,0.212766,0.047586,0.32163,0.003056,0.409891,0.733772,0
0.894208,6,0.234043,0.05314,0.37474,0.003436,0.437597,0.704386,0
0.894208,6,0.255319,0.058845,0.470693,0.00387,0.503366,0.611404,0
0.894208,6,0.276596,0.069052,0.569325,0.004603,0.591144,0.538596,1
0.894208,6,0.297872,0.058094,0.605921,0.003895,0.644485,0.478509,0
0.894208,6,0.319149,0.076348,0.69875,0.005147,0.730709,0.419298,1
0.894208,6,0.340426,0.079621,0.748289,0.005384,0.772398,0.418421,1
0.894208,6,0.361702,0.084094,0.764058,0.005688,0.7913,0.430263,1
0.894208,6,0.382979,0.100306,0.803927,0.006807,0.799845,0.414474,1
0.894208,6,0.404255,0.100877,0.795894,0.006849,0.786639,0.398246,1
0.894208,6,0.425532,0.079681,0.761678,0.005378,0.781978,0.422368,1
0.894208,6,0.446809,0.07887,0.720768,0.005341,0.76696,0.411404,1
0.894208,6,0.468085,0.075177,0.681791,0.005102,0.755308,0.439912,1
0.894208,6,0.489362,0.073706,0.658881,0.005021,0.745987,0.445175,1
0.894208,6,0.510638,0.071965,0.626153,0.004879,0.722683,0.366228,1
0.894208,6,0.531915,0.072025,0.609938,0.004909,0.694718,0.347368,1
0.894208,6,0.553191,0.072475,0.592681,0.004977,0.723718,0.308333,1
0.894208,6,0.574468,0.064159,0.575126,0.004414,0.709995,0.301754,0
0.894208,6,0.595745,0.054221,0.557126,0.003579,0.698602,0.304386,0
0.894208,6,0.617021,0.043503,0.549093,0.002985,0.678405,0.357895,0
0.894208,6,0.638298,0.059715,0.548497,0.004073,0.661315,0.379825,0
0.894208,6,0.659574,0.059715,0.560994,0.004071,0.642413,0.406579,0
0.894208,6,0.680851,0.060196,0.593127,0.004086,0.631538,0.432018,0
0.894208,6,0.702128,0.071274,0.665427,0.004767,0.661056,0.432456,1
0.894208,6,0.723404,0.074036,0.746206,0.00505,0.704039,0.376316,1
0.894208,6,0.744681,0.083403,0.817168,0.00571,0.770585,0.355702,1
0.894208,6,0.765957,0.089738,0.819697,0.006165,0.768514,0.319737,1
0.894208,6,0.787234,0.078209,0.790687,0.005368,0.729415,0.386842,1
0.894208,6,0.808511,0.072985,0.755727,0.004998,0.685655,0.415789,1
0.894208,6,0.829787,0.060406,0.717644,0.004119,0.644744,0.380702,0
0.894208,6,0.851064,0.060226,0.689229,0.004092,0.61652,0.443421,0
0.894208,6,0.87234,0.061277,0.674502,0.004146,0.590368,0.466667,0
0.894208,6,0.893617,0.058274,0.63136,0.003941,0.559555,0.435088,0
0.894208,6,0.914894,0.049808,0.585838,0.003396,0.526152,0.470614,0
0.894208,6,0.93617,0.057284,0.624814,0.003887,0.507509,0.559649,0
0.894208,6,0.957447,0.058124,0.623326,0.003899,0.483687,0.524123,0
0.894208,6,0.978723,0.062778,0.614698,0.004236,0.55826,0.511404,0
0.894208,6,1.0,0.061757,0.594466,0.004167,0.550233,0.532895,0
0.894252,7,0.0,0.072055,0.56992,0.004238,0.516313,0.592105,1
0.894252,7,0.021277,0.075958,0.557423,0.004144,0.489384,0.614035,1
0.894252,7,0.042553,0.07923,0.520976,0.004778,0.544019,0.564474,1
0.894252,7,0.06383,0.06596,0.463404,0.004319,0.516572,0.632456,1
0.894252,7,0.085106,0.058484,0.4036,0.003812,0.483687,0.627193,0
0.894252,7,0.106383,0.055452,0.345135,0.003581,0.444588,0.67807,0
0.894252,7,0.12766,0.050679,0.291431,0.003245,0.416106,0.712281,0
0.894252,7,0.148936,0.034947,0.247992,0.002243,0.372605,0.683333,0
0.894252,7,0.170213,0.031404,0.223297,0.002034,0.354997,0.746053,0
0.894252,7,0.191489,0.0257,0.208569,0.001658,0.327033,0.728947,0
0.894252,7,0.212766,0.022847,0.206635,0.001483,0.311497,0.680702,0
0.894252,7,0.234043,0.024679,0.222404,0.001606,0.308389,0.728947,0
0.894252,7,0.255319,0.033776,0.247397,0.002183,0.32755,0.758333,0
0.894252,7,0.276596,0.03903,0.281613,0.002518,0.343604,0.753947,0
0.894252,7,0.297872,0.029933,0.334871,0.00193,0.328327,0.76886,0
0.894252,7,0.319149,0.043173,0.424576,0.002777,0.368721,0.716228,0
0.894252,7,0.340426,0.069293,0.511752,0.003018,0.42232,0.675439,1
0.894252,7,0.361702,0.070133,0.572151,0.004562,0.467115,0.719737,1
0.894252,7,0.382979,0.086165,0.637757,0.005162,0.495598,0.72193,1
0.894252,7,0.404255,0.087066,0.656055,0.004931,0.493527,0.737281,1
0.894252,7,0.425532,0.087066,0.650104,0.005002,0.477214,0.72193,1
0.894252,7,0.446809,0.088567,0.638352,0.004225,0.45391,0.649561,1
0.894252,7,0.468085,0.088567,0.627641,0.003837,0.441222,0.633333,1
0.894252,7,0.489362,0.087817,0.618715,0.003029,0.425168,0.633333,1
0.894252,7,0.510638,0.087066,0.604731,0.002125,0.403159,0.633333,1
0.894252,7,0.531915,0.088087,0.601012,0.002798,0.379337,0.633333,1
0.894252,7,0.553191,0.087817,0.588962,0.002239,0.371569,0.632895,1
0.894252,7,0.574468,0.087066,0.582416,0.002356,0.35914,0.648246,1
0.894252,7,0.595745,0.087066,0.564713,0.002316,0.348783,0.647807,1
0.894252,7,0.617021,0.087066,0.557275,0.002316,0.346194,0.647368,1
0.894252,7,0.638298,0.087066,0.557572,0.002015,0.33247,0.632018,1
0.894252,7,0.659574,0.088087,0.564415,0.002682,0.329622,0.633772,1
0.894252,7,0.680851,0.090639,0.591044,0.003407,0.328068,0.67193,1
0.894252,7,0.702128,0.092771,0.644451,0.005978,0.367426,0.758333,1
0.894252,7,0.723404,0.090939,0.686552,0.005083,0.450544,0.715789,1
0.894252,7,0.744681,0.102858,0.757215,0.006718,0.561626,0.614474,1
0.894252,7,0.765957,0.10499,0.754537,0.00688,0.594252,0.562719,1
0.894252,7,0.787234,0.09253,0.722999,0.006036,0.574573,0.565351,1
0.894252,7,0.808511,0.086466,0.679113,0.005634,0.54376,0.637719,1
0.894252,7,0.829787,0.083884,0.639839,0.00549,0.507509,0.65307,1
0.894252,7,0.851064,0.081092,0.608896,0.00532,0.493009,0.664474,1
0.894252,7,0.87234,0.076648,0.584945,0.00478,0.470741,0.695175,1
0.894252,7,0.893617,0.059355,0.559357,0.003199,0.451838,0.688158,0
0.894252,7,0.914894,0.037829,0.520232,0.002235,0.422579,0.632018,0
0.894252,7,0.93617,0.049358,0.529753,0.002659,0.410668,0.661842,0
0.894252,7,0.957447,0.049478,0.514728,0.002534,0.405748,0.666667,0
0.894252,7,0.978723,0.056503,0.497917,0.0037,0.477991,0.578947,0
0.894252,7,1.0,0.047226,0.470842,0.003101,0.47566,0.605702,0
0.894297,1,0.0,0.059325,0.433056,0.003889,0.457276,0.620175,0
0.894297,1,0.021277,0.045725,0.383219,0.002748,0.442517,0.601316,0
0.894297,1,0.042553,0.049177,0.347664,0.003203,0.494303,0.53114,0
0.894297,1,0.06383,0.049418,0.30363,0.002781,0.476437,0.509211,0
0.894297,1,0.085106,0.049838,0.267926,0.003157,0.425945,0.514474,0
0.894297,1,0.106383,0.044764,0.223445,0.002777,0.401864,0.627632,0
0.894297,1,0.12766,0.036568,0.192205,0.002393,0.38348,0.615789,0
0.894297,1,0.148936,0.030083,0.175097,0.001982,0.353703,0.57807,0
0.894297,1,0.170213,0.022727,0.157394,0.001521,0.327809,0.654386,0
0.894297,1,0.191489,0.021706,0.151443,0.001417,0.304764,0.664474,0
0.894297,1,0.212766,0.022367,0.159476,0.001454,0.287416,0.698246,0
0.894297,1,0.234043,0.022427,0.170634,0.001454,0.269032,0.728947,0
0.894297,1,0.255319,0.022487,0.19637,0.001454,0.261781,0.765789,0
0.894297,1,0.276596,0.02648,0.214817,0.001699,0.278353,0.79693,0
0.894297,1,0.297872,0.02624,0.246355,0.001531,0.226567,0.833772,0
0.894297,1,0.319149,0.030443,0.319548,0.001859,0.242103,0.88114,0
0.894297,1,0.340426,0.040351,0.394525,0.002547,0.286898,0.764474,0
0.894297,1,0.361702,0.067371,0.461619,0.002256,0.323408,0.719737,1
0.894297,1,0.382979,0.073256,0.530348,0.002009,0.344381,0.634211,1
0.894297,1,0.404255,0.075507,0.56025,0.002009,0.352926,0.634211,1
0.894297,1,0.425532,0.075297,0.564862,0.002619,0.356033,0.67807,1
0.894297,1,0.446809,0.071574,0.54582,0.002175,0.348006,0.67807,1
0.894297,1,0.468085,0.065029,0.530348,0.004059,0.334542,0.674123,1
0.894297,1,0.489362,0.063618,0.512794,0.003934,0.324443,0.739474,1
0.894297,1,0.510638,0.064729,0.484826,0.003891,0.32289,0.673246,1
0.894297,1,0.531915,0.060406,0.453734,0.00372,0.309684,0.673684,0
0.894297,1,0.553191,0.057133,0.42532,0.003635,0.318488,0.647368,0
0.894297,1,0.574468,0.05296,0.397798,0.002281,0.302952,0.684649,0
0.894297,1,0.595745,0.047376,0.383666,0.002027,0.296479,0.684649,0
0.894297,1,0.617021,0.048457,0.373698,0.001951,0.288193,0.684649,0
0.894297,1,0.638298,0.047136,0.376227,0.002015,0.295184,0.684649,0
0.894297,1,0.659574,0.046866,0.384707,0.002015,0.294666,0.684649,0
0.894297,1,0.680851,0.05281,0.408956,0.001516,0.288969,0.609649,0
0.894297,1,0.702128,0.056353,0.458346,0.003405,0.318229,0.602193,1
0.894297,1,0.723404,0.063438,0.54091,0.004165,0.395391,0.615351,1
0.894297,1,0.744681,0.0792,0.642071,0.005181,0.516572,0.594298,1
0.894297,1,0.765957,0.080401,0.678667,0.005363,0.563439,0.607018,1
0.894297,1,0.787234,0.07911,0.674353,0.005131,0.555412,0.632456,1
0.894297,1,0.808511,0.072415,0.654865,0.004784,0.541429,0.642105,1
0.894297,1,0.829787,0.068452,0.627194,0.004516,0.529001,0.606579,1
0.894297,1,0.851064,0.061457,0.606813,0.003847,0.502071,0.628509,1
0.894297,1,0.87234,0.060886,0.584945,0.003779,0.489125,0.650439,1
0.894297,1,0.893617,0.06581,0.552217,0.003932,0.457794,0.672368,1
0.894297,1,0.914894,0.057374,0.506843,0.003376,0.424909,0.640789,1
0.894297,1,0.93617,0.06557,0.517108,0.003974,0.387882,0.685526,1
0.894297,1,0.957447,0.059265,0.497025,0.003639,0.385293,0.662719,1
0.894297,1,0.978723,0.057284,0.470842,0.003639,0.435008,0.636404,1
0.894297,1,1.0,0.049448,0.440345,0.00323,0.428793,0.638158,0
0.894341,2,0.0,0.043023,0.411187,0.002827,0.405489,0.632456,0
0.894341,2,0.021277,0.042002,0.378012,0.002748,0.398757,0.642982,0
0.894341,2,0.042553,0.05206,0.355995,0.003292,0.460383,0.573684,0
0.894341,2,0.06383,0.054371,0.317168,0.003411,0.449767,0.603947,1
0.894341,2,0.085106,0.048817,0.28072,0.003143,0.437338,0.635088,0
0.894341,2,0.106383,0.043773,0.255727,0.002842,0.402382,0.652193,0
0.894341,2,0.12766,0.038069,0.227313,0.002489,0.37623,0.655702,0
0.894341,2,0.148936,0.031974,0.210652,0.002077,0.34956,0.732895,0
0.894341,2,0.170213,0.031794,0.19994,0.002007,0.332988,0.723246,0
0.894341,2,0.191489,0.04002,0.20604,0.00243,0.333765,0.772368,0
0.894341,2,0.212766,0.041101,0.244421,0.002356,0.335836,0.733772,0
0.894341,2,0.234043,0.035727,0.29039,0.002318,0.360694,0.723246,0
0.894341,2,0.255319,0.05308,0.396757,0.003494,0.43216,0.572807,0
0.894341,2,0.276596,0.061487,0.501636,0.004163,0.520197,0.495614,1
0.894341,2,0.297872,0.046145,0.543886,0.003415,0.590627,0.432018,0
0.894341,2,0.319149,0.071274,0.633294,0.004931,0.674521,0.377193,1
0.894341,2,0.340426,0.075597,0.683874,0.00516,0.729156,0.372368,1
0.894341,2,0.361702,0.077849,0.701726,0.005318,0.743656,0.340351,1
0.894341,2,0.382979,0.093521,0.755727,0.006219,0.751683,0.390789,1
0.894341,2,0.404255,0.098835,0.768075,0.006776,0.746504,0.370175,1
0.894341,2,0.425532,0.096313,0.759,0.006452,0.74521,0.391667,1
0.894341,2,0.446809,0.086376,0.74219,0.005839,0.740808,0.409211,1
0.894341,2,0.468085,0.095623,0.742339,0.006448,0.734335,0.430702,1
0.894341,2,0.489362,0.119281,0.743231,0.007941,0.730451,0.436842,1
0.894341,2,0.510638,0.089978,0.731925,0.006462,0.721388,0.451316,1
0.894341,2,0.531915,0.101027,0.727611,0.007227,0.729674,0.435088,1
0.894341,2,0.553191,0.111295,0.721809,0.008097,0.756344,0.395614,1
0.894341,2,0.574468,0.117269,0.721809,0.0085,0.749871,0.415789,1
0.894341,2,0.595745,0.101807,0.716156,0.006882,0.72812,0.440351,1
0.894341,2,0.617021,0.086676,0.704255,0.006078,0.718022,0.478509,1
0.894341,2,0.638298,0.093431,0.702172,0.006009,0.694459,0.504386,1
0.894341,2,0.659574,0.080761,0.715412,0.005376,0.689798,0.522807,1
0.894341,2,0.680851,0.09163,0.734305,0.006115,0.690575,0.527632,1
0.894341,2,0.702128,0.115738,0.785927,0.007736,0.705593,0.538596,1
0.894341,2,0.723404,0.10505,0.845879,0.007092,0.758156,0.472807,1
0.894341,2,0.744681,0.127357,0.897798,0.008646,0.813568,0.420175,1
0.894341,2,0.765957,0.111084,0.894228,0.007563,0.811497,0.386842,1
0.894341,2,0.787234,0.095683,0.86388,0.006483,0.760487,0.484649,1
0.894341,2,0.808511,0.078209,0.818506,0.00526,0.721129,0.42807,1
0.894341,2,0.829787,0.069083,0.769414,0.004695,0.676334,0.441667,0
0.894341,2,0.851064,0.067041,0.739512,0.004566,0.645262,0.482456,0
0.894341,2,0.87234,0.068662,0.709759,0.004622,0.619627,0.471053,0
0.894341,2,0.893617,0.059896,0.658881,0.004005,0.583894,0.517105,0
0.894341,2,0.914894,0.051639,0.59997,0.0035,0.549456,0.471053,0
0.894341,2,0.93617,0.055392,0.602053,0.003762,0.510875,0.548684,0
0.894341,2,0.957447,0.054762,0.606367,0.003685,0.483169,0.51886,0
0.894341,2,0.978723,0.0783,0.592681,0.005309,0.535733,0.541228,1
0.894341,2,1.0,0.070794,0.575424,0.004771,0.513465,0.583333,0
0.894385,3,0.0,0.073286,0.562333,0.00494,0.498705,0.610965,0
0.894385,3,0.021277,0.068242,0.54582,0.004572,0.476955,0.627632,0
0.894385,3,0.042553,0.077189,0.511455,0.005212,0.545572,0.510088,1
0.894385,3,0.06383,0.064879,0.455222,0.00436,0.523304,0.525877,0
0.894385,3,0.085106,0.063919,0.399286,0.004279,0.491714,0.575877,0
0.894385,3,0.106383,0.058424,0.343945,0.003874,0.461678,0.620614,0
0.894385,3,0.12766,0.056143,0.301101,0.003355,0.418954,0.61886,0
0.894385,3,0.148936,0.049928,0.266141,0.00328,0.398498,0.698246,0
0.894385,3,0.170213,0.058514,0.245909,0.003234,0.380114,0.750439,0
0.894385,3,0.191489,0.060136,0.242041,0.003174,0.371569,0.750439,0
0.894385,3,0.212766,0.058124,0.271199,0.003592,0.366132,0.725439,0
0.894385,3,0.234043,0.060136,0.311068,0.003916,0.387882,0.669298,0
0.894385,3,0.255319,0.05287,0.408361,0.003488,0.472294,0.522368,0
0.894385,3,0.276596,0.06527,0.517852,0.00392,0.551528,0.429386,0
0.894385,3,0.297872,0.055963,0.569473,0.003808,0.609011,0.378509,0
0.894385,3,0.319149,0.074186,0.65665,0.005071,0.690057,0.372368,0
0.894385,3,0.340426,0.07902,0.682089,0.005393,0.74029,0.341228,0
0.894385,3,0.361702,0.0783,0.679113,0.005355,0.741326,0.341228,0
0.894385,3,0.382979,0.082833,0.719578,0.005646,0.768255,0.323246,1
0.894385,3,0.404255,0.082142,0.725528,0.005607,0.757897,0.354386,1
0.894385,3,0.425532,0.080281,0.708866,0.00549,0.758415,0.307018,1
0.894385,3,0.446809,0.076588,0.678965,0.005245,0.744692,0.325,0
0.894385,3,0.468085,0.075237,0.659774,0.005135,0.737442,0.360965,0
0.894385,3,0.489362,0.075597,0.646683,0.005152,0.730709,0.363158,0
0.894385,3,0.510638,0.075507,0.633889,0.005133,0.71595,0.347807,0
0.894385,3,0.531915,0.074667,0.61931,0.005079,0.702745,0.361404,0
0.894385,3,0.553191,0.074367,0.612913,0.005062,0.726308,0.371491,0
0.894385,3,0.574468,0.072715,0.606665,0.004952,0.707664,0.409211,0
0.894385,3,0.595745,0.072565,0.59402,0.004952,0.692128,0.391667,0
0.894385,3,0.617021,0.071875,0.580928,0.004892,0.674003,0.398684,0
0.894385,3,0.638298,0.071424,0.569176,0.004865,0.653806,0.38114,0
0.894385,3,0.659574,0.0662,0.582416,0.004491,0.644485,0.441667,0
0.894385,3,0.680851,0.073256,0.610384,0.004996,0.640083,0.484649,1
0.894385,3,0.702128,0.074667,0.657989,0.005102,0.66028,0.466228,1
0.894385,3,0.723404,0.073166,0.746058,0.004994,0.709218,0.420175,1
0.894385,3,0.744681,0.100997,0.847367,0.006934,0.792595,0.337281,1
0.894385,3,0.765957,0.09253,0.862987,0.006336,0.78405,0.379825,1
0.894385,3,0.787234,0.085925,0.844689,0.005843,0.755049,0.415351,1
0.894385,3,0.808511,0.075657,0.803481,0.005131,0.71362,0.45307,1
0.894385,3,0.829787,0.073526,0.774621,0.004985,0.671673,0.491228,1
0.894385,3,0.851064,0.073706,0.751711,0.004981,0.651735,0.500439,1
0.894385,3,0.87234,0.071755,0.721958,0.004805,0.615484,0.539474,1
0.894385,3,0.893617,0.06605,0.67346,0.004416,0.587519,0.453509,0
0.894385,3,0.914894,0.060136,0.6205,0.004049,0.542724,0.476754,0
0.894385,3,0.93617,0.060916,0.635971,0.004115,0.510875,0.525,0
0.894385,3,0.957447,0.057103,0.622285,0.003816,0.470482,0.567105,0
0.894385,3,0.978723,0.064759,0.60726,0.004358,0.533402,0.529386,0
0.894385,3,1.0,0.063258,0.588515,0.00419,0.506991,0.571491,0
0.894429,4,0.0,0.063528,0.577804,0.004173,0.488089,0.609211,0
0.894429,4,0.021277,0.061096,0.558167,0.003978,0.464008,0.611842,0
0.894429,4,0.042553,0.066471,0.530497,0.004373,0.519938,0.510526,0
0.894429,4,0.06383,0.063108,0.477239,0.004144,0.508545,0.548246,0
0.894429,4,0.085106,0.062267,0.420262,0.004051,0.468669,0.595175,0
0.894429,4,0.106383,0.058184,0.366558,0.003783,0.433713,0.693421,0
0.894429,4,0.12766,0.059145,0.318209,0.003828,0.401864,0.668421,0
0.894429,4,0.148936,0.038069,0.27834,0.002468,0.37856,0.652193,0
0.894429,4,0.170213,0.037829,0.259595,0.002449,0.35681,0.704825,0
0.894429,4,0.191489,0.03954,0.257661,0.002366,0.350596,0.728509,0
0.894429,4,0.212766,0.060736,0.287861,0.002208,0.343863,0.640789,0
0.894429,4,0.234043,0.060736,0.341565,0.002293,0.368721,0.567105,0
0.894429,4,0.255319,0.060406,0.447932,0.003388,0.441999,0.561404,0
0.894429,4,0.276596,0.071424,0.567539,0.004439,0.534956,0.509211,1
0.894429,4,0.297872,0.054912,0.619905,0.003718,0.589073,0.457456,0
0.894429,4,0.319149,0.074066,0.693246,0.005031,0.67478,0.433772,1
0.894429,4,0.340426,0.074817,0.702172,0.005089,0.709477,0.402193,1
0.894429,4,0.361702,0.073886,0.688039,0.005044,0.709218,0.372807,1
0.894429,4,0.382979,0.072835,0.676882,0.005004,0.719057,0.369737,1
0.894429,4,0.404255,0.064549,0.676287,0.004427,0.709477,0.382456,0
0.894429,4,0.425532,0.070343,0.671526,0.004807,0.697825,0.402632,1
0.894429,4,0.446809,0.06602,0.640583,0.004501,0.684878,0.397807,0
0.894429,4,0.468085,0.064549,0.616483,0.004391,0.673226,0.382018,0
0.894429,4,0.489362,0.061577,0.597441,0.004173,0.657172,0.368421,0
0.894429,4,0.510638,0.061337,0.583904,0.004152,0.639306,0.354386,0
0.894429,4,0.531915,0.060136,0.566349,0.004067,0.637235,0.385088,0
0.894429,4,0.553191,0.060916,0.564267,0.004123,0.66261,0.337281,0
0.894429,4,0.574468,0.060136,0.551175,0.004073,0.648887,0.360965,0
0.894429,4,0.595745,0.060136,0.540315,0.004092,0.630761,0.388596,0
0.894429,4,0.617021,0.060136,0.532282,0.004113,0.633868,0.404386,0
0.894429,4,0.638298,0.060136,0.527968,0.004117,0.624806,0.432018,0
0.894429,4,0.659574,0.060136,0.540315,0.004128,0.626618,0.401754,0
0.894429,4,0.680851,0.060136,0.565903,0.004123,0.622734,0.381579,0
0.894429,4,0.702128,0.064129,0.611425,0.004391,0.653806,0.394737,0
0.894429,4,0.723404,0.073226,0.695031,0.005044,0.711031,0.367105,1
0.894429,4,0.744681,0.087877,0.805118,0.006032,0.777835,0.354386,1
0.894429,4,0.765957,0.088087,0.832639,0.006009,0.784309,0.383772,1
0.894429,4,0.787234,0.087607,0.819548,0.005966,0.743915,0.417544,1
0.894429,4,0.808511,0.077459,0.787414,0.00528,0.69653,0.472368,1
0.894429,4,0.829787,0.074817,0.763314,0.00511,0.671932,0.466667,1
0.894429,4,0.851064,0.070343,0.735942,0.004769,0.634127,0.517544,1
0.894429,4,0.87234,0.06575,0.707825,0.004408,0.601243,0.506579,1
0.894429,4,0.893617,0.061307,0.663642,0.004098,0.573537,0.454825,0
0.894429,4,0.914894,0.054581,0.606813,0.003673,0.539358,0.509211,0
0.894429,4,0.93617,0.060136,0.620202,0.004026,0.506214,0.564474,0
0.894429,4,0.957447,0.056083,0.616186,0.003729,0.473589,0.567544,0
0.894429,4,0.978723,0.068692,0.606218,0.004599,0.545831,0.54693,1
0.894429,4,1.0,0.064549,0.591639,0.004283,0.526929,0.575,1
0.894474,5,0.0,0.062928,0.579887,0.004136,0.505955,0.567982,0
0.894474,5,0.021277,0.060196,0.56501,0.003943,0.490419,0.542544,0
0.894474,5,0.042553,0.067431,0.537191,0.00447,0.552046,0.52193,1
0.894474,5,0.06383,0.062838,0.488843,0.004148,0.537027,0.502632,0
0.894474,5,0.085106,0.064609,0.427998,0.004244,0.49275,0.545175,1
0.894474,5,0.106383,0.064579,0.375335,0.003995,0.459606,0.575,1
0.894474,5,0.12766,0.062928,0.322226,0.003606,0.423097,0.62193,0
0.894474,5,0.148936,0.060826,0.291729,0.002811,0.400311,0.59693,0
0.894474,5,0.170213,0.060766,0.26391,0.002532,0.377007,0.59693,0
0.894474,5,0.191489,0.060136,0.261678,0.002027,0.368721,0.61886,0
0.894474,5,0.212766,0.060136,0.294258,0.002376,0.382444,0.61886,0
0.894474,5,0.234043,0.059115,0.339631,0.002794,0.397204,0.61886,0
0.894474,5,0.255319,0.062357,0.448825,0.004119,0.48291,0.49693,0
0.894474,5,0.276596,0.085895,0.5723,0.005818,0.565769,0.388596,1
0.894474,5,0.297872,0.068152,0.622731,0.004678,0.622475,0.410526,1
0.894474,5,0.319149,0.081932,0.709908,0.005609,0.700932,0.423684,1
0.894474,5,0.340426,0.087066,0.719429,0.005958,0.741067,0.392105,1
0.894474,5,0.361702,0.083854,0.702172,0.005758,0.739254,0.403509,1
0.894474,5,0.382979,0.077999,0.701428,0.005336,0.743397,0.457018,1
0.894474,5,0.404255,0.07878,0.717197,0.005363,0.73304,0.465351,1
0.894474,5,0.425532,0.068062,0.67956,0.004628,0.716986,0.407456,1
0.894474,5,0.446809,0.06602,0.644154,0.004487,0.693682,0.408772,0
0.894474,5,0.468085,0.06626,0.620649,0.004487,0.685655,0.413158,0
0.894474,5,0.489362,0.057073,0.602946,0.003864,0.674003,0.422807,0
0.894474,5,0.510638,0.058454,0.594912,0.003951,0.659503,0.410088,0
0.894474,5,0.531915,0.044043,0.58435,0.002983,0.660021,0.402193,0
0.894474,5,0.553191,0.067101,0.578846,0.00456,0.680476,0.385965,1
0.894474,5,0.574468,0.061367,0.570217,0.004159,0.668824,0.330702,0
0.894474,5,0.595745,0.060136,0.555787,0.004061,0.658726,0.366228,0
0.894474,5,0.617021,0.061307,0.557423,0.00414,0.64319,0.397807,0
0.894474,5,0.638298,0.060136,0.555936,0.004059,0.625842,0.449561,0
0.894474,5,0.659574,0.060136,0.574531,0.004057,0.611341,0.45307,0
0.894474,5,0.680851,0.061187,0.599078,0.004111,0.607198,0.492982,0
0.894474,5,0.702128,0.067491,0.64817,0.004555,0.619109,0.472807,1
0.894474,5,0.723404,0.072655,0.726718,0.004923,0.665976,0.450439,1
0.894474,5,0.744681,0.087006,0.834276,0.005897,0.75246,0.475,1
0.894474,5,0.765957,0.095352,0.856144,0.006537,0.785603,0.385088,1
0.894474,5,0.787234,0.088087,0.840672,0.006012,0.752978,0.455702,1
0.894474,5,0.808511,0.086135,0.80839,0.005816,0.719057,0.481579,1
0.894474,5,0.829787,0.076918,0.775513,0.005191,0.686691,0.530702,1
0.894474,5,0.851064,0.077249,0.761976,0.005172,0.663387,0.542544,1
0.894474,5,0.87234,0.070974,0.735495,0.004707,0.627136,0.567982,1
0.894474,5,0.893617,0.061126,0.681345,0.004061,0.593993,0.538596,0
0.894474,5,0.914894,0.056683,0.626748,0.00383,0.566805,0.466667,0
0.894474,5,0.93617,0.058695,0.642666,0.003826,0.52667,0.543421,0
0.894474,5,0.957447,0.056503,0.638947,0.003594,0.495339,0.55307,0
0.894474,5,0.978723,0.064549,0.627194,0.004325,0.576903,0.551316,0
0.894474,5,1.0,0.064819,0.605921,0.004285,0.55593,0.557456,0
0.894518,6,0.0,0.064189,0.587325,0.004225,0.534697,0.598246,0
0.894518,6,0.021277,0.06611,0.56992,0.004188,0.511134,0.602632,0
0.894518,6,0.042553,0.068242,0.540613,0.004493,0.568876,0.555702,1
0.894518,6,0.06383,0.070343,0.491967,0.004653,0.553081,0.493421,1
0.894518,6,0.085106,0.06539,0.42889,0.004302,0.504661,0.592105,0
0.894518,6,0.106383,0.061457,0.376376,0.004005,0.477732,0.620614,0
0.894518,6,0.12766,0.063558,0.327284,0.004094,0.443553,0.665789,0
0.894518,6,0.148936,0.054371,0.291431,0.003336,0.423615,0.662719,0
0.894518,6,0.170213,0.049598,0.26986,0.002991,0.398757,0.722807,0
0.894518,6,0.191489,0.050588,0.266439,0.002792,0.394355,0.728509,0
0.894518,6,0.212766,0.05311,0.290985,0.002665,0.39332,0.713596,0
0.894518,6,0.234043,0.040561,0.331747,0.002644,0.420766,0.661404,0
0.894518,6,0.255319,0.057554,0.440196,0.003833,0.496116,0.558333,0
0.894518,6,0.276596,0.072745,0.560101,0.004877,0.583894,0.492982,1
0.894518,6,0.297872,0.068002,0.611574,0.004607,0.638011,0.410965,1
0.894518,6,0.319149,0.083043,0.698007,0.005631,0.702227,0.439912,1
0.894518,6,0.340426,0.086105,0.725974,0.00585,0.766183,0.374561,1
0.894518,6,0.361702,0.086075,0.717048,0.005866,0.773175,0.374561,1
0.894518,6,0.382979,0.087216,0.735198,0.005941,0.78638,0.364035,1
0.894518,6,0.404255,0.087456,0.746653,0.005916,0.775505,0.392544,1
0.894518,6,0.425532,0.084424,0.728652,0.005717,0.759969,0.415789,1
0.894518,6,0.446809,0.083734,0.700684,0.005661,0.741326,0.412719,1
0.894518,6,0.468085,0.082443,0.675394,0.005519,0.726567,0.470614,1
0.894518,6,0.489362,0.080791,0.663939,0.005372,0.705593,0.49386,1
0.894518,6,0.510638,0.073346,0.647575,0.004884,0.6797,0.538158,1
0.894518,6,0.531915,0.071574,0.644749,0.004761,0.644744,0.520614,1
0.894518,6,0.553191,0.074457,0.63612,0.004987,0.668824,0.500439,1
0.894518,6,0.574468,0.071274,0.621392,0.004788,0.652253,0.499123,1
0.894518,6,0.595745,0.068242,0.607111,0.004568,0.634645,0.479386,0
0.894518,6,0.617021,0.066891,0.588664,0.004497,0.608493,0.446491,0
0.894518,6,0.638298,0.061847,0.582565,0.004119,0.59477,0.465351,0
0.894518,6,0.659574,0.062748,0.597888,0.004173,0.578975,0.513158,0
0.894518,6,0.680851,0.068782,0.624517,0.004566,0.581564,0.55,0
0.894518,6,0.702128,0.074667,0.671526,0.004954,0.592439,0.640789,1
0.894518,6,0.723404,0.076708,0.738322,0.005093,0.644744,0.590789,1
0.894518,6,0.744681,0.086886,0.811068,0.005775,0.718281,0.510526,1
0.894518,6,0.765957,0.087036,0.814043,0.005796,0.738736,0.497807,1
0.894518,6,0.787234,0.084935,0.789646,0.005673,0.719834,0.504825,1
0.894518,6,0.808511,0.07938,0.754537,0.005301,0.677628,0.484211,1
0.894518,6,0.829787,0.066591,0.721363,0.004445,0.642931,0.509211,0
0.894518,6,0.851064,0.063738,0.694882,0.004258,0.613154,0.535088,0
0.894518,6,0.87234,0.062898,0.67837,0.004186,0.588555,0.488596,0
0.894518,6,0.893617,0.060586,0.637905,0.004032,0.547903,0.548246,0
0.894518,6,0.914894,0.055272,0.600565,0.003247,0.515536,0.544298,0
0.894518,6,0.93617,0.058845,0.628384,0.003747,0.496893,0.622368,0
0.894518,6,0.957447,0.061187,0.63136,0.00398,0.486535,0.607018,0
0.894518,6,0.978723,0.068872,0.619458,0.004576,0.576903,0.524561,0
0.894518,6,1.0,0.067311,0.604433,0.00446,0.559814,0.58114,0
0.894562,7,0.0,0.080371,0.577507,0.005278,0.534438,0.621053,1
0.894562,7,0.021277,0.074216,0.560845,0.004317,0.498705,0.623684,1
0.894562,7,0.042553,0.069833,0.513686,0.004595,0.545831,0.554825,0
0.894562,7,0.06383,0.060556,0.457453,0.003965,0.521233,0.609211,0
0.894562,7,0.085106,0.056023,0.39765,0.003571,0.488348,0.61886,0
0.894562,7,0.106383,0.050168,0.342011,0.003257,0.451321,0.689035,0
0.894562,7,0.12766,0.045154,0.287414,0.002904,0.410668,0.752193,0
0.894562,7,0.148936,0.042873,0.246058,0.002734,0.387882,0.744737,0
0.894562,7,0.170213,0.02579,0.220173,0.001647,0.357069,0.791228,0
0.894562,7,0.191489,0.025459,0.212883,0.001631,0.336354,0.770614,0
0.894562,7,0.212766,0.024829,0.214371,0.001593,0.315122,0.796491,0
0.894562,7,0.234043,0.029122,0.227313,0.001608,0.315381,0.80307,0
0.894562,7,0.255319,0.038129,0.261976,0.002202,0.33972,0.794737,0
0.894562,7,0.276596,0.049538,0.297977,0.002678,0.35914,0.816228,0
0.894562,7,0.297872,0.053771,0.356293,0.002073,0.347488,0.80307,0
0.894562,7,0.319149,0.061727,0.445552,0.003224,0.394614,0.814035,0
0.894562,7,0.340426,0.068212,0.527819,0.004323,0.435785,0.795175,1
0.894562,7,0.361702,0.079771,0.589705,0.005089,0.475401,0.797807,1
0.894562,7,0.382979,0.087216,0.645641,0.005573,0.515018,0.72807,1
0.894562,7,0.404255,0.087577,0.657394,0.005548,0.522009,0.774123,1
0.894562,7,0.425532,0.086496,0.631955,0.005492,0.53392,0.800439,1
0.894562,7,0.446809,0.07896,0.604433,0.005008,0.518384,0.828509,1
0.894562,7,0.468085,0.07836,0.57468,0.004958,0.509581,0.822368,1
0.894562,7,0.489362,0.07866,0.554894,0.004954,0.491973,0.823246,1
0.894562,7,0.510638,0.074246,0.531389,0.004672,0.481616,0.862281,1
0.894562,7,0.531915,0.076678,0.511157,0.004803,0.468928,0.876754,1
0.894562,7,0.553191,0.076918,0.494347,0.00483,0.485241,0.82193,1
0.894562,7,0.574468,0.074246,0.488099,0.004672,0.469446,0.840351,1
0.894562,7,0.595745,0.06524,0.471883,0.00408,0.458312,0.821053,1
0.894562,7,0.617021,0.066471,0.475305,0.004167,0.440445,0.820175,1
0.894562,7,0.638298,0.066561,0.474412,0.004173,0.451062,0.825,1
0.894562,7,0.659574,0.066471,0.481999,0.004182,0.46349,0.824561,1
0.894562,7,0.680851,0.06581,0.505356,0.00413,0.429052,0.824123,1
0.894562,7,0.702128,0.070313,0.563374,0.004429,0.453651,0.830702,1
0.894562,7,0.723404,0.074727,0.621541,0.00478,0.497929,0.789474,1
0.894562,7,0.744681,0.093401,0.707676,0.006022,0.582082,0.707018,1
0.894562,7,0.765957,0.096493,0.718982,0.006248,0.607457,0.646491,1
0.894562,7,0.787234,0.09193,0.695478,0.005943,0.586743,0.676316,1
0.894562,7,0.808511,0.0789,0.646831,0.00511,0.549715,0.672807,1
0.894562,7,0.829787,0.069203,0.605623,0.004483,0.508545,0.699561,1
0.894562,7,0.851064,0.071875,0.584052,0.004618,0.494045,0.760088,1
0.894562,7,0.87234,0.071424,0.56382,0.004557,0.4855,0.764912,1
0.894562,7,0.893617,0.069173,0.537935,0.004341,0.465821,0.746053,1
0.894562,7,0.914894,0.068812,0.501488,0.004159,0.425168,0.675877,1
0.894562,7,0.93617,0.081602,0.515769,0.004173,0.404972,0.657456,1
0.894562,7,0.957447,0.062958,0.511604,0.003469,0.394614,0.605702,0
0.894562,7,0.978723,0.083373,0.504612,0.004979,0.464785,0.629386,1
0.894562,7,1.0,0.06566,0.466974,0.00388,0.45624,0.61886,0
0.894606,1,0.0,0.060136,0.431419,0.002925,0.429311,0.640789,0
0.894606,1,0.021277,0.059986,0.385451,0.002852,0.414034,0.640789,0
0.894606,1,0.042553,0.059835,0.346325,0.003247,0.455463,0.59693,0
0.894606,1,0.06383,0.059805,0.30601,0.00274,0.431383,0.59693,0
0.894606,1,0.085106,0.055752,0.260042,0.002009,0.396168,0.59693,0
0.894606,1,0.106383,0.041431,0.221958,0.002451,0.358881,0.662719,0
0.894606,1,0.12766,0.027771,0.191312,0.001799,0.325738,0.67807,0
0.894606,1,0.148936,0.032455,0.171378,0.002092,0.295702,0.75614,0
0.894606,1,0.170213,0.024409,0.160369,0.001577,0.268255,0.733772,0
0.894606,1,0.191489,0.024198,0.145641,0.001577,0.232004,0.707895,0
0.894606,1,0.212766,0.024499,0.152336,0.001602,0.229156,0.748246,0
0.894606,1,0.234043,0.02621,0.159774,0.001701,0.230709,0.782018,0
0.894606,1,0.255319,0.02633,0.177031,0.001689,0.236147,0.789035,0
0.894606,1,0.276596,0.031284,0.201428,0.002019,0.253237,0.828509,0
0.894606,1,0.297872,0.029693,0.233561,0.001884,0.246504,0.854386,0
0.894606,1,0.319149,0.032545,0.299911,0.002056,0.211548,0.859649,0
0.894606,1,0.340426,0.044013,0.385153,0.002881,0.262299,0.866228,0
0.894606,1,0.361702,0.056023,0.461916,0.002661,0.324702,0.861404,0
0.894606,1,0.382979,0.064849,0.541059,0.00366,0.362765,0.873246,1
0.894606,1,0.404255,0.087066,0.590449,0.002717,0.376489,0.789474,1
0.894606,1,0.425532,0.097694,0.611871,0.006043,0.374676,0.701754,1
0.894606,1,0.446809,0.110544,0.61202,0.006697,0.370016,0.67807,1
0.894606,1,0.468085,0.101327,0.615739,0.00619,0.386587,0.826754,1
0.894606,1,0.489362,0.096493,0.612318,0.003903,0.396168,0.845175,1
0.894606,1,0.510638,0.097154,0.603243,0.004196,0.390989,0.867105,1
0.894606,1,0.531915,0.096673,0.585986,0.004179,0.382185,0.847807,1
0.894606,1,0.553191,0.093341,0.556233,0.004948,0.400311,0.854386,1
0.894606,1,0.574468,0.090219,0.536299,0.004568,0.388659,0.847368,1
0.894606,1,0.595745,0.089138,0.515025,0.004387,0.378301,0.847807,1
0.894606,1,0.617021,0.087216,0.498512,0.004408,0.378301,0.869737,1
0.894606,1,0.638298,0.086316,0.490181,0.003828,0.405748,0.863596,1
0.894606,1,0.659574,0.085625,0.499851,0.004258,0.399793,0.863596,1
0.894606,1,0.680851,0.087577,0.52172,0.002962,0.425945,0.775877,1
0.894606,1,0.702128,0.087186,0.565605,0.005411,0.443035,0.778947,1
0.894606,1,0.723404,0.079891,0.62645,0.005104,0.469964,0.839474,1
0.894606,1,0.744681,0.090729,0.702618,0.005864,0.557742,0.825,1
0.894606,1,0.765957,0.091029,0.728801,0.005935,0.576385,0.764474,1
0.894606,1,0.787234,0.086706,0.710205,0.005436,0.566546,0.791228,1
0.894606,1,0.808511,0.088297,0.685213,0.005486,0.539358,0.777632,1
0.894606,1,0.829787,0.089378,0.663642,0.004898,0.511134,0.770175,1
0.894606,1,0.851064,0.084604,0.629426,0.005139,0.493527,0.789035,1
0.894606,1,0.87234,0.072655,0.612467,0.004647,0.488089,0.766228,1
0.894606,1,0.893617,0.07869,0.565457,0.00494,0.477991,0.773684,1
0.894606,1,0.914894,0.084844,0.520827,0.002096,0.441481,0.688158,1
0.894606,1,0.93617,0.088657,0.522464,0.002032,0.385293,0.650439,1
0.894606,1,0.957447,0.070554,0.491669,0.00205,0.367167,0.650439,1
0.894606,1,0.978723,0.069803,0.468908,0.003479,0.408079,0.635088,1
0.894606,1,1.0,0.059926,0.434692,0.003103,0.418695,0.678947,0
0.894651,2,0.0,0.048787,0.405088,0.002594,0.414034,0.672368,0
0.894651,2,0.021277,0.046295,0.366706,0.002781,0.403159,0.694298,0
0.894651,2,0.042553,0.051159,0.33368,0.003189,0.450803,0.639035,0
0.894651,2,0.06383,0.053771,0.299911,0.002119,0.407561,0.650439,0
0.894651,2,0.085106,0.050198,0.268968,0.002748,0.39798,0.666228,0
0.894651,2,0.106383,0.0399,0.235049,0.002603,0.363542,0.671053,0
0.894651,2,0.12766,0.028191,0.212139,0.00183,0.315381,0.646491,0
0.894651,2,0.148936,0.025129,0.196073,0.001641,0.293112,0.632895,0
0.894651,2,0.170213,0.024168,0.183428,0.001585,0.286898,0.611404,0
0.894651,2,0.191489,0.025009,0.193395,0.001639,0.273692,0.644737,0
0.894651,2,0.212766,0.029693,0.227908,0.00193,0.284309,0.734211,0
0.894651,2,0.234043,0.030323,0.282803,0.001973,0.310202,0.72807,0
0.894651,2,0.255319,0.05245,0.397947,0.002881,0.390471,0.688158,0
0.894651,2,0.276596,0.057554,0.518001,0.003257,0.472812,0.613596,0
0.894651,2,0.297872,0.060136,0.563225,0.003833,0.551528,0.468421,0
0.894651,2,0.319149,0.072835,0.647575,0.004913,0.625842,0.435088,1
0.894651,2,0.340426,0.081332,0.668402,0.005461,0.666753,0.482895,1
0.894651,2,0.361702,0.082413,0.673312,0.005532,0.679959,0.463158,1
0.894651,2,0.382979,0.084754,0.717644,0.00569,0.696271,0.450439,1
0.894651,2,0.404255,0.087547,0.72895,0.005829,0.692905,0.453509,1
0.894651,2,0.425532,0.084905,0.710949,0.005661,0.684619,0.508333,1
0.894651,2,0.446809,0.082593,0.694585,0.005486,0.681771,0.496053,1
0.894651,2,0.468085,0.084364,0.681642,0.005573,0.676075,0.47807,1
0.894651,2,0.489362,0.084064,0.680006,0.005507,0.665458,0.494737,1
0.894651,2,0.510638,0.083193,0.672716,0.005442,0.651994,0.591228,1
0.894651,2,0.531915,0.082743,0.668997,0.005386,0.642672,0.629386,1
0.894651,2,0.553191,0.083614,0.678518,0.00538,0.666753,0.600877,1
0.894651,2,0.574468,0.084814,0.681047,0.005501,0.681771,0.588596,1
0.894651,2,0.595745,0.087216,0.685808,0.005573,0.688244,0.602632,1
0.894651,2,0.617021,0.087066,0.682237,0.005548,0.680994,0.596491,1
0.894651,2,0.638298,0.087697,0.68075,0.00558,0.669601,0.614035,1
0.894651,2,0.659574,0.119611,0.70961,0.007432,0.661574,0.653509,1
0.894651,2,0.680851,0.090579,0.739066,0.0057,0.662869,0.700877,1
0.894651,2,0.702128,0.107482,0.78801,0.006764,0.687727,0.671491,1
0.894651,2,0.723404,0.135343,0.849598,0.008602,0.741067,0.628947,1
0.894651,2,0.744681,0.161042,0.917882,0.010264,0.785603,0.659649,1
0.894651,2,0.765957,0.154137,0.911187,0.009884,0.767996,0.657018,1
0.894651,2,0.787234,0.128888,0.878012,0.008247,0.725272,0.762719,1
0.894651,2,0.808511,0.087066,0.829961,0.00555,0.687468,0.707456,1
0.894651,2,0.829787,0.086346,0.788456,0.005561,0.650699,0.682895,1
0.894651,2,0.851064,0.085985,0.761381,0.005559,0.618332,0.723684,1
0.894651,2,0.87234,0.076738,0.731181,0.004996,0.583118,0.614912,1
0.894651,2,0.893617,0.061967,0.675989,0.00409,0.544019,0.533772,0
0.894651,2,0.914894,0.033956,0.613954,0.002246,0.511393,0.514474,0
0.894651,2,0.93617,0.070614,0.620649,0.004375,0.490419,0.55307,0
0.894651,2,0.957447,0.060856,0.608747,0.003496,0.463749,0.57193,0
0.894651,2,0.978723,0.069473,0.594615,0.004609,0.519679,0.498246,0
0.894651,2,1.0,0.061006,0.576763,0.003986,0.504402,0.571491,0
0.894695,3,0.0,0.063678,0.564564,0.004169,0.489125,0.574561,0
0.894695,3,0.021277,0.060136,0.547307,0.003758,0.468151,0.588596,0
0.894695,3,0.042553,0.062237,0.518298,0.00409,0.527965,0.524123,0
0.894695,3,0.06383,0.057494,0.466082,0.003783,0.506732,0.549561,0
0.894695,3,0.085106,0.058965,0.409997,0.002889,0.472553,0.53114,0
0.894695,3,0.106383,0.060136,0.361797,0.002871,0.441999,0.53114,0
0.894695,3,0.12766,0.060136,0.310771,0.002526,0.40782,0.53114,0
0.894695,3,0.148936,0.029542,0.280125,0.00194,0.362506,0.442544,0
0.894695,3,0.170213,0.034676,0.262868,0.002281,0.343863,0.572368,0
0.894695,3,0.191489,0.042813,0.253794,0.002777,0.351631,0.65307,0
0.894695,3,0.212766,0.049808,0.278489,0.003205,0.363801,0.691228,0
0.894695,3,0.234043,0.02642,0.324457,0.00173,0.367426,0.528947,0
0.894695,3,0.255319,0.054792,0.432609,0.00365,0.439927,0.535526,0
0.894695,3,0.276596,0.078209,0.536001,0.005174,0.539099,0.465351,1
0.894695,3,0.297872,0.073766,0.590449,0.004921,0.60202,0.419737,0
0.894695,3,0.319149,0.110544,0.671973,0.00737,0.687985,0.348684,1
0.894695,3,0.340426,0.107061,0.680303,0.007173,0.726567,0.306579,1
0.894695,3,0.361702,0.088387,0.671973,0.005926,0.73304,0.314035,1
0.894695,3,0.382979,0.145551,0.70961,0.009719,0.741067,0.372807,1
0.894695,3,0.404255,0.132581,0.717644,0.009055,0.68928,0.391667,1
0.894695,3,0.425532,0.096764,0.692056,0.00645,0.734076,0.317982,1
0.894695,3,0.446809,0.089258,0.680452,0.005912,0.714397,0.350877,1
0.894695,3,0.468085,0.087607,0.656799,0.005858,0.698861,0.367982,1
0.894695,3,0.489362,0.087246,0.647575,0.005785,0.687727,0.36886,1
0.894695,3,0.510638,0.083884,0.634781,0.005613,0.674262,0.385965,1
0.894695,3,0.531915,0.085895,0.627492,0.005744,0.664164,0.396053,1
0.894695,3,0.553191,0.089168,0.620351,0.005933,0.693941,0.380702,1
0.894695,3,0.574468,0.085445,0.615293,0.005702,0.69653,0.370175,1
0.894695,3,0.595745,0.080401,0.609938,0.005422,0.68695,0.329386,0
0.894695,3,0.617021,0.074967,0.59878,0.005085,0.66986,0.34693,0
0.894695,3,0.638298,0.065059,0.596846,0.004427,0.657431,0.322807,0
0.894695,3,0.659574,0.080491,0.616483,0.005461,0.668566,0.345175,0
0.894695,3,0.680851,0.087306,0.644451,0.005887,0.677887,0.373246,1
0.894695,3,0.702128,0.088267,0.691758,0.005877,0.685914,0.396491,1
0.894695,3,0.723404,0.129518,0.784142,0.008614,0.738477,0.438596,1
0.894695,3,0.744681,0.187883,0.900922,0.01232,0.812015,0.427193,1
0.894695,3,0.765957,0.206497,0.926807,0.013369,0.832729,0.370614,1
0.894695,3,0.787234,0.186352,0.908361,0.012073,0.790264,0.473684,1
0.894695,3,0.808511,0.156059,0.869979,0.010154,0.752719,0.497807,1
0.894695,3,0.829787,0.128528,0.848706,0.008421,0.712066,0.47807,1
0.894695,3,0.851064,0.099285,0.818953,0.00657,0.685396,0.45307,1
0.894695,3,0.87234,0.09199,0.792026,0.006072,0.648887,0.479386,1
0.894695,3,0.893617,0.086346,0.737876,0.005717,0.615225,0.479386,1
0.894695,3,0.914894,0.076558,0.682535,0.005112,0.579234,0.472368,0
0.894695,3,0.93617,0.148493,0.690122,0.009898,0.539099,0.652193,1
0.894695,3,0.957447,0.108442,0.666022,0.007021,0.502848,0.586404,1
0.894695,3,0.978723,0.141648,0.643707,0.009456,0.567064,0.54693,1
0.894695,3,1.0,0.156419,0.631657,0.010573,0.562662,0.585526,1
0.894739,4,0.0,0.181608,0.619161,0.012208,0.542206,0.600439,1
0.894739,4,0.021277,0.147952,0.599673,0.009863,0.520197,0.628509,1
0.894739,4,0.042553,0.168188,0.572597,0.01129,0.577162,0.533772,1
0.894739,4,0.06383,0.121052,0.517257,0.008124,0.561885,0.573246,1
0.894739,4,0.085106,0.122433,0.462214,0.008135,0.529001,0.547807,1
0.894739,4,0.106383,0.14414,0.399732,0.009483,0.489384,0.644298,1
0.894739,4,0.12766,0.093941,0.353764,0.006072,0.460642,0.723246,0
0.894739,4,0.148936,0.077609,0.314936,0.004967,0.438115,0.730702,0
0.894739,4,0.170213,0.074787,0.289795,0.00388,0.417141,0.750439,0
0.894739,4,0.191489,0.074847,0.286076,0.003523,0.392284,0.772368,0
0.894739,4,0.212766,0.077219,0.311663,0.004009,0.400052,0.780263,0
0.894739,4,0.234043,0.074847,0.363136,0.004813,0.423874,0.690351,0
0.894739,4,0.255319,0.07902,0.474412,0.005158,0.49275,0.582456,0
0.894739,4,0.276596,0.096493,0.602946,0.006404,0.577421,0.451316,0
0.894739,4,0.297872,0.084454,0.653228,0.005656,0.629208,0.416228,0
0.894739,4,0.319149,0.122403,0.742041,0.008203,0.709218,0.335965,1
0.894739,4,0.340426,0.143329,0.765695,0.00957,0.753755,0.342982,1
0.894739,4,0.361702,0.120391,0.754686,0.008062,0.761781,0.368421,1
0.894739,4,0.382979,0.142819,0.782803,0.009449,0.773433,0.391228,1
0.894739,4,0.404255,0.153176,0.78429,0.010066,0.763594,0.438158,1
0.894739,4,0.425532,0.103218,0.763612,0.006809,0.751424,0.450439,0
0.894739,4,0.446809,0.090189,0.727908,0.005928,0.735888,0.439912,0
0.894739,4,0.468085,0.093131,0.705891,0.006128,0.725013,0.43114,0
0.894739,4,0.489362,0.089258,0.687891,0.005868,0.725013,0.402193,0
0.894739,4,0.510638,0.088027,0.668105,0.005798,0.709477,0.416228,0
0.894739,4,0.531915,0.083674,0.654567,0.005548,0.712843,0.427193,0
0.894739,4,0.553191,0.084064,0.647873,0.00558,0.746763,0.39693,0
0.894739,4,0.574468,0.084064,0.641922,0.00559,0.75479,0.412719,0
0.894739,4,0.595745,0.084064,0.629277,0.00559,0.745987,0.389912,0
0.894739,4,0.617021,0.083884,0.618715,0.005584,0.745728,0.424123,0
0.894739,4,0.638298,0.082623,0.617822,0.005488,0.74521,0.444298,0
0.894739,4,0.659574,0.083223,0.632847,0.005519,0.739254,0.485526,0
0.894739,4,0.680851,0.086796,0.661262,0.005704,0.741585,0.506579,0
0.894739,4,0.702128,0.094962,0.717346,0.006186,0.755049,0.548684,0
0.894739,4,0.723404,0.122343,0.80363,0.007991,0.796737,0.511404,1
0.894739,4,0.744681,0.192807,0.927849,0.01243,0.850078,0.532456,1
0.894739,4,0.765957,0.270986,0.956561,0.017401,0.842569,0.522368,1
0.894739,4,0.787234,0.193887,0.941684,0.01243,0.798032,0.528947,1
0.894739,4,0.808511,0.152006,0.905683,0.009744,0.741067,0.573684,1
0.894739,4,0.829787,0.114027,0.871318,0.007387,0.711807,0.585965,0
0.894739,4,0.851064,0.100727,0.844243,0.0065,0.677369,0.605263,0
0.894739,4,0.87234,0.089618,0.814341,0.005762,0.648887,0.535965,0
0.894739,4,0.893617,0.11826,0.767182,0.007692,0.613413,0.607895,1
0.894739,4,0.914894,0.081752,0.701874,0.00532,0.58001,0.547807,0
0.894739,4,0.93617,0.082112,0.701428,0.005382,0.548679,0.655263,0
0.894739,4,0.957447,0.076168,0.673758,0.003868,0.498964,0.59693,0
0.894739,4,0.978723,0.095653,0.651294,0.006246,0.576126,0.597807,0
0.894739,4,1.0,0.097364,0.6385,0.0064,0.561626,0.639912,0
0.894783,5,0.0,0.134893,0.631806,0.008968,0.544537,0.675,1
0.894783,5,0.021277,0.120331,0.606367,0.005536,0.523563,0.657895,1
0.894783,5,0.042553,0.132311,0.574085,0.008255,0.578975,0.586842,1
0.894783,5,0.06383,0.093731,0.523207,0.006223,0.560073,0.581579,0
0.894783,5,0.085106,0.077069,0.469354,0.005062,0.52434,0.63114,0
0.894783,5,0.106383,0.089468,0.411187,0.005752,0.484723,0.725877,0
0.894783,5,0.12766,0.080401,0.360607,0.005164,0.457276,0.708333,0
0.894783,5,0.148936,0.074787,0.321482,0.004103,0.426981,0.750439,0
0.894783,5,0.170213,0.074787,0.298274,0.003668,0.418436,0.72807,0
0.894783,5,0.191489,0.075207,0.297977,0.00484,0.398239,0.700877,0
0.894783,5,0.212766,0.085535,0.323862,0.005552,0.392543,0.734211,0
0.894783,5,0.234043,0.076618,0.379798,0.004998,0.411704,0.612281,0
0.894783,5,0.255319,0.083764,0.496132,0.005538,0.485759,0.546053,0
0.894783,5,0.276596,0.132431,0.630913,0.008758,0.575867,0.526316,1
0.894783,5,0.297872,0.090669,0.689676,0.006009,0.613413,0.510088,0
0.894783,5,0.319149,0.13129,0.774621,0.008697,0.700673,0.417982,1
0.894783,5,0.340426,0.152276,0.794406,0.010064,0.753755,0.393421,1
0.894783,5,0.361702,0.137715,0.777596,0.009186,0.750129,0.327193,1
0.894783,5,0.382979,0.151915,0.803332,0.01017,0.754531,0.37193,1
0.894783,5,0.404255,0.143569,0.800357,0.00958,0.74521,0.350439,1
0.894783,5,0.425532,0.088357,0.762124,0.005931,0.726567,0.370175,0
0.894783,5,0.446809,0.087997,0.727908,0.005901,0.718281,0.373246,0
0.894783,5,0.468085,0.085685,0.703213,0.005762,0.704816,0.369737,0
0.894783,5,0.489362,0.084154,0.687147,0.005685,0.700673,0.37807,0
0.894783,5,0.510638,0.084094,0.674204,0.005704,0.683843,0.364912,0
0.894783,5,0.531915,0.086766,0.655311,0.005904,0.673744,0.286842,0
0.894783,5,0.553191,0.085895,0.645195,0.005872,0.697307,0.290351,0
0.894783,5,0.574468,0.084514,0.638054,0.005742,0.696789,0.32807,0
0.894783,5,0.595745,0.081422,0.625409,0.005555,0.685914,0.328509,0
0.894783,5,0.617021,0.067792,0.611276,0.004643,0.676334,0.291228,0
0.894783,5,0.638298,0.062988,0.603243,0.004287,0.660798,0.282895,0
0.894783,5,0.659574,0.063829,0.619607,0.004312,0.661574,0.356579,0
0.894783,5,0.680851,0.069623,0.653972,0.004678,0.66028,0.464035,0
0.894783,5,0.702128,0.07905,0.712586,0.005295,0.682289,0.46886,0
0.894783,5,0.723404,0.089798,0.79634,0.006022,0.723459,0.453509,0
0.894783,5,0.744681,0.145611,0.899137,0.009651,0.795961,0.399123,1
0.894783,5,0.765957,0.158671,0.92889,0.010368,0.813309,0.428509,1
0.894783,5,0.787234,0.151795,0.917584,0.009896,0.781719,0.534649,1
0.894783,5,0.808511,0.096013,0.884261,0.006317,0.738736,0.496491,0
0.894783,5,0.829787,0.086946,0.857483,0.005742,0.7087,0.539912,0
0.894783,5,0.851064,0.090038,0.842458,0.005918,0.673744,0.546053,0
0.894783,5,0.87234,0.087486,0.822969,0.005727,0.652771,0.550877,0
0.894783,5,0.893617,0.080972,0.773728,0.005374,0.608752,0.51886,0
0.894783,5,0.914894,0.075447,0.708718,0.004763,0.561108,0.53114,0
0.894783,5,0.93617,0.075718,0.714668,0.003706,0.523304,0.535526,0
0.894783,5,0.957447,0.069683,0.692056,0.00295,0.491455,0.527632,0
0.894783,5,0.978723,0.080311,0.665724,0.005457,0.566287,0.505702,0
0.894783,5,1.0,0.080251,0.648914,0.005436,0.552305,0.537719,0
0.894828,6,0.0,0.077219,0.63255,0.005189,0.531331,0.607456,0
0.894828,6,0.021277,0.099676,0.612467,0.005515,0.510616,0.630702,1
0.894828,6,0.042553,0.11814,0.573193,0.007424,0.573019,0.560526,1
0.894828,6,0.06383,0.082713,0.526034,0.005498,0.556965,0.566228,0
0.894828,6,0.085106,0.075988,0.473073,0.005008,0.514241,0.62807,0
0.894828,6,0.106383,0.083013,0.416691,0.005399,0.4855,0.730263,0
0.894828,6,0.12766,0.076798,0.36388,0.003702,0.444847,0.750439,0
0.894828,6,0.148936,0.074787,0.328622,0.003259,0.423874,0.750439,0
0.894828,6,0.170213,0.073346,0.308688,0.003174,0.399016,0.794298,0
0.894828,6,0.191489,0.074787,0.301398,0.002964,0.398757,0.794298,0
0.894828,6,0.212766,0.074787,0.338887,0.003423,0.396168,0.794298,0
0.894828,6,0.234043,0.05218,0.39155,0.003367,0.424909,0.765789,0
0.894828,6,0.255319,0.062808,0.50476,0.004092,0.486018,0.644737,0
0.894828,6,0.276596,0.087096,0.641029,0.005617,0.564733,0.535088,0
0.894828,6,0.297872,0.080461,0.693841,0.005318,0.609529,0.540789,0
0.894828,6,0.319149,0.09181,0.787861,0.006068,0.690316,0.477632,1
0.894828,6,0.340426,0.113426,0.805266,0.007543,0.736406,0.381579,1
0.894828,6,0.361702,0.088777,0.787712,0.005908,0.745987,0.402632,0
0.894828,6,0.382979,0.099886,0.808688,0.006674,0.762817,0.411404,1
0.894828,6,0.404255,0.100667,0.808242,0.00673,0.750647,0.383333,1
0.894828,6,0.425532,0.085625,0.768075,0.005746,0.731745,0.414474,0
0.894828,6,0.446809,0.083704,0.738173,0.005604,0.719057,0.442544,0
0.894828,6,0.468085,0.081302,0.706635,0.005444,0.70378,0.425877,0
0.894828,6,0.489362,0.073256,0.675543,0.004948,0.690057,0.40614,0
0.894828,6,0.510638,0.05281,0.65055,0.003569,0.67711,0.360088,0
0.894828,6,0.531915,0.068242,0.631955,0.004645,0.675557,0.384211,0
0.894828,6,0.553191,0.081362,0.610979,0.005467,0.701191,0.424123,0
0.894828,6,0.574468,0.069773,0.597292,0.004682,0.682289,0.417544,0
0.894828,6,0.595745,0.06575,0.583309,0.004427,0.668307,0.437281,0
0.894828,6,0.617021,0.075177,0.570068,0.005041,0.643708,0.475439,0
0.894828,6,0.638298,0.072805,0.553704,0.004892,0.625583,0.492105,0
0.894828,6,0.659574,0.067521,0.568581,0.004564,0.601243,0.496053,0
0.894828,6,0.680851,0.067011,0.592681,0.004576,0.605904,0.426316,0
0.894828,6,0.702128,0.068542,0.641773,0.004678,0.622993,0.427193,0
0.894828,6,0.723404,0.077519,0.727016,0.005268,0.671932,0.476316,0
0.894828,6,0.744681,0.094061,0.834276,0.00628,0.726049,0.46886,1
0.894828,6,0.765957,0.105951,0.859268,0.007015,0.732263,0.480702,1
0.894828,6,0.787234,0.098325,0.846474,0.006483,0.697825,0.509211,1
0.894828,6,0.808511,0.086466,0.809729,0.005681,0.66028,0.546053,1
0.894828,6,0.829787,0.083854,0.788753,0.005501,0.623511,0.611842,1
0.894828,6,0.851064,0.080191,0.767926,0.005272,0.599689,0.58114,0
0.894828,6,0.87234,0.076318,0.74219,0.005023,0.573019,0.607895,0
0.894828,6,0.893617,0.06623,0.703362,0.004408,0.539876,0.601316,0
0.894828,6,0.914894,0.059175,0.653823,0.002941,0.491973,0.552193,0
0.894828,6,0.93617,0.055332,0.684171,0.002946,0.475142,0.557456,0
0.894828,6,0.957447,0.044824,0.677179,0.002943,0.457535,0.524123,0
0.894828,6,0.978723,0.070794,0.664088,0.004852,0.548679,0.504386,0
0.894828,6,1.0,0.059715,0.649212,0.004053,0.539617,0.532895,0
0.897925,7,0.0,0.112015,0.612169,0.005156,0.506214,0.551316,1
0.897925,7,0.021277,0.113066,0.605326,0.005189,0.462455,0.595175,1
0.897925,7,0.042553,0.084995,0.568581,0.005667,0.52667,0.600439,1
0.897925,7,0.06383,0.060526,0.506694,0.003982,0.497152,0.641667,0
0.897925,7,0.085106,0.046325,0.448974,0.003039,0.459347,0.626754,0
0.897925,7,0.106383,0.035937,0.393335,0.002345,0.417141,0.616667,0
0.897925,7,0.12766,0.028852,0.337102,0.001892,0.373382,0.630702,0
0.897925,7,0.148936,0.030173,0.294555,0.001978,0.338426,0.627632,0
0.897925,7,0.170213,0.027381,0.262422,0.001797,0.318747,0.668421,0
0.897925,7,0.191489,0.025339,0.247397,0.001658,0.3058,0.680702,0
0.897925,7,0.212766,0.02633,0.252603,0.001718,0.27913,0.72193,0
0.897925,7,0.234043,0.02681,0.268075,0.001747,0.274987,0.69693,0
0.897925,7,0.255319,0.031674,0.313002,0.002056,0.291041,0.685088,0
0.897925,7,0.276596,0.03921,0.366111,0.002555,0.308648,0.722368,0
0.897925,7,0.297872,0.059085,0.438411,0.003413,0.306836,0.830702,0
0.897925,7,0.319149,0.07953,0.545671,0.004398,0.355256,0.832456,1
0.897925,7,0.340426,0.086286,0.639244,0.005145,0.394355,0.840789,1
0.897925,7,0.361702,0.090459,0.697411,0.005642,0.440186,0.835088,1
0.897925,7,0.382979,0.09208,0.734454,0.005814,0.459347,0.831579,1
0.897925,7,0.404255,0.09202,0.730437,0.005835,0.467633,0.794737,1
0.897925,7,0.425532,0.089348,0.689527,0.00565,0.465562,0.803947,1
0.897925,7,0.446809,0.087486,0.634335,0.00527,0.452874,0.835526,1
0.897925,7,0.468085,0.084154,0.593276,0.004902,0.443035,0.835088,1
0.897925,7,0.489362,0.082923,0.558316,0.005089,0.437079,0.825439,1
0.897925,7,0.510638,0.082263,0.531687,0.004869,0.426722,0.834649,1
0.897925,7,0.531915,0.073646,0.49643,0.004636,0.414552,0.770614,1
0.897925,7,0.553191,0.068152,0.469801,0.004285,0.426722,0.750439,0
0.897925,7,0.574468,0.057344,0.440643,0.003066,0.410668,0.711842,0
0.897925,7,0.595745,0.035967,0.414906,0.001888,0.401346,0.636842,0
0.897925,7,0.617021,0.044404,0.40003,0.002916,0.391766,0.635526,0
0.897925,7,0.638298,0.044584,0.392889,0.002925,0.389694,0.657895,0
0.897925,7,0.659574,0.047826,0.402856,0.002935,0.38581,0.662719,0
0.897925,7,0.680851,0.063468,0.430229,0.002927,0.38581,0.662719,0
0.897925,7,0.702128,0.064639,0.49881,0.003334,0.420508,0.637719,0
0.897925,7,0.723404,0.080371,0.590449,0.004946,0.467115,0.616228,1
0.897925,7,0.744681,0.103819,0.733413,0.006832,0.550492,0.607018,1
0.897925,7,0.765957,0.093161,0.774918,0.006165,0.574314,0.624561,1
0.897925,7,0.787234,0.089528,0.770158,0.00587,0.548162,0.655702,1
0.897925,7,0.808511,0.088958,0.731627,0.005669,0.519938,0.675439,1
0.897925,7,0.829787,0.088147,0.694734,0.005555,0.47333,0.675439,1
0.897925,7,0.851064,0.087517,0.669146,0.005604,0.469187,0.74693,1
0.897925,7,0.87234,0.087006,0.644005,0.005444,0.453392,0.747807,1
0.897925,7,0.893617,0.085115,0.605921,0.005029,0.419213,0.745614,1
0.897925,7,0.914894,0.083133,0.573936,0.004726,0.406007,0.789035,1
0.897925,7,0.93617,0.088267,0.58554,0.005343,0.391507,0.804825,1
0.897925,7,0.957447,0.127687,0.573788,0.005374,0.394614,0.792105,1
0.897925,7,0.978723,0.107121,0.553555,0.006909,0.463231,0.751316,1
0.897925,7,1.0,0.080671,0.511455,0.005185,0.46608,0.719737,1
0.897969,1,0.0,0.084424,0.477834,0.005376,0.464008,0.773684,1
0.897969,1,0.021277,0.086436,0.438857,0.005374,0.430347,0.767544,1
0.897969,1,0.042553,0.087066,0.396162,0.00565,0.484464,0.705263,1
0.897969,1,0.06383,0.081812,0.356144,0.004886,0.454169,0.750439,1
0.897969,1,0.085106,0.072835,0.311663,0.003083,0.418436,0.750439,1
0.897969,1,0.106383,0.055782,0.275216,0.003245,0.38115,0.771053,0
0.897969,1,0.12766,0.045034,0.23981,0.002902,0.35189,0.761404,0
0.897969,1,0.148936,0.044614,0.21928,0.002883,0.308389,0.757018,0
0.897969,1,0.170213,0.055752,0.201428,0.002773,0.290005,0.794298,0
0.897969,1,0.191489,0.043533,0.187593,0.001884,0.246763,0.794298,0
0.897969,1,0.212766,0.049117,0.194287,0.002083,0.240549,0.816228,0
0.897969,1,0.234043,0.05317,0.207528,0.001938,0.220611,0.816228,0
0.897969,1,0.255319,0.060886,0.234752,0.0027,0.224495,0.816228,0
0.897969,1,0.276596,0.063468,0.269563,0.002019,0.21854,0.816228,0
0.897969,1,0.297872,0.068392,0.314639,0.003047,0.195495,0.853947,0
0.897969,1,0.319149,0.080191,0.399583,0.004404,0.208959,0.854386,1
0.897969,1,0.340426,0.085955,0.482297,0.004404,0.255826,0.855263,1
0.897969,1,0.361702,0.088687,0.546861,0.004682,0.290523,0.88114,1
0.897969,1,0.382979,0.1058,0.600863,0.006068,0.330917,0.902193,1
0.897969,1,0.404255,0.107091,0.617971,0.006068,0.355774,0.902193,1
0.897969,1,0.425532,0.10583,0.598036,0.006257,0.380891,0.878509,1
0.897969,1,0.446809,0.088357,0.564564,0.004852,0.388141,0.857456,1
0.897969,1,0.468085,0.086586,0.536001,0.004404,0.396168,0.826316,1
0.897969,1,0.489362,0.087877,0.508926,0.004626,0.398239,0.738596,1
0.897969,1,0.510638,0.094662,0.484082,0.005712,0.399275,0.689912,1
0.897969,1,0.531915,0.087637,0.454032,0.004643,0.397204,0.70307,1
0.897969,1,0.553191,0.086376,0.416989,0.004541,0.420249,0.707018,1
0.897969,1,0.574468,0.084154,0.391401,0.004404,0.407302,0.707018,1
0.897969,1,0.595745,0.083013,0.376227,0.004404,0.394873,0.710965,1
0.897969,1,0.617021,0.083133,0.361648,0.004404,0.398757,0.706579,1
0.897969,1,0.638298,0.083433,0.364029,0.004404,0.40523,0.684649,1
0.897969,1,0.659574,0.084214,0.375781,0.004404,0.403936,0.671491,1
0.897969,1,0.680851,0.086015,0.395864,0.004404,0.401088,0.65,1
0.897969,1,0.702128,0.097184,0.457156,0.005457,0.424909,0.688596,1
0.897969,1,0.723404,0.097544,0.546564,0.006334,0.480062,0.709211,1
0.897969,1,0.744681,0.112225,0.682981,0.007353,0.550492,0.621053,1
0.897969,1,0.765957,0.115768,0.747099,0.007624,0.577939,0.612719,1
0.897969,1,0.787234,0.108803,0.742041,0.007144,0.559814,0.645175,1
0.897969,1,0.808511,0.110514,0.729396,0.007204,0.535215,0.690789,1
0.897969,1,0.829787,0.096944,0.697411,0.006265,0.516572,0.70614,1
0.897969,1,0.851064,0.107091,0.679857,0.0065,0.493009,0.752632,1
0.897969,1,0.87234,0.109283,0.672865,0.006213,0.475401,0.752632,1
0.897969,1,0.893617,0.089078,0.616781,0.0056,0.448731,0.792544,1
0.897969,1,0.914894,0.090639,0.567093,0.005428,0.417659,0.767105,1
0.897969,1,0.93617,0.087036,0.570366,0.004865,0.396945,0.760965,1
0.897969,1,0.957447,0.0786,0.546564,0.004198,0.375194,0.706579,0
0.897969,1,0.978723,0.084604,0.518744,0.005091,0.448472,0.660526,1
0.897969,1,1.0,0.06614,0.476644,0.00381,0.439669,0.662719,0
0.898013,2,0.0,0.045124,0.445701,0.002966,0.421284,0.627193,0
0.898013,2,0.021277,0.044524,0.410741,0.002931,0.399793,0.659211,0
0.898013,2,0.042553,0.05212,0.380839,0.003378,0.457535,0.6,0
0.898013,2,0.06383,0.044914,0.346325,0.002958,0.445624,0.576754,0
0.898013,2,0.085106,0.044164,0.311366,0.002906,0.409632,0.587281,0
0.898013,2,0.106383,0.041642,0.272389,0.002725,0.377266,0.580702,0
0.898013,2,0.12766,0.041852,0.233561,0.002719,0.339461,0.673684,0
0.898013,2,0.148936,0.02585,0.231181,0.001689,0.315898,0.633772,0
0.898013,2,0.170213,0.031284,0.225826,0.002038,0.295184,0.685088,0
0.898013,2,0.191489,0.031644,0.234008,0.002054,0.287157,0.708772,0
0.898013,2,0.212766,0.029482,0.27105,0.001919,0.297773,0.679386,0
0.898013,2,0.234043,0.040411,0.326093,0.002644,0.316675,0.671053,0
0.898013,2,0.255319,0.069383,0.441535,0.004578,0.404195,0.64693,0
0.898013,2,0.276596,0.075357,0.562333,0.00499,0.487053,0.563158,0
0.898013,2,0.297872,0.073136,0.61321,0.004921,0.556189,0.419298,0
0.898013,2,0.319149,0.0786,0.707081,0.005326,0.629984,0.47807,1
0.898013,2,0.340426,0.077549,0.729991,0.005245,0.674521,0.442544,0
0.898013,2,0.361702,0.075117,0.723743,0.005081,0.675557,0.45307,0
0.898013,2,0.382979,0.084274,0.751562,0.005704,0.686173,0.455702,1
0.898013,2,0.404255,0.080761,0.748884,0.005459,0.680476,0.441228,1
0.898013,2,0.425532,0.067431,0.715412,0.004553,0.657172,0.466667,0
0.898013,2,0.446809,0.055602,0.677328,0.003747,0.660021,0.403947,0
0.898013,2,0.468085,0.063889,0.655013,0.00431,0.63594,0.449123,0
0.898013,2,0.489362,0.067641,0.645641,0.004578,0.626359,0.482895,0
0.898013,2,0.510638,0.07875,0.631955,0.005278,0.614966,0.542544,1
0.898013,2,0.531915,0.076408,0.627789,0.00505,0.613154,0.525439,1
0.898013,2,0.553191,0.086286,0.620351,0.005654,0.616002,0.624561,1
0.898013,2,0.574468,0.080071,0.603243,0.005201,0.612636,0.555702,1
0.898013,2,0.595745,0.077729,0.590152,0.005035,0.600725,0.520175,1
0.898013,2,0.617021,0.075477,0.578251,0.004917,0.596841,0.505702,1
0.898013,2,0.638298,0.073466,0.572449,0.004821,0.574832,0.544737,1
0.898013,2,0.659574,0.073436,0.588218,0.00483,0.561626,0.516667,1
0.898013,2,0.680851,0.068332,0.620797,0.004555,0.576126,0.509211,0
0.898013,2,0.702128,0.073466,0.676287,0.004911,0.582341,0.495175,1
0.898013,2,0.723404,0.072265,0.74695,0.004823,0.625842,0.527632,1
0.898013,2,0.744681,0.116549,0.8374,0.00775,0.715432,0.558333,1
0.898013,2,0.765957,0.14426,0.855103,0.009576,0.737442,0.494737,1
0.898013,2,0.787234,0.100216,0.83011,0.006691,0.707923,0.540351,1
0.898013,2,0.808511,0.089528,0.792026,0.005924,0.658985,0.584211,1
0.898013,2,0.829787,0.075237,0.755132,0.004952,0.624806,0.626754,1
0.898013,2,0.851064,0.078119,0.729545,0.005127,0.595287,0.550877,1
0.898013,2,0.87234,0.075537,0.709908,0.004944,0.571207,0.530263,1
0.898013,2,0.893617,0.072775,0.664386,0.004817,0.534956,0.562719,1
0.898013,2,0.914894,0.055422,0.594168,0.003695,0.503884,0.567105,0
0.898013,2,0.93617,0.067942,0.616632,0.002935,0.466339,0.629825,0
0.898013,2,0.957447,0.050799,0.610533,0.002927,0.439669,0.614474,0
0.898013,2,0.978723,0.073496,0.600417,0.00489,0.515018,0.572368,1
0.898013,2,1.0,0.069743,0.580631,0.004142,0.501554,0.59693,1
0.898058,3,0.0,0.076858,0.559804,0.00501,0.477473,0.685965,1
0.898058,3,0.021277,0.073166,0.542696,0.004695,0.439151,0.694298,1
0.898058,3,0.042553,0.077999,0.520232,0.005031,0.496116,0.634649,1
0.898058,3,0.06383,0.076918,0.472627,0.004913,0.473589,0.688158,1
0.898058,3,0.085106,0.073646,0.418625,0.004684,0.445106,0.713158,1
0.898058,3,0.106383,0.065029,0.369979,0.004128,0.405489,0.783333,0
0.898058,3,0.12766,0.046776,0.31449,0.00297,0.373382,0.751754,0
0.898058,3,0.148936,0.03912,0.279232,0.002501,0.337649,0.723246,0
0.898058,3,0.170213,0.027921,0.256471,0.001801,0.310461,0.702193,0
0.898058,3,0.191489,0.029753,0.253645,0.001928,0.294666,0.697368,0
0.898058,3,0.212766,0.041161,0.282356,0.002659,0.300363,0.774123,0
0.898058,3,0.234043,0.050078,0.343499,0.003216,0.326256,0.789035,0
0.898058,3,0.255319,0.082293,0.456561,0.005245,0.41507,0.779825,1
0.898058,3,0.276596,0.087727,0.575424,0.005571,0.497152,0.687719,1
0.898058,3,0.297872,0.073856,0.612764,0.004809,0.558519,0.582895,1
0.898058,3,0.319149,0.086286,0.688932,0.005669,0.619627,0.560526,1
0.898058,3,0.340426,0.089708,0.704701,0.005933,0.661574,0.510526,1
0.898058,3,0.361702,0.082773,0.677328,0.005498,0.658985,0.505702,1
0.898058,3,0.382979,0.089558,0.705296,0.00596,0.674521,0.53114,1
0.898058,3,0.404255,0.086796,0.712586,0.005748,0.658208,0.531579,1
0.898058,3,0.425532,0.083734,0.694287,0.005534,0.654065,0.568421,1
0.898058,3,0.446809,0.06593,0.65427,0.004381,0.644744,0.513596,0
0.898058,3,0.468085,0.072145,0.643856,0.004778,0.634127,0.564912,0
0.898058,3,0.489362,0.082623,0.635823,0.005415,0.629984,0.577632,1
0.898058,3,0.510638,0.07896,0.625855,0.005133,0.598136,0.560088,1
0.898058,3,0.531915,0.07851,0.613805,0.005033,0.595546,0.634211,1
0.898058,3,0.553191,0.07872,0.610533,0.00505,0.604609,0.580263,1
0.898058,3,0.574468,0.0783,0.606218,0.005029,0.603832,0.567544,1
0.898058,3,0.595745,0.073346,0.580333,0.00474,0.593216,0.603947,0
0.898058,3,0.617021,0.072775,0.567539,0.004726,0.596841,0.592982,0
0.898058,3,0.638298,0.072775,0.561738,0.004726,0.579751,0.574123,0
0.898058,3,0.659574,0.072775,0.577358,0.00473,0.570948,0.608772,0
0.898058,3,0.680851,0.072775,0.599821,0.004742,0.569394,0.563596,0
0.898058,3,0.702128,0.077039,0.646831,0.004996,0.590109,0.659649,1
0.898058,3,0.723404,0.074997,0.724784,0.004911,0.625065,0.683772,1
0.898058,3,0.744681,0.089648,0.80244,0.005874,0.687468,0.582456,1
0.898058,3,0.765957,0.089018,0.807051,0.005837,0.70637,0.578509,1
0.898058,3,0.787234,0.085445,0.782059,0.005638,0.67478,0.574561,1
0.898058,3,0.808511,0.069803,0.736537,0.004632,0.637494,0.522807,0
0.898058,3,0.829787,0.06569,0.706932,0.004393,0.611341,0.506579,0
0.898058,3,0.851064,0.054672,0.675989,0.003635,0.577939,0.495175,0
0.898058,3,0.87234,0.053711,0.644302,0.003546,0.558778,0.517105,0
0.898058,3,0.893617,0.051099,0.603243,0.003386,0.527965,0.579386,0
0.898058,3,0.914894,0.043353,0.555341,0.002896,0.498446,0.570175,0
0.898058,3,0.93617,0.05239,0.581523,0.00345,0.458571,0.673684,0
0.898058,3,0.957447,0.046505,0.576763,0.003035,0.430865,0.658772,0
0.898058,3,0.978723,0.080491,0.577358,0.005368,0.508804,0.658772,1
0.898058,3,1.0,0.083854,0.568283,0.003978,0.493527,0.600439,1
0.898102,4,0.0,0.070704,0.552663,0.00381,0.467374,0.676754,1
0.898102,4,0.021277,0.086135,0.540167,0.004576,0.436302,0.644298,1
0.898102,4,0.042553,0.074066,0.507885,0.004842,0.49767,0.627632,1
0.898102,4,0.06383,0.06551,0.449866,0.004258,0.487571,0.663158,0
0.898102,4,0.085106,0.06563,0.399137,0.004254,0.444847,0.688596,0
0.898102,4,0.106383,0.045334,0.346921,0.002933,0.412481,0.712719,0
0.898102,4,0.12766,0.045214,0.293365,0.002919,0.382185,0.688158,0
0.898102,4,0.148936,0.03942,0.256918,0.002551,0.342569,0.671053,0
0.898102,4,0.170213,0.030413,0.241595,0.001944,0.323149,0.690789,0
0.898102,4,0.191489,0.034226,0.241297,0.002221,0.31797,0.709649,0
0.898102,4,0.212766,0.041251,0.277447,0.002665,0.329363,0.728509,0
0.898102,4,0.234043,0.047676,0.323267,0.003103,0.363283,0.717982,0
0.898102,4,0.255319,0.068032,0.432609,0.004464,0.438633,0.622368,0
0.898102,4,0.276596,0.076888,0.534662,0.005085,0.540653,0.582456,1
0.898102,4,0.297872,0.072445,0.569176,0.004828,0.587778,0.455702,1
0.898102,4,0.319149,0.075447,0.64936,0.005021,0.656914,0.527193,1
0.898102,4,0.340426,0.080221,0.65903,0.005359,0.690057,0.482018,1
0.898102,4,0.361702,0.075958,0.635525,0.005056,0.680994,0.445614,1
0.898102,4,0.382979,0.084664,0.689973,0.005625,0.673485,0.530263,1
0.898102,4,0.404255,0.077969,0.687742,0.005154,0.660798,0.514912,1
0.898102,4,0.425532,0.058815,0.67227,0.003882,0.636458,0.514474,0
0.898102,4,0.446809,0.068032,0.647724,0.004485,0.622734,0.514912,1
0.898102,4,0.468085,0.076588,0.634633,0.005044,0.612377,0.577632,1
0.898102,4,0.489362,0.071274,0.6205,0.004672,0.603314,0.54386,1
0.898102,4,0.510638,0.069323,0.609491,0.004524,0.584671,0.583333,1
0.898102,4,0.531915,0.069353,0.598929,0.00453,0.581823,0.550877,1
0.898102,4,0.553191,0.072025,0.588367,0.00474,0.609788,0.504825,1
0.898102,4,0.574468,0.066531,0.580036,0.004381,0.598912,0.52193,0
0.898102,4,0.595745,0.070494,0.580184,0.004641,0.58985,0.538596,1
0.898102,4,0.617021,0.063348,0.572151,0.004161,0.578198,0.528509,0
0.898102,4,0.638298,0.056773,0.554002,0.003727,0.569394,0.535088,0
0.898102,4,0.659574,0.0659,0.582565,0.004319,0.56784,0.525877,1
0.898102,4,0.680851,0.063889,0.605028,0.004173,0.565251,0.600877,0
0.898102,4,0.702128,0.075027,0.650402,0.004923,0.58001,0.625,1
0.898102,4,0.723404,0.073586,0.711395,0.004809,0.610564,0.703509,1
0.898102,4,0.744681,0.090969,0.788753,0.005895,0.689539,0.596491,1
0.898102,4,0.765957,0.095022,0.803779,0.006219,0.727861,0.517105,1
0.898102,4,0.787234,0.089318,0.77715,0.00586,0.710772,0.554386,1
0.898102,4,0.808511,0.073946,0.739512,0.004879,0.669342,0.548684,1
0.898102,4,0.829787,0.06572,0.712586,0.004346,0.642413,0.509649,0
0.898102,4,0.851064,0.064969,0.688634,0.004317,0.618074,0.512281,0
0.898102,4,0.87234,0.055272,0.65903,0.003668,0.589332,0.538158,0
0.898102,4,0.893617,0.044254,0.618566,0.00295,0.562144,0.503509,0
0.898102,4,0.914894,0.042662,0.569771,0.002852,0.514759,0.48114,0
0.898102,4,0.93617,0.06545,0.595061,0.004312,0.489125,0.659649,0
0.898102,4,0.957447,0.063168,0.601309,0.002277,0.450803,0.577193,0
0.898102,4,0.978723,0.075808,0.587325,0.005021,0.529777,0.548684,1
0.898102,4,1.0,0.061367,0.582713,0.004044,0.526411,0.626316,0
0.898146,5,0.0,0.071604,0.560696,0.003465,0.503366,0.598684,1
0.898146,5,0.021277,0.069143,0.546861,0.002919,0.483687,0.598684,1
0.898146,5,0.042553,0.077279,0.516662,0.005102,0.54609,0.55307,1
0.898146,5,0.06383,0.055362,0.458494,0.003623,0.527447,0.638158,0
0.898146,5,0.085106,0.051309,0.404641,0.003307,0.494562,0.687281,0
0.898146,5,0.106383,0.051669,0.353169,0.003307,0.458571,0.721053,0
0.898146,5,0.12766,0.047346,0.301547,0.003029,0.422061,0.716228,0
0.898146,5,0.148936,0.044644,0.272389,0.002877,0.393578,0.69693,0
0.898146,5,0.170213,0.034346,0.252603,0.002221,0.369757,0.673246,0
0.898146,5,0.191489,0.02663,0.251265,0.001722,0.350337,0.687281,0
0.898146,5,0.212766,0.041612,0.275216,0.002692,0.36406,0.688158,0
0.898146,5,0.234043,0.031704,0.32535,0.002056,0.381926,0.682456,0
0.898146,5,0.255319,0.069503,0.425915,0.004514,0.469964,0.600439,1
0.898146,5,0.276596,0.085505,0.536894,0.005582,0.556706,0.566667,1
0.898146,5,0.297872,0.05278,0.577209,0.003486,0.607716,0.432456,0
0.898146,5,0.319149,0.083073,0.659774,0.00553,0.685396,0.438158,1
0.898146,5,0.340426,0.090609,0.688188,0.005997,0.730709,0.426316,1
0.898146,5,0.361702,0.090579,0.686998,0.005995,0.726308,0.459649,1
0.898146,5,0.382979,0.099255,0.731627,0.006572,0.743915,0.491667,1
0.898146,5,0.404255,0.100817,0.743677,0.006624,0.726567,0.543421,1
0.898146,5,0.425532,0.097244,0.729545,0.006348,0.707664,0.580702,1
0.898146,5,0.446809,0.094962,0.707974,0.006232,0.697307,0.571053,1
0.898146,5,0.468085,0.096223,0.695478,0.006261,0.675816,0.594298,1
0.898146,5,0.489362,0.097274,0.691907,0.006321,0.659244,0.593421,1
0.898146,5,0.510638,0.098655,0.687295,0.006352,0.633351,0.635088,1
0.898146,5,0.531915,0.125796,0.684915,0.008114,0.613154,0.655702,1
0.898146,5,0.553191,0.107572,0.687295,0.006986,0.634127,0.603509,1
0.898146,5,0.574468,0.114687,0.686254,0.007424,0.631279,0.648684,1
0.898146,5,0.595745,0.140717,0.682237,0.008988,0.617038,0.728947,1
0.898146,5,0.617021,0.153447,0.669741,0.009784,0.607457,0.705702,1
0.898146,5,0.638298,0.147292,0.683725,0.009375,0.588555,0.719298,1
0.898146,5,0.659574,0.138976,0.707379,0.008841,0.582082,0.764474,1
0.898146,5,0.680851,0.149814,0.739512,0.009489,0.578975,0.764912,1
0.898146,5,0.702128,0.121893,0.768521,0.007775,0.593216,0.743421,1
0.898146,5,0.723404,0.124054,0.812407,0.00791,0.625065,0.755263,1
0.898146,5,0.744681,0.169089,0.895269,0.010814,0.711031,0.621053,1
0.898146,5,0.765957,0.272877,0.900327,0.017655,0.75479,0.637719,1
0.898146,5,0.787234,0.551579,0.877715,0.035536,0.737442,0.695614,1
0.898146,5,0.808511,0.138045,0.837251,0.008756,0.700673,0.68114,1
0.898146,5,0.829787,0.133932,0.785481,0.008477,0.66494,0.663158,1
0.898146,5,0.851064,0.156389,0.750372,0.009879,0.646815,0.735526,1
0.898146,5,0.87234,0.117119,0.718685,0.007441,0.610306,0.680702,1
0.898146,5,0.893617,0.07905,0.670039,0.005087,0.584153,0.654825,0
0.898146,5,0.914894,0.054341,0.626599,0.003519,0.54376,0.574561,0
0.898146,5,0.93617,0.085265,0.653675,0.005528,0.516572,0.754825,0
0.898146,5,0.957447,0.073826,0.644005,0.004734,0.485759,0.712281,0
0.898146,5,0.978723,0.085205,0.623624,0.005521,0.563956,0.718421,0
0.898146,5,1.0,0.075688,0.603987,0.004865,0.542724,0.732895,0
0.89819,6,0.0,0.058575,0.566647,0.003781,0.517607,0.691667,0
0.89819,6,0.021277,0.05239,0.536596,0.003382,0.488607,0.684649,0
0.89819,6,0.042553,0.079801,0.522761,0.005199,0.545572,0.634649,0
0.89819,6,0.06383,0.076258,0.476495,0.00495,0.524081,0.639912,0
0.89819,6,0.085106,0.050528,0.41684,0.00327,0.483169,0.644298,0
0.89819,6,0.106383,0.045004,0.365219,0.002921,0.445365,0.667105,0
0.89819,6,0.12766,0.044734,0.315085,0.002896,0.404454,0.707895,0
0.89819,6,0.148936,0.03936,0.284885,0.002547,0.381926,0.732018,0
0.89819,6,0.170213,0.030833,0.263166,0.001955,0.353703,0.772368,0
0.89819,6,0.191489,0.02696,0.258852,0.001735,0.347488,0.764035,0
0.89819,6,0.212766,0.041492,0.282505,0.002663,0.358364,0.787719,0
0.89819,6,0.234043,0.044494,0.332193,0.002875,0.383221,0.764035,0
0.89819,6,0.255319,0.050408,0.43499,0.003305,0.467892,0.639035,0
0.89819,6,0.276596,0.066951,0.547605,0.004387,0.547126,0.590351,0
0.89819,6,0.297872,0.055692,0.591937,0.003691,0.600207,0.488158,0
0.89819,6,0.319149,0.093521,0.672865,0.006128,0.681512,0.571053,0
0.89819,6,0.340426,0.091029,0.701428,0.005881,0.727861,0.544298,0
0.89819,6,0.361702,0.095623,0.715263,0.006211,0.732004,0.542544,0
0.89819,6,0.382979,0.127747,0.770158,0.008282,0.741844,0.559211,1
0.89819,6,0.404255,0.140026,0.787861,0.009007,0.733299,0.579386,1
0.89819,6,0.425532,0.112766,0.784737,0.007235,0.683584,0.591228,1
0.89819,6,0.446809,0.133902,0.771794,0.008673,0.717763,0.574123,1
0.89819,6,0.468085,0.150174,0.757066,0.009676,0.704816,0.607456,1
0.89819,6,0.489362,0.155578,0.754389,0.009944,0.696271,0.657018,1
0.89819,6,0.510638,0.140357,0.751265,0.008884,0.659762,0.688158,1
0.89819,6,0.531915,0.140507,0.744273,0.008853,0.649146,0.713596,1
0.89819,6,0.553191,0.14414,0.737876,0.009096,0.669601,0.67807,1
0.89819,6,0.574468,0.130449,0.730437,0.008265,0.658208,0.718421,1
0.89819,6,0.595745,0.138525,0.740107,0.008727,0.635681,0.732456,1
0.89819,6,0.617021,0.127147,0.731181,0.008024,0.622734,0.701316,1
0.89819,6,0.638298,0.100937,0.720768,0.006383,0.605645,0.746053,0
0.89819,6,0.659574,0.112105,0.748735,0.007071,0.590886,0.785088,1
0.89819,6,0.680851,0.100216,0.778191,0.006323,0.587778,0.752193,0
0.89819,6,0.702128,0.095292,0.805861,0.006074,0.603573,0.735088,0
0.89819,6,0.723404,0.094542,0.831895,0.006088,0.629726,0.673246,0
0.89819,6,0.744681,0.112345,0.880244,0.007239,0.685396,0.598246,1
0.89819,6,0.765957,0.104509,0.867301,0.006739,0.717504,0.546053,0
0.89819,6,0.787234,0.095773,0.848408,0.006136,0.698602,0.592105,0
0.89819,6,0.808511,0.087667,0.801547,0.005644,0.650699,0.635526,0
0.89819,6,0.829787,0.07845,0.767777,0.005098,0.618591,0.654825,0
0.89819,6,0.851064,0.06599,0.733859,0.004294,0.580528,0.672807,0
0.89819,6,0.87234,0.066921,0.71199,0.004339,0.562144,0.661404,0
0.89819,6,0.893617,0.056293,0.667956,0.003641,0.520974,0.571053,0
0.89819,6,0.914894,0.061637,0.614549,0.004036,0.494045,0.589035,0
0.89819,6,0.93617,0.086766,0.638798,0.003752,0.470482,0.662719,0
0.89819,6,0.957447,0.086466,0.642368,0.004387,0.457535,0.706579,0
0.89819,6,0.978723,0.089498,0.620946,0.005748,0.542983,0.632895,1
0.89819,6,1.0,0.085625,0.600565,0.005498,0.531849,0.692982,0
0.898235,7,0.0,0.080641,0.557126,0.00522,0.503884,0.724123,0
0.898235,7,0.021277,0.084064,0.545076,0.005422,0.477732,0.74693,0
0.898235,7,0.042553,0.083944,0.509075,0.005434,0.522786,0.681579,0
0.898235,7,0.06383,0.056143,0.450015,0.003612,0.497411,0.698684,0
0.898235,7,0.085106,0.053771,0.391104,0.003448,0.460901,0.673684,0
0.898235,7,0.106383,0.049117,0.329217,0.002933,0.422838,0.717105,0
0.898235,7,0.12766,0.049658,0.271645,0.002902,0.378042,0.78114,0
0.898235,7,0.148936,0.06626,0.235049,0.002939,0.334542,0.778947,0
0.898235,7,0.170213,0.031494,0.207676,0.002,0.309425,0.748246,0
0.898235,7,0.191489,0.046836,0.208123,0.002179,0.286121,0.779825,0
0.898235,7,0.212766,0.06566,0.212586,0.002432,0.274987,0.794298,0
0.898235,7,0.234043,0.05281,0.212883,0.002324,0.269291,0.794298,0
0.898235,7,0.255319,0.050859,0.247992,0.002646,0.295443,0.794298,0
0.898235,7,0.276596,0.06635,0.29039,0.002665,0.3203,0.794298,0
0.898235,7,0.297872,0.076648,0.333383,0.002661,0.316675,0.809649,0
0.898235,7,0.319149,0.080491,0.420857,0.003546,0.351631,0.787719,0
0.898235,7,0.340426,0.080221,0.508182,0.005062,0.397462,0.755702,0
0.898235,7,0.361702,0.099225,0.567391,0.006128,0.43682,0.787719,1
0.898235,7,0.382979,0.096223,0.63136,0.005715,0.457535,0.757456,1
0.898235,7,0.404255,0.096223,0.650997,0.005771,0.453133,0.772368,1
0.898235,7,0.425532,0.096703,0.64222,0.005796,0.454687,0.754825,1
0.898235,7,0.446809,0.09244,0.627938,0.004817,0.43682,0.794298,1
0.898235,7,0.468085,0.09244,0.610533,0.005559,0.428534,0.784649,1
0.898235,7,0.489362,0.09244,0.58435,0.004497,0.415588,0.794298,1
0.898235,7,0.510638,0.09244,0.556382,0.004221,0.399016,0.816228,1
0.898235,7,0.531915,0.09244,0.53377,0.003415,0.385293,0.816228,1
0.898235,7,0.553191,0.09244,0.506694,0.004117,0.388659,0.794298,1
0.898235,7,0.574468,0.069383,0.48676,0.002993,0.374158,0.760526,0
0.898235,7,0.595745,0.073796,0.473222,0.002964,0.357328,0.750439,0
0.898235,7,0.617021,0.084574,0.458197,0.00339,0.332988,0.728509,1
0.898235,7,0.638298,0.089138,0.45537,0.002914,0.329363,0.728509,1
0.898235,7,0.659574,0.089138,0.46266,0.002912,0.328845,0.728509,1
0.898235,7,0.680851,0.086946,0.474115,0.003336,0.324443,0.772368,1
0.898235,7,0.702128,0.089138,0.519191,0.003884,0.352926,0.772368,1
0.898235,7,0.723404,0.086796,0.566944,0.005021,0.397721,0.770614,1
0.898235,7,0.744681,0.093371,0.682535,0.005928,0.481357,0.751754,1
0.898235,7,0.765957,0.094512,0.711247,0.006026,0.548162,0.70307,1
0.898235,7,0.787234,0.090819,0.697263,0.005756,0.541947,0.697807,1
0.898235,7,0.808511,0.086826,0.658435,0.005486,0.509322,0.720175,1
0.898235,7,0.829787,0.086826,0.619458,0.005403,0.484723,0.772368,1
0.898235,7,0.851064,0.086826,0.587771,0.004923,0.459347,0.787719,1
0.898235,7,0.87234,0.086826,0.569027,0.004639,0.436561,0.787719,1
0.898235,7,0.893617,0.088237,0.534514,0.002902,0.403677,0.634211,1
0.898235,7,0.914894,0.086826,0.505058,0.002455,0.387364,0.640789,1
0.898235,7,0.93617,0.086826,0.522464,0.002711,0.386069,0.649561,1
0.898235,7,0.957447,0.090008,0.525439,0.005442,0.387364,0.706579,1
0.898235,7,0.978723,0.089468,0.519488,0.005841,0.47825,0.655702,1
0.898235,7,1.0,0.070554,0.483041,0.004574,0.466857,0.681579,0
0.898279,1,0.0,0.083614,0.441238,0.004518,0.457794,0.611404,1
0.898279,1,0.021277,0.058034,0.39393,0.003247,0.42465,0.640351,0
0.898279,1,0.042553,0.071334,0.3554,0.004614,0.490419,0.545175,0
0.898279,1,0.06383,0.051219,0.311217,0.003365,0.460383,0.547368,0
0.898279,1,0.085106,0.071154,0.272092,0.003054,0.424392,0.592544,0
0.898279,1,0.106383,0.057103,0.229098,0.003382,0.386846,0.664474,0
0.898279,1,0.12766,0.044704,0.201428,0.002898,0.344122,0.654386,0
0.898279,1,0.148936,0.038699,0.178965,0.00252,0.312273,0.655263,0
0.898279,1,0.170213,0.023778,0.164386,0.001554,0.28146,0.657895,0
0.898279,1,0.191489,0.023838,0.158286,0.001556,0.256085,0.681579,0
0.898279,1,0.212766,0.024739,0.162005,0.001618,0.231745,0.666228,0
0.898279,1,0.234043,0.022127,0.166022,0.001448,0.223718,0.649123,0
0.898279,1,0.255319,0.029422,0.193544,0.001928,0.218799,0.653947,0
0.898279,1,0.276596,0.027921,0.222404,0.00183,0.220093,0.67193,0
0.898279,1,0.297872,0.030263,0.251562,0.001973,0.189798,0.745614,0
0.898279,1,0.319149,0.044254,0.323416,0.002403,0.211548,0.816228,0
0.898279,1,0.340426,0.062748,0.389467,0.002835,0.257121,0.816228,0
0.898279,1,0.361702,0.082503,0.460131,0.002605,0.296479,0.794298,1
0.898279,1,0.382979,0.089528,0.518596,0.003176,0.328068,0.816228,1
0.898279,1,0.404255,0.087967,0.548795,0.003479,0.350854,0.816228,1
0.898279,1,0.425532,0.080491,0.543737,0.002725,0.350596,0.772368,1
0.898279,1,0.446809,0.056053,0.533026,0.002939,0.338426,0.877632,0
0.898279,1,0.468085,0.075868,0.518893,0.002929,0.339461,0.879825,1
0.898279,1,0.489362,0.076258,0.497025,0.002921,0.32755,0.879825,1
0.898279,1,0.510638,0.078119,0.482594,0.003027,0.327033,0.860965,1
0.898279,1,0.531915,0.078119,0.462957,0.002916,0.323925,0.860965,1
0.898279,1,0.553191,0.075778,0.43975,0.003099,0.322372,0.860965,1
0.898279,1,0.574468,0.075117,0.41446,0.002914,0.304247,0.860965,1
0.898279,1,0.595745,0.071634,0.394823,0.002914,0.281719,0.860965,1
0.898279,1,0.617021,0.06536,0.385302,0.002914,0.271362,0.860965,0
0.898279,1,0.638298,0.06548,0.390509,0.002914,0.261781,0.860965,0
0.898279,1,0.659574,0.068752,0.401071,0.002914,0.272916,0.860965,0
0.898279,1,0.680851,0.074246,0.420411,0.00291,0.274469,0.860965,1
0.898279,1,0.702128,0.069353,0.467867,0.002933,0.304247,0.873246,1
0.898279,1,0.723404,0.063438,0.520827,0.003986,0.357587,0.814035,0
0.898279,1,0.744681,0.077189,0.6385,0.004846,0.454687,0.740351,1
0.898279,1,0.765957,0.079651,0.693692,0.004998,0.52175,0.649123,1
0.898279,1,0.787234,0.082863,0.693841,0.005189,0.537804,0.665789,1
0.898279,1,0.808511,0.078119,0.671526,0.004896,0.514759,0.688158,1
0.898279,1,0.829787,0.078119,0.651294,0.004128,0.497152,0.712719,1
0.898279,1,0.851064,0.078119,0.635079,0.004684,0.490678,0.706579,1
0.898279,1,0.87234,0.078119,0.612615,0.003571,0.469705,0.717105,1
0.898279,1,0.893617,0.077429,0.576019,0.003398,0.434749,0.739035,1
0.898279,1,0.914894,0.080371,0.527075,0.003808,0.399534,0.688596,1
0.898279,1,0.93617,0.078119,0.531836,0.002914,0.381409,0.701754,1
0.898279,1,0.957447,0.078119,0.509372,0.002808,0.350854,0.688596,1
0.898279,1,0.978723,0.078119,0.48795,0.005008,0.426463,0.720175,1
0.898279,1,1.0,0.077009,0.458941,0.00354,0.434231,0.70614,1
0.898323,2,0.0,0.072085,0.429039,0.003968,0.423097,0.706579,1
0.898323,2,0.021277,0.070524,0.393633,0.003004,0.409373,0.732895,1
0.898323,2,0.042553,0.075027,0.365963,0.004877,0.465821,0.662281,1
0.898323,2,0.06383,0.068422,0.327284,0.004427,0.456499,0.67193,1
0.898323,2,0.085106,0.074246,0.29515,0.002929,0.419213,0.680263,1
0.898323,2,0.106383,0.049718,0.263612,0.003191,0.392284,0.737281,0
0.898323,2,0.12766,0.045184,0.234454,0.002904,0.360176,0.725,0
0.898323,2,0.148936,0.045094,0.219875,0.0029,0.341274,0.705702,0
0.898323,2,0.170213,0.041642,0.217644,0.002692,0.304505,0.71886,0
0.898323,2,0.191489,0.044464,0.228652,0.002871,0.300363,0.742544,0
0.898323,2,0.212766,0.045515,0.267034,0.002925,0.31797,0.772807,0
0.898323,2,0.234043,0.047166,0.31925,0.003043,0.35448,0.759649,0
0.898323,2,0.255319,0.061096,0.444213,0.003951,0.435008,0.755263,0
0.898323,2,0.276596,0.07839,0.565754,0.005037,0.528742,0.679386,1
0.898323,2,0.297872,0.060466,0.595656,0.003941,0.564992,0.561404,0
0.898323,2,0.319149,0.079711,0.67346,0.005212,0.645262,0.628509,1
0.898323,2,0.340426,0.081272,0.692205,0.005274,0.67711,0.617982,1
0.898323,2,0.361702,0.076048,0.676584,0.004952,0.684619,0.572368,1
0.898323,2,0.382979,0.082773,0.701874,0.005403,0.691611,0.60307,1
0.898323,2,0.404255,0.07959,0.70366,0.005187,0.691093,0.584649,1
0.898323,2,0.425532,0.074967,0.676882,0.004859,0.669601,0.539474,1
0.898323,2,0.446809,0.071304,0.6385,0.004668,0.641378,0.579386,1
0.898323,2,0.468085,0.066831,0.615591,0.004358,0.635163,0.59693,0
0.898323,2,0.489362,0.059986,0.595805,0.003907,0.622993,0.573246,0
0.898323,2,0.510638,0.055212,0.576465,0.003598,0.607198,0.511404,0
0.898323,2,0.531915,0.071664,0.569325,0.004715,0.601502,0.532895,1
0.898323,2,0.553191,0.064339,0.551026,0.004256,0.612118,0.490351,0
0.898323,2,0.574468,0.054942,0.536894,0.003635,0.60668,0.485965,0
0.898323,2,0.595745,0.055872,0.529009,0.003704,0.595287,0.433772,0
0.898323,2,0.617021,0.05239,0.512645,0.003457,0.58985,0.474561,0
0.898323,2,0.638298,0.05239,0.512199,0.00345,0.57535,0.533333,0
0.898323,2,0.659574,0.05239,0.515323,0.003454,0.565769,0.542982,0
0.898323,2,0.680851,0.05239,0.533175,0.003471,0.562403,0.531579,0
0.898323,2,0.702128,0.053561,0.567837,0.003554,0.575608,0.468421,0
0.898323,2,0.723404,0.056353,0.63136,0.003749,0.606422,0.561404,0
0.898323,2,0.744681,0.083163,0.752306,0.00548,0.671673,0.534211,1
0.898323,2,0.765957,0.088747,0.799911,0.005823,0.708959,0.50307,1
0.898323,2,0.787234,0.087547,0.796043,0.00571,0.685655,0.547807,1
0.898323,2,0.808511,0.077969,0.768373,0.005104,0.637752,0.515351,1
0.898323,2,0.829787,0.075087,0.741148,0.004911,0.607457,0.610965,1
0.898323,2,0.851064,0.075447,0.719875,0.004923,0.580269,0.609211,1
0.898323,2,0.87234,0.074607,0.700089,0.004855,0.550492,0.610088,1
0.898323,2,0.893617,0.068992,0.660964,0.004524,0.525375,0.637281,1
0.898323,2,0.914894,0.055632,0.604582,0.003515,0.488866,0.601316,0
0.898323,2,0.93617,0.080101,0.622285,0.004682,0.458053,0.697807,1
0.898323,2,0.957447,0.076828,0.603094,0.00436,0.418954,0.677193,1
0.898323,2,0.978723,0.077789,0.60607,0.005041,0.516054,0.627193,1
0.898323,2,1.0,0.075477,0.594317,0.004861,0.498446,0.667105,1
0.898367,3,0.0,0.075627,0.574829,0.004859,0.479285,0.687719,1
0.898367,3,0.021277,0.077699,0.556233,0.004412,0.440186,0.692544,1
0.898367,3,0.042553,0.076738,0.529753,0.004969,0.505697,0.616228,1
0.898367,3,0.06383,0.066471,0.475007,0.004312,0.489902,0.634649,1
0.898367,3,0.085106,0.056083,0.418625,0.003629,0.455722,0.699123,0
0.898367,3,0.106383,0.051429,0.369087,0.003255,0.419472,0.763158,0
0.898367,3,0.12766,0.048607,0.3133,0.002692,0.375194,0.770614,0
0.898367,3,0.148936,0.045244,0.286968,0.00268,0.350337,0.770614,0
0.898367,3,0.170213,0.028312,0.264951,0.001799,0.321854,0.765351,0
0.898367,3,0.191489,0.031434,0.264356,0.002007,0.304505,0.777193,0
0.898367,3,0.212766,0.048667,0.291282,0.002462,0.307872,0.794298,0
0.898367,3,0.234043,0.045845,0.343053,0.002875,0.342051,0.794298,0
0.898367,3,0.255319,0.059055,0.46742,0.00372,0.444329,0.718421,0
0.898367,3,0.276596,0.07923,0.582565,0.00512,0.5145,0.638596,1
0.898367,3,0.297872,0.061637,0.612467,0.004038,0.561367,0.541667,0
0.898367,3,0.319149,0.080371,0.682237,0.005301,0.639824,0.551754,1
0.898367,3,0.340426,0.083343,0.688188,0.005496,0.668824,0.518421,1
0.898367,3,0.361702,0.079921,0.665576,0.005293,0.673226,0.465789,1
0.898367,3,0.382979,0.077699,0.652336,0.005177,0.68203,0.471053,1
0.898367,3,0.404255,0.077729,0.64698,0.005183,0.674262,0.429386,1
0.898367,3,0.425532,0.066981,0.611723,0.004487,0.654842,0.351754,1
0.898367,3,0.446809,0.054191,0.59997,0.003612,0.644226,0.388596,0
0.898367,3,0.468085,0.054612,0.580928,0.003652,0.643449,0.39693,0
0.898367,3,0.489362,0.067401,0.576019,0.004497,0.624029,0.433772,1
0.898367,3,0.510638,0.061727,0.560547,0.004078,0.612118,0.479825,0
0.898367,3,0.531915,0.055482,0.539572,0.003635,0.603573,0.435088,0
0.898367,3,0.553191,0.055152,0.534811,0.003635,0.62144,0.411404,0
0.898367,3,0.574468,0.053771,0.522017,0.003542,0.612118,0.420175,0
0.898367,3,0.595745,0.0529,0.51681,0.003467,0.611859,0.403947,0
0.898367,3,0.617021,0.053351,0.504314,0.003511,0.602538,0.432456,0
0.898367,3,0.638298,0.05239,0.497769,0.003446,0.577421,0.46886,0
0.898367,3,0.659574,0.05239,0.510562,0.003444,0.58985,0.453509,0
0.898367,3,0.680851,0.05323,0.528414,0.003527,0.595805,0.435965,0
0.898367,3,0.702128,0.058004,0.55906,0.00386,0.62144,0.439912,0
0.898367,3,0.723404,0.071544,0.62288,0.004794,0.66028,0.423684,1
0.898367,3,0.744681,0.090579,0.735495,0.006003,0.72579,0.464035,1
0.898367,3,0.765957,0.09262,0.771199,0.006107,0.741067,0.466228,1
0.898367,3,0.787234,0.091119,0.760637,0.00597,0.699896,0.490789,1
0.898367,3,0.808511,0.080041,0.723148,0.005291,0.665199,0.490789,1
0.898367,3,0.829787,0.071394,0.696519,0.004755,0.635422,0.460526,1
0.898367,3,0.851064,0.064459,0.677179,0.004302,0.608234,0.460088,0
0.898367,3,0.87234,0.060496,0.648468,0.004005,0.574055,0.464035,0
0.898367,3,0.893617,0.05326,0.60488,0.003523,0.54609,0.479386,0
0.898367,3,0.914894,0.045274,0.552514,0.003031,0.503625,0.470614,0
0.898367,3,0.93617,0.071304,0.588218,0.004705,0.483428,0.642544,1
0.898367,3,0.957447,0.053531,0.580036,0.003303,0.446142,0.61886,0
0.898367,3,0.978723,0.073106,0.571407,0.00478,0.517349,0.617105,1
0.898367,3,1.0,0.071094,0.558911,0.004612,0.506214,0.660088,1
0.898412,4,0.0,0.074847,0.54701,0.004836,0.481357,0.670175,1
0.898412,4,0.021277,0.06554,0.533026,0.004034,0.451579,0.670614,1
0.898412,4,0.042553,0.076558,0.503868,0.004985,0.516054,0.57193,1
0.898412,4,0.06383,0.060436,0.448825,0.003928,0.486794,0.587281,0
0.898412,4,0.085106,0.05296,0.389914,0.003436,0.453133,0.660965,0
0.898412,4,0.106383,0.045965,0.338292,0.002964,0.413516,0.650877,0
0.898412,4,0.12766,0.044734,0.289051,0.002904,0.36406,0.689912,0
0.898412,4,0.148936,0.036838,0.252306,0.002389,0.345417,0.690789,0
0.898412,4,0.170213,0.027801,0.231925,0.001801,0.310461,0.710088,0
0.898412,4,0.191489,0.027771,0.228206,0.001799,0.301139,0.713596,0
0.898412,4,0.212766,0.043053,0.252008,0.002781,0.3058,0.726754,0
0.898412,4,0.234043,0.047226,0.306308,0.003074,0.337131,0.680263,0
0.898412,4,0.255319,0.056323,0.420411,0.003675,0.417659,0.648246,0
0.898412,4,0.276596,0.07851,0.520976,0.005147,0.511134,0.594298,1
0.898412,4,0.297872,0.056863,0.549241,0.003749,0.562403,0.507018,0
0.898412,4,0.319149,0.087036,0.621988,0.005939,0.644744,0.451754,1
0.898412,4,0.340426,0.084694,0.624814,0.005596,0.671673,0.499561,1
0.898412,4,0.361702,0.074006,0.604582,0.004896,0.686432,0.485965,1
0.898412,4,0.382979,0.09244,0.632252,0.006074,0.699379,0.517105,1
0.898412,4,0.404255,0.084364,0.635079,0.005557,0.684878,0.493421,1
0.898412,4,0.425532,0.088747,0.610979,0.005854,0.677369,0.482895,1
0.898412,4,0.446809,0.083854,0.590152,0.005544,0.686432,0.459211,1
0.898412,4,0.468085,0.085835,0.567539,0.005669,0.678405,0.453947,1
0.898412,4,0.489362,0.088838,0.554746,0.005847,0.685396,0.482895,1
0.898412,4,0.510638,0.082112,0.534067,0.005399,0.670378,0.485965,1
0.898412,4,0.531915,0.079981,0.526183,0.005266,0.675039,0.464474,1
0.898412,4,0.553191,0.087216,0.523059,0.005758,0.700414,0.446053,1
0.898412,4,0.574468,0.083764,0.517703,0.005519,0.70145,0.418421,1
0.898412,4,0.595745,0.085415,0.506992,0.00564,0.681253,0.45307,1
0.898412,4,0.617021,0.075748,0.492115,0.004987,0.673485,0.424561,1
0.898412,4,0.638298,0.078089,0.484975,0.005139,0.658467,0.466228,1
0.898412,4,0.659574,0.077909,0.496727,0.005139,0.655878,0.496491,1
0.898412,4,0.680851,0.075027,0.505356,0.004948,0.657172,0.441228,1
0.898412,4,0.702128,0.075027,0.533323,0.004994,0.678923,0.448684,1
0.898412,4,0.723404,0.071064,0.596251,0.004765,0.714915,0.403947,1
0.898412,4,0.744681,0.094332,0.692056,0.006296,0.752201,0.414912,1
0.898412,4,0.765957,0.094722,0.724784,0.00625,0.751942,0.446053,1
0.898412,4,0.787234,0.089588,0.705742,0.005926,0.714915,0.477632,1
0.898412,4,0.808511,0.059175,0.673907,0.003947,0.670896,0.377193,0
0.898412,4,0.829787,0.053951,0.650699,0.003581,0.64319,0.414035,0
0.898412,4,0.851064,0.05239,0.624665,0.003488,0.602279,0.476316,0
0.898412,4,0.87234,0.049748,0.606962,0.00333,0.583118,0.520175,0
0.898412,4,0.893617,0.042362,0.566052,0.002846,0.544278,0.46886,0
0.898412,4,0.914894,0.037438,0.519488,0.002536,0.510875,0.439035,0
0.898412,4,0.93617,0.078089,0.558614,0.005185,0.47566,0.627193,1
0.898412,4,0.957447,0.06641,0.557721,0.00441,0.447437,0.6,0
0.898412,4,0.978723,0.083734,0.554151,0.005557,0.522786,0.500877,1
0.898412,4,1.0,0.082383,0.546117,0.005434,0.506214,0.661842,1
0.898456,5,0.0,0.087186,0.533472,0.005715,0.48291,0.544298,1
0.898456,5,0.021277,0.087426,0.515472,0.00571,0.453133,0.576316,1
0.898456,5,0.042553,0.089408,0.486611,0.005895,0.510875,0.525439,1
0.898456,5,0.06383,0.078239,0.430527,0.00512,0.488348,0.590789,1
0.898456,5,0.085106,0.054371,0.375335,0.003565,0.447437,0.616667,0
0.898456,5,0.106383,0.044194,0.328474,0.002894,0.40057,0.605263,0
0.898456,5,0.12766,0.058815,0.279976,0.003864,0.364578,0.642982,0
0.898456,5,0.148936,0.053321,0.253347,0.003486,0.336354,0.654825,0
0.898456,5,0.170213,0.034106,0.231627,0.002227,0.306836,0.667105,0
0.898456,5,0.191489,0.033415,0.232074,0.002185,0.291818,0.682895,0
0.898456,5,0.212766,0.06518,0.257215,0.004238,0.295184,0.730263,0
0.898456,5,0.234043,0.054281,0.307051,0.003527,0.323925,0.673684,0
0.898456,5,0.255319,0.071574,0.419667,0.004736,0.403418,0.574123,0
0.898456,5,0.276596,0.084364,0.523505,0.0056,0.494045,0.533772,1
0.898456,5,0.297872,0.083794,0.557721,0.005619,0.550492,0.403947,1
0.898456,5,0.319149,0.080551,0.62526,0.005403,0.627395,0.416667,1
0.898456,5,0.340426,0.097124,0.63731,0.006531,0.662092,0.407018,1
0.898456,5,0.361702,0.088567,0.623921,0.005966,0.666494,0.377632,1
0.898456,5,0.382979,0.126306,0.657542,0.008546,0.670637,0.410088,1
0.898456,5,0.404255,0.106791,0.659476,0.007164,0.661833,0.385526,1
0.898456,5,0.425532,0.093221,0.628831,0.006248,0.648628,0.364912,1
0.898456,5,0.446809,0.090068,0.600119,0.006051,0.642672,0.345175,1
0.898456,5,0.468085,0.088207,0.576763,0.005862,0.632056,0.274123,1
0.898456,5,0.489362,0.088928,0.560845,0.005879,0.625842,0.326316,1
0.898456,5,0.510638,0.088447,0.5482,0.005823,0.611341,0.330702,1
0.898456,5,0.531915,0.089258,0.538381,0.005858,0.609788,0.342982,1
0.898456,5,0.553191,0.088958,0.530794,0.005879,0.629726,0.352193,1
0.898456,5,0.574468,0.088898,0.523059,0.005868,0.620145,0.282895,1
0.898456,5,0.595745,0.086826,0.513538,0.005781,0.61419,0.351316,1
0.898456,5,0.617021,0.086526,0.498512,0.005791,0.600725,0.378947,1
0.898456,5,0.638298,0.085475,0.490925,0.005708,0.578975,0.428947,1
0.898456,5,0.659574,0.084724,0.49762,0.005658,0.567064,0.447807,1
0.898456,5,0.680851,0.085415,0.506546,0.005712,0.571983,0.40614,1
0.898456,5,0.702128,0.085535,0.533323,0.005719,0.589591,0.359211,1
0.898456,5,0.723404,0.084544,0.581821,0.005688,0.621958,0.339474,1
0.898456,5,0.744681,0.090068,0.678816,0.005999,0.68695,0.341228,1
0.898456,5,0.765957,0.093251,0.714519,0.006226,0.712843,0.292982,1
0.898456,5,0.787234,0.093461,0.704255,0.006265,0.689021,0.259211,1
0.898456,5,0.808511,0.088868,0.675097,0.005924,0.645779,0.269298,1
0.898456,5,0.829787,0.088507,0.650997,0.005879,0.613672,0.273684,1
0.898456,5,0.851064,0.087126,0.643558,0.00576,0.58001,0.352632,1
0.898456,5,0.87234,0.086045,0.62407,0.005685,0.553858,0.429825,1
0.898456,5,0.893617,0.080671,0.582862,0.005401,0.517607,0.462281,1
0.898456,5,0.914894,0.059565,0.531687,0.004009,0.482393,0.478947,0
0.898456,5,0.93617,0.083343,0.568878,0.00553,0.447178,0.637281,1
0.898456,5,0.957447,0.059926,0.569027,0.003268,0.42465,0.584211,0
0.898456,5,0.978723,0.083824,0.563523,0.005559,0.504143,0.519298,1
0.898456,5,1.0,0.084784,0.558762,0.005571,0.489643,0.583772,1
0.8985,6,0.0,0.085085,0.539274,0.005565,0.460901,0.633772,1
0.8985,6,0.021277,0.086135,0.51681,0.005598,0.430865,0.613158,1
0.8985,6,0.042553,0.087847,0.492562,0.005754,0.48783,0.626316,1
0.8985,6,0.06383,0.074847,0.440791,0.004873,0.467892,0.649561,0
0.8985,6,0.085106,0.059325,0.383814,0.003855,0.424909,0.638158,0
0.8985,6,0.106383,0.057794,0.331151,0.003772,0.381409,0.661842,0
0.8985,6,0.12766,0.047166,0.275811,0.003068,0.340497,0.682895,0
0.8985,6,0.148936,0.042212,0.249777,0.002744,0.314604,0.667105,0
0.8985,6,0.170213,0.042993,0.232966,0.0028,0.287675,0.670175,0
0.8985,6,0.191489,0.042032,0.228206,0.002746,0.271103,0.666228,0
0.8985,6,0.212766,0.044944,0.261678,0.002931,0.293371,0.710088,0
0.8985,6,0.234043,0.045334,0.315977,0.002968,0.316934,0.691667,0
0.8985,6,0.255319,0.056623,0.427105,0.003752,0.406266,0.625877,0
0.8985,6,0.276596,0.07902,0.529307,0.005222,0.479544,0.54693,0
0.8985,6,0.297872,0.056143,0.551026,0.003714,0.527188,0.497368,0
0.8985,6,0.319149,0.089348,0.615888,0.005901,0.595287,0.389474,1
0.8985,6,0.340426,0.09157,0.622731,0.006047,0.628949,0.353509,1
0.8985,6,0.361702,0.090189,0.598929,0.00598,0.633351,0.345614,1
0.8985,6,0.382979,0.093491,0.629277,0.006203,0.638788,0.389474,1
0.8985,6,0.404255,0.090309,0.626004,0.005989,0.623252,0.36886,1
0.8985,6,0.425532,0.090699,0.603243,0.006007,0.613931,0.352193,1
0.8985,6,0.446809,0.088507,0.575573,0.00587,0.610564,0.345175,1
0.8985,6,0.468085,0.09157,0.551919,0.006072,0.603573,0.351754,1
0.8985,6,0.489362,0.088777,0.543291,0.005879,0.599689,0.301316,1
0.8985,6,0.510638,0.087126,0.523802,0.00576,0.5826,0.317105,1
0.8985,6,0.531915,0.087907,0.517108,0.005802,0.56059,0.289474,1
0.8985,6,0.553191,0.087697,0.507736,0.005789,0.591144,0.292982,1
0.8985,6,0.574468,0.087216,0.493454,0.005766,0.593993,0.294737,1
0.8985,6,0.595745,0.086826,0.482743,0.00576,0.588037,0.275877,1
0.8985,6,0.617021,0.086616,0.457602,0.005754,0.568099,0.327632,1
0.8985,6,0.638298,0.084995,0.445552,0.005667,0.551787,0.340789,1
0.8985,6,0.659574,0.084995,0.45418,0.005661,0.536769,0.351316,1
0.8985,6,0.680851,0.085535,0.465338,0.005717,0.532108,0.274123,1
0.8985,6,0.702128,0.084995,0.483041,0.005717,0.536769,0.298246,1
0.8985,6,0.723404,0.084784,0.525439,0.005781,0.578457,0.230263,1
0.8985,6,0.744681,0.086466,0.612913,0.005889,0.625583,0.228509,1
0.8985,6,0.765957,0.087847,0.634484,0.005972,0.673744,0.198246,1
0.8985,6,0.787234,0.087366,0.623475,0.005928,0.656655,0.280263,1
0.8985,6,0.808511,0.085295,0.588515,0.005787,0.622216,0.286842,1
0.8985,6,0.829787,0.084724,0.561738,0.005783,0.588296,0.304825,1
0.8985,6,0.851064,0.083223,0.545076,0.005698,0.564992,0.308333,1
0.8985,6,0.87234,0.075838,0.52767,0.00517,0.533143,0.337281,0
0.8985,6,0.893617,0.075027,0.501339,0.00511,0.504402,0.34693,0
0.8985,6,0.914894,0.042272,0.459238,0.002914,0.467374,0.272807,0
0.8985,6,0.93617,0.076318,0.510265,0.005216,0.445106,0.44693,0
0.8985,6,0.957447,0.084935,0.527373,0.005667,0.436044,0.466667,1
0.8985,6,0.978723,0.086946,0.53258,0.005806,0.530813,0.365351,1
0.8985,6,1.0,0.086676,0.52053,0.005777,0.52667,0.432018,1
0.898544,7,0.0,0.088898,0.493008,0.005893,0.495598,0.469298,1
0.898544,7,0.021277,0.090038,0.481404,0.005874,0.468669,0.517105,1
0.898544,7,0.042553,0.089918,0.448974,0.005904,0.517349,0.480702,1
0.898544,7,0.06383,0.086796,0.394228,0.005737,0.494821,0.475439,1
0.898544,7,0.085106,0.077909,0.330854,0.005143,0.452356,0.488158,1
0.898544,7,0.106383,0.061277,0.277596,0.004055,0.413257,0.530263,0
0.898544,7,0.12766,0.043983,0.228057,0.002904,0.37131,0.574123,0
0.898544,7,0.148936,0.036838,0.195329,0.002437,0.33739,0.554386,0
0.898544,7,0.170213,0.034196,0.171526,0.002258,0.310461,0.614912,0
0.898544,7,0.191489,0.033896,0.162303,0.002229,0.289228,0.630263,0
0.898544,7,0.212766,0.035037,0.172865,0.002304,0.280684,0.642982,0
0.898544,7,0.234043,0.042062,0.194139,0.002752,0.28405,0.685526,0
0.898544,7,0.255319,0.044794,0.223445,0.002921,0.302952,0.69386,0
0.898544,7,0.276596,0.049898,0.268819,0.003261,0.323149,0.674123,0
0.898544,7,0.297872,0.055572,0.321928,0.003621,0.313309,0.689474,0
0.898544,7,0.319149,0.077669,0.40717,0.005079,0.348265,0.699123,1
0.898544,7,0.340426,0.087847,0.476644,0.005623,0.389177,0.669298,1
0.898544,7,0.361702,0.089168,0.519488,0.005638,0.415847,0.661842,1
0.898544,7,0.382979,0.090068,0.560399,0.005642,0.429829,0.636842,1
0.898544,7,0.404255,0.090068,0.571705,0.005617,0.426981,0.652632,1
0.898544,7,0.425532,0.09226,0.555043,0.005754,0.416106,0.651754,1
0.898544,7,0.446809,0.09229,0.542249,0.005733,0.401864,0.672807,1
0.898544,7,0.468085,0.094212,0.515323,0.00585,0.39073,0.70307,1
0.898544,7,0.489362,0.09256,0.505504,0.005715,0.380373,0.733772,1
0.898544,7,0.510638,0.09184,0.491074,0.005663,0.363542,0.729825,1
0.898544,7,0.531915,0.090068,0.476941,0.005544,0.35448,0.716228,1
0.898544,7,0.553191,0.090849,0.461321,0.005602,0.366649,0.763596,1
0.898544,7,0.574468,0.090038,0.447932,0.005357,0.353703,0.825877,1
0.898544,7,0.595745,0.090038,0.442874,0.005353,0.352149,0.832456,1
0.898544,7,0.617021,0.087426,0.432312,0.005212,0.345158,0.832456,1
0.898544,7,0.638298,0.087426,0.442577,0.005206,0.352926,0.858333,1
0.898544,7,0.659574,0.089618,0.459685,0.005206,0.346453,0.858333,1
0.898544,7,0.680851,0.089168,0.480958,0.005206,0.341533,0.858333,1
0.898544,7,0.702128,0.090459,0.535555,0.005465,0.359917,0.796053,1
0.898544,7,0.723404,0.091089,0.579143,0.005557,0.399534,0.760526,1
0.898544,7,0.744681,0.097514,0.664088,0.00602,0.467374,0.648246,1
0.898544,7,0.765957,0.099225,0.692205,0.006282,0.539876,0.498246,1
0.898544,7,0.787234,0.099195,0.670931,0.006427,0.534438,0.521491,1
0.898544,7,0.808511,0.097484,0.631508,0.006234,0.501813,0.508333,1
0.898544,7,0.829787,0.096703,0.593573,0.006134,0.474366,0.575439,1
0.898544,7,0.851064,0.095352,0.569325,0.006005,0.453651,0.590789,1
0.898544,7,0.87234,0.093191,0.546564,0.005831,0.425686,0.628947,1
0.898544,7,0.893617,0.090068,0.515025,0.005625,0.40782,0.659649,1
0.898544,7,0.914894,0.090038,0.487801,0.005627,0.386328,0.690351,1
0.898544,7,0.93617,0.090038,0.504612,0.005629,0.375194,0.698684,1
0.898544,7,0.957447,0.091269,0.499405,0.005756,0.371051,0.675,1
0.898544,7,0.978723,0.094332,0.491818,0.006032,0.451579,0.557895,1
0.898544,7,1.0,0.090849,0.451205,0.00585,0.460901,0.57807,1
0.898589,1,0.0,0.090068,0.420708,0.005802,0.439927,0.587281,1
0.898589,1,0.021277,0.088687,0.376079,0.005748,0.414552,0.590351,1
0.898589,1,0.042553,0.089288,0.336209,0.00585,0.469705,0.557456,1
0.898589,1,0.06383,0.081992,0.298274,0.005345,0.44899,0.576754,1
0.898589,1,0.085106,0.070223,0.254984,0.004555,0.410668,0.638596,0
0.898589,1,0.106383,0.044674,0.214371,0.00291,0.371828,0.626754,0
0.898589,1,0.12766,0.044314,0.184618,0.002904,0.333506,0.59693,0
0.898589,1,0.148936,0.036478,0.161113,0.002397,0.294666,0.621491,0
0.898589,1,0.170213,0.024168,0.140583,0.001581,0.268255,0.642544,0
0.898589,1,0.191489,0.024108,0.139244,0.001583,0.237183,0.652193,0
0.898589,1,0.212766,0.023718,0.14222,0.001556,0.218281,0.673246,0
0.898589,1,0.234043,0.024949,0.151592,0.001624,0.207147,0.730263,0
0.898589,1,0.255319,0.02582,0.177923,0.001672,0.211548,0.780263,0
0.898589,1,0.276596,0.02627,0.2108,0.001689,0.218022,0.768421,0
0.898589,1,0.297872,0.030323,0.240702,0.001708,0.181512,0.838158,0
0.898589,1,0.319149,0.05311,0.309432,0.002248,0.208959,0.838158,0
0.898589,1,0.340426,0.073256,0.381137,0.003525,0.251942,0.863596,0
0.898589,1,0.361702,0.081632,0.455222,0.004533,0.279907,0.869298,1
0.898589,1,0.382979,0.089258,0.529307,0.004132,0.304505,0.876316,1
0.898589,1,0.404255,0.090068,0.565903,0.005345,0.309166,0.777632,1
0.898589,1,0.425532,0.090459,0.579441,0.005571,0.304505,0.810526,1
0.898589,1,0.446809,0.090789,0.576614,0.005575,0.296996,0.804386,1
0.898589,1,0.468085,0.091209,0.574829,0.005577,0.291559,0.812281,1
0.898589,1,0.489362,0.090068,0.570217,0.005503,0.290523,0.825439,1
0.898589,1,0.510638,0.093191,0.567986,0.005685,0.291818,0.832018,1
0.898589,1,0.531915,0.09265,0.554448,0.00564,0.28638,0.84386,1
0.898589,1,0.553191,0.09253,0.534365,0.005636,0.288452,0.838596,1
0.898589,1,0.574468,0.090459,0.512943,0.005521,0.281978,0.860088,1
0.898589,1,0.595745,0.090068,0.505653,0.005245,0.277059,0.865351,1
0.898589,1,0.617021,0.090068,0.501934,0.004855,0.267996,0.865351,1
0.898589,1,0.638298,0.090068,0.50357,0.005087,0.269549,0.846053,1
0.898589,1,0.659574,0.090068,0.508033,0.004921,0.26463,0.861404,1
0.898589,1,0.680851,0.090999,0.526927,0.005083,0.27188,0.842105,1
0.898589,1,0.702128,0.093521,0.572002,0.005544,0.29622,0.775,1
0.898589,1,0.723404,0.097394,0.610235,0.005945,0.35189,0.782456,1
0.898589,1,0.744681,0.119941,0.692056,0.007447,0.422838,0.685965,1
0.898589,1,0.765957,0.130689,0.732966,0.008369,0.506732,0.496491,1
0.898589,1,0.787234,0.120992,0.723297,0.007877,0.513465,0.527193,1
0.898589,1,0.808511,0.102288,0.689527,0.006618,0.486018,0.475439,1
0.898589,1,0.829787,0.096223,0.662898,0.00618,0.468669,0.491228,1
0.898589,1,0.851064,0.096403,0.638203,0.006186,0.455981,0.482456,1
0.898589,1,0.87234,0.096463,0.613062,0.006151,0.445365,0.493421,1
0.898589,1,0.893617,0.094122,0.562184,0.005972,0.407302,0.504386,1
0.898589,1,0.914894,0.097244,0.513538,0.006194,0.378301,0.548246,1
0.898589,1,0.93617,0.099766,0.52291,0.006342,0.356551,0.643421,1
0.898589,1,0.957447,0.095052,0.494496,0.005989,0.348006,0.564912,1
0.898589,1,0.978723,0.099045,0.475156,0.006369,0.426463,0.44386,1
0.898589,1,1.0,0.094452,0.437965,0.006086,0.421284,0.489035,1
0.898633,2,0.0,0.090609,0.402559,0.005922,0.402382,0.490351,1
0.898633,2,0.021277,0.09172,0.368343,0.006064,0.38115,0.448684,1
0.898633,2,0.042553,0.090459,0.33859,0.006072,0.441481,0.334649,1
0.898633,2,0.06383,0.089168,0.305564,0.005976,0.428017,0.414912,1
0.898633,2,0.085106,0.081002,0.275216,0.005386,0.401088,0.504386,1
0.898633,2,0.106383,0.069953,0.235793,0.004643,0.365873,0.51886,0
0.898633,2,0.12766,0.073376,0.213478,0.004865,0.334024,0.604386,0
0.898633,2,0.148936,0.056023,0.193692,0.003689,0.306318,0.627632,0
0.898633,2,0.170213,0.047376,0.189676,0.002856,0.291818,0.557456,0
0.898633,2,0.191489,0.033596,0.191312,0.002208,0.266183,0.655702,0
0.898633,2,0.212766,0.051129,0.232371,0.003359,0.277059,0.667544,0
0.898633,2,0.234043,0.05326,0.291729,0.003515,0.302693,0.542544,0
0.898633,2,0.255319,0.103819,0.399137,0.00693,0.378042,0.572368,1
0.898633,2,0.276596,0.172121,0.51443,0.011539,0.467374,0.486842,1
0.898633,2,0.297872,0.077309,0.555043,0.00522,0.515795,0.373684,0
0.898633,2,0.319149,0.10463,0.634037,0.007017,0.601502,0.307456,1
0.898633,2,0.340426,0.126966,0.656947,0.00738,0.651735,0.29693,1
0.898633,2,0.361702,0.108082,0.650104,0.007285,0.655619,0.294298,1
0.898633,2,0.382979,0.151735,0.695626,0.010284,0.671673,0.371491,1
0.898633,2,0.404255,0.139156,0.709461,0.009408,0.668048,0.34693,1
0.898633,2,0.425532,0.138525,0.702618,0.009343,0.660798,0.368421,1
0.898633,2,0.446809,0.10499,0.671973,0.007067,0.658467,0.312281,1
0.898633,2,0.468085,0.10583,0.664683,0.007113,0.63827,0.257895,1
0.898633,2,0.489362,0.138135,0.658137,0.009267,0.628431,0.306579,1
0.898633,2,0.510638,0.161223,0.644154,0.010822,0.602279,0.320614,1
0.898633,2,0.531915,0.135853,0.627194,0.009094,0.5971,0.365789,1
0.898633,2,0.553191,0.128408,0.620946,0.008521,0.612118,0.367544,1
0.898633,2,0.574468,0.137414,0.6205,0.009136,0.60668,0.387719,1
0.898633,2,0.595745,0.107812,0.604433,0.007127,0.596323,0.391667,1
0.898633,2,0.617021,0.106491,0.591639,0.007061,0.593475,0.358333,1
0.898633,2,0.638298,0.104389,0.588218,0.006899,0.579492,0.415351,1
0.898633,2,0.659574,0.103759,0.603094,0.00684,0.573537,0.442105,1
0.898633,2,0.680851,0.097394,0.616632,0.006404,0.583635,0.42807,0
0.898633,2,0.702128,0.095923,0.654567,0.006338,0.602279,0.370614,0
0.898633,2,0.723404,0.096433,0.70247,0.00641,0.636199,0.33114,0
0.898633,2,0.744681,0.114807,0.787414,0.007665,0.685396,0.339035,1
0.898633,2,0.765957,0.135643,0.807498,0.00908,0.718281,0.274123,1
0.898633,2,0.787234,0.119161,0.781166,0.00801,0.687209,0.208333,1
0.898633,2,0.808511,0.100246,0.741595,0.006743,0.64319,0.299561,0
0.898633,2,0.829787,0.093221,0.701726,0.006207,0.604091,0.375,0
0.898633,2,0.851064,0.092771,0.673163,0.006174,0.578457,0.432456,0
0.898633,2,0.87234,0.088327,0.649955,0.00585,0.544278,0.411842,0
0.898633,2,0.893617,0.064789,0.599673,0.004317,0.507768,0.386842,0
0.898633,2,0.914894,0.047076,0.550431,0.00317,0.468928,0.428509,0
0.898633,2,0.93617,0.077669,0.587176,0.00517,0.435785,0.588158,0
0.898633,2,0.957447,0.075027,0.586581,0.004412,0.416106,0.665789,0
0.898633,2,0.978723,0.085985,0.577358,0.005694,0.507509,0.545614,0
0.898633,2,1.0,0.078149,0.559357,0.005154,0.496634,0.610088,0
0.898677,3,0.0,0.081542,0.546564,0.005336,0.474625,0.627193,0
0.898677,3,0.021277,0.083163,0.522464,0.00542,0.447178,0.62807,0
0.898677,3,0.042553,0.080761,0.488843,0.005291,0.496116,0.571491,0
0.898677,3,0.06383,0.077729,0.434692,0.005089,0.480062,0.625877,0
0.898677,3,0.085106,0.066681,0.376822,0.00435,0.435267,0.605702,0
0.898677,3,0.106383,0.034346,0.328771,0.002241,0.394614,0.605702,0
0.898677,3,0.12766,0.035757,0.278786,0.002335,0.354997,0.640351,0
0.898677,3,0.148936,0.02693,0.246206,0.001764,0.317193,0.605263,0
0.898677,3,0.170213,0.029092,0.230735,0.001903,0.304247,0.651316,0
0.898677,3,0.191489,0.027831,0.22895,0.001813,0.290782,0.700877,0
0.898677,3,0.212766,0.034856,0.253496,0.002268,0.3058,0.667105,0
0.898677,3,0.234043,0.037258,0.306308,0.002364,0.329622,0.662719,0
0.898677,3,0.255319,0.057584,0.410295,0.003484,0.414811,0.623246,0
0.898677,3,0.276596,0.086165,0.520232,0.005694,0.509322,0.549561,0
0.898677,3,0.297872,0.058184,0.549241,0.003895,0.554117,0.427193,0
0.898677,3,0.319149,0.090969,0.603838,0.006111,0.62377,0.409211,0
0.898677,3,0.340426,0.096013,0.614252,0.006444,0.66261,0.392105,1
0.898677,3,0.361702,0.093311,0.602202,0.006284,0.674521,0.366667,1
0.898677,3,0.382979,0.096043,0.628236,0.006452,0.669601,0.386404,1
0.898677,3,0.404255,0.096223,0.64579,0.006325,0.656137,0.436404,1
0.898677,3,0.425532,0.094332,0.646831,0.005904,0.626359,0.484211,1
0.898677,3,0.446809,0.087517,0.620946,0.005096,0.626359,0.461404,1
0.898677,3,0.468085,0.089168,0.603243,0.005872,0.618332,0.465351,1
0.898677,3,0.489362,0.090429,0.596251,0.005035,0.602796,0.458772,1
0.898677,3,0.510638,0.090909,0.584499,0.005781,0.586225,0.478947,1
0.898677,3,0.531915,0.09205,0.579292,0.005802,0.580528,0.499561,1
0.898677,3,0.553191,0.089858,0.554002,0.005868,0.592957,0.497368,1
0.898677,3,0.574468,0.087426,0.540464,0.005758,0.589073,0.527632,1
0.898677,3,0.595745,0.089168,0.54939,0.005839,0.578457,0.527193,1
0.898677,3,0.617021,0.080311,0.537043,0.005274,0.567323,0.512719,0
0.898677,3,0.638298,0.057704,0.525439,0.003783,0.557483,0.556579,0
0.898677,3,0.659574,0.087937,0.53734,0.005779,0.553858,0.536404,1
0.898677,3,0.680851,0.058184,0.538381,0.003833,0.552563,0.476754,0
0.898677,3,0.702128,0.083463,0.578548,0.005498,0.571983,0.468421,1
0.898677,3,0.723404,0.059625,0.619756,0.003949,0.604091,0.529825,0
0.898677,3,0.744681,0.09208,0.719726,0.006093,0.655878,0.434211,1
0.898677,3,0.765957,0.096373,0.763017,0.006342,0.700155,0.392982,1
0.898677,3,0.787234,0.097514,0.754091,0.006369,0.674003,0.382895,1
0.898677,3,0.808511,0.09166,0.718536,0.006036,0.636717,0.415351,1
0.898677,3,0.829787,0.09193,0.690866,0.006078,0.61419,0.425,1
0.898677,3,0.851064,0.087126,0.667956,0.005762,0.582082,0.474561,1
0.898677,3,0.87234,0.081752,0.645492,0.005405,0.555671,0.455263,1
0.898677,3,0.893617,0.055032,0.600268,0.003635,0.523304,0.453947,0
0.898677,3,0.914894,0.083283,0.55058,0.005532,0.49508,0.502193,1
0.898677,3,0.93617,0.089738,0.58673,0.005858,0.463231,0.572368,1
0.898677,3,0.957447,0.088297,0.584052,0.005667,0.436044,0.570175,1
0.898677,3,0.978723,0.090068,0.577358,0.005864,0.527706,0.42807,1
0.898677,3,1.0,0.089258,0.562184,0.005858,0.514759,0.490789,1
0.898721,4,0.0,0.087336,0.547456,0.005679,0.49275,0.504386,1
0.898721,4,0.021277,0.085445,0.523207,0.005571,0.450026,0.512281,1
0.898721,4,0.042553,0.087847,0.489586,0.005773,0.513465,0.465789,1
0.898721,4,0.06383,0.085925,0.434097,0.005634,0.491455,0.52193,1
0.898721,4,0.085106,0.084724,0.378905,0.005555,0.457017,0.597368,1
0.898721,4,0.106383,0.067311,0.326391,0.004395,0.416365,0.636842,0
0.898721,4,0.12766,0.044164,0.280422,0.002719,0.379078,0.658772,0
0.898721,4,0.148936,0.037198,0.244124,0.00242,0.348524,0.688596,0
0.898721,4,0.170213,0.055632,0.224189,0.003606,0.332211,0.704825,0
0.898721,4,0.191489,0.06575,0.223892,0.00424,0.328327,0.747807,0
0.898721,4,0.212766,0.050048,0.250223,0.003243,0.329363,0.714474,0
0.898721,4,0.234043,0.058094,0.305713,0.003797,0.355515,0.646053,0
0.898721,4,0.255319,0.089258,0.414014,0.005866,0.443035,0.580702,1
0.898721,4,0.276596,0.088958,0.520976,0.00591,0.526411,0.487281,1
0.898721,4,0.297872,0.05239,0.537638,0.003542,0.566287,0.365351,0
0.898721,4,0.319149,0.090429,0.603094,0.006103,0.649663,0.312719,1
0.898721,4,0.340426,0.095983,0.602202,0.006493,0.679182,0.247368,1
0.898721,4,0.361702,0.093881,0.588813,0.006358,0.682289,0.287719,1
0.898721,4,0.382979,0.096764,0.622434,0.006537,0.697825,0.289912,1
0.898721,4,0.404255,0.096223,0.633442,0.006448,0.687209,0.299561,1
0.898721,4,0.425532,0.096223,0.622285,0.006396,0.674521,0.323246,1
0.898721,4,0.446809,0.091239,0.606962,0.00607,0.658726,0.332456,1
0.898721,4,0.468085,0.090068,0.590896,0.005955,0.648628,0.337281,1
0.898721,4,0.489362,0.09145,0.584499,0.006047,0.641895,0.355702,1
0.898721,4,0.510638,0.09169,0.574234,0.005991,0.617297,0.39386,1
0.898721,4,0.531915,0.090459,0.562481,0.005914,0.606163,0.413158,1
0.898721,4,0.553191,0.090849,0.562481,0.005937,0.619627,0.434211,1
0.898721,4,0.574468,0.090068,0.558316,0.005883,0.600984,0.442105,1
0.898721,4,0.595745,0.088537,0.55058,0.005336,0.58001,0.468421,1
0.898721,4,0.617021,0.07854,0.538679,0.004815,0.56784,0.468421,0
0.898721,4,0.638298,0.080041,0.542101,0.00517,0.554117,0.522368,0
0.898721,4,0.659574,0.087426,0.560547,0.005052,0.549197,0.529386,1
0.898721,4,0.680851,0.088597,0.582267,0.005766,0.549974,0.564912,1
0.898721,4,0.702128,0.089198,0.625558,0.005798,0.562921,0.527632,1
0.898721,4,0.723404,0.086886,0.671973,0.005719,0.592439,0.504386,1
0.898721,4,0.744681,0.091209,0.753942,0.005989,0.659503,0.451754,1
0.898721,4,0.765957,0.093071,0.780571,0.006076,0.707405,0.404386,1
0.898721,4,0.787234,0.09229,0.762422,0.006051,0.694718,0.442982,1
0.898721,4,0.808511,0.075808,0.726272,0.005006,0.65769,0.46886,0
0.898721,4,0.829787,0.074877,0.694436,0.004931,0.63102,0.527632,0
0.898721,4,0.851064,0.056503,0.663344,0.003683,0.599171,0.500877,0
0.898721,4,0.87234,0.054161,0.633889,0.003517,0.576903,0.537281,0
0.898721,4,0.893617,0.05239,0.58911,0.003407,0.55101,0.555263,0
0.898721,4,0.914894,0.055542,0.532728,0.002966,0.515277,0.562281,0
0.898721,4,0.93617,0.084905,0.564267,0.004383,0.4855,0.662719,1
0.898721,4,0.957447,0.084724,0.560399,0.001668,0.44666,0.640789,1
0.898721,4,0.978723,0.086496,0.562928,0.005226,0.539099,0.595614,1
0.898721,4,1.0,0.084844,0.555489,0.004823,0.524858,0.61886,1
0.898766,5,0.0,0.084724,0.543439,0.003612,0.498705,0.61886,1
0.898766,5,0.021277,0.084724,0.520232,0.002935,0.474625,0.61886,1
0.898766,5,0.042553,0.083644,0.482148,0.005486,0.528483,0.544737,1
0.898766,5,0.06383,0.069083,0.433948,0.004429,0.507509,0.618421,0
0.898766,5,0.085106,0.055392,0.369087,0.002715,0.464008,0.654386,0
0.898766,5,0.106383,0.036568,0.313151,0.002366,0.421543,0.673246,0
0.898766,5,0.12766,0.036268,0.279381,0.002339,0.382444,0.740789,0
0.898766,5,0.148936,0.029482,0.246504,0.001894,0.354738,0.742105,0
0.898766,5,0.170213,0.032815,0.231776,0.001992,0.342828,0.764474,0
0.898766,5,0.191489,0.041672,0.224487,0.00194,0.319006,0.772368,0
0.898766,5,0.212766,0.050829,0.252455,0.002071,0.33014,0.750439,0
0.898766,5,0.234043,0.046265,0.306456,0.001919,0.357069,0.706579,0
0.898766,5,0.255319,0.077909,0.419072,0.005127,0.438115,0.662281,1
0.898766,5,0.276596,0.084844,0.526331,0.005534,0.530813,0.614035,1
0.898766,5,0.297872,0.051249,0.552217,0.003132,0.573796,0.535526,0
0.898766,5,0.319149,0.059986,0.612913,0.004001,0.643708,0.473246,0
0.898766,5,0.340426,0.072565,0.612467,0.00485,0.680218,0.410088,0
0.898766,5,0.361702,0.054311,0.595359,0.003635,0.677369,0.37807,0
0.898766,5,0.382979,0.082503,0.626897,0.005498,0.678923,0.449123,1
0.898766,5,0.404255,0.068362,0.627492,0.00453,0.666753,0.439474,0
0.898766,5,0.425532,0.055212,0.607855,0.003635,0.639047,0.433772,0
0.898766,5,0.446809,0.059655,0.580333,0.003945,0.631538,0.489912,0
0.898766,5,0.468085,0.058004,0.562928,0.003803,0.62144,0.545614,0
0.898766,5,0.489362,0.075297,0.549539,0.004923,0.60668,0.589474,1
0.898766,5,0.510638,0.072865,0.538381,0.004726,0.587778,0.619737,1
0.898766,5,0.531915,0.058544,0.517108,0.003787,0.578975,0.564474,0
0.898766,5,0.553191,0.067071,0.505504,0.004368,0.592698,0.54386,0
0.898766,5,0.574468,0.058364,0.493603,0.00377,0.595287,0.552632,0
0.898766,5,0.595745,0.061817,0.493306,0.004013,0.580269,0.565789,0
0.898766,5,0.617021,0.061697,0.488991,0.003995,0.573278,0.567982,0
0.898766,5,0.638298,0.056443,0.486165,0.003635,0.567582,0.580702,0
0.898766,5,0.659574,0.056503,0.500298,0.003635,0.558001,0.632895,0
0.898766,5,0.680851,0.062057,0.525736,0.004019,0.557224,0.657895,0
0.898766,5,0.702128,0.058575,0.561291,0.003781,0.563698,0.600877,0
0.898766,5,0.723404,0.058364,0.614252,0.003824,0.595287,0.577193,0
0.898766,5,0.744681,0.088717,0.701428,0.005854,0.645262,0.535526,1
0.898766,5,0.765957,0.091269,0.73133,0.00597,0.688244,0.52807,1
0.898766,5,0.787234,0.089378,0.720619,0.00585,0.668566,0.575,1
0.898766,5,0.808511,0.06623,0.687147,0.004354,0.63827,0.519737,1
0.898766,5,0.829787,0.064309,0.659625,0.004221,0.60202,0.498684,0
0.898766,5,0.851064,0.054762,0.632847,0.003587,0.573796,0.481579,0
0.898766,5,0.87234,0.05323,0.610533,0.003484,0.541429,0.554386,0
0.898766,5,0.893617,0.05239,0.566201,0.003288,0.519161,0.575,0
0.898766,5,0.914894,0.045695,0.519935,0.00297,0.482393,0.532895,0
0.898766,5,0.93617,0.069293,0.560994,0.003631,0.459347,0.694298,1
0.898766,5,0.957447,0.054882,0.559506,0.003413,0.44407,0.640789,0
0.898766,5,0.978723,0.074847,0.555192,0.004896,0.531849,0.621053,1
0.898766,5,1.0,0.068962,0.546415,0.004325,0.517607,0.649123,1
0.89881,6,0.0,0.056203,0.52767,0.003635,0.4855,0.649123,0
0.89881,6,0.021277,0.056263,0.506099,0.003635,0.448213,0.635088,0
0.89881,6,0.042553,0.062598,0.471735,0.004067,0.493527,0.59693,1
0.89881,6,0.06383,0.055572,0.413716,0.0034,0.470482,0.645175,0
0.89881,6,0.085106,0.047496,0.358078,0.003029,0.428534,0.630702,0
0.89881,6,0.106383,0.044314,0.306903,0.002881,0.375712,0.684649,0
0.89881,6,0.12766,0.027051,0.25781,0.001743,0.347747,0.754825,0
0.89881,6,0.148936,0.025249,0.227908,0.001626,0.300363,0.707895,0
0.89881,6,0.170213,0.02612,0.213776,0.001689,0.272139,0.748684,0
0.89881,6,0.191489,0.02687,0.212734,0.001732,0.275764,0.745175,0
0.89881,6,0.212766,0.041702,0.235942,0.002127,0.287157,0.750439,0
0.89881,6,0.234043,0.046986,0.288605,0.00264,0.304505,0.750439,0
0.89881,6,0.255319,0.072985,0.391848,0.004495,0.39073,0.684211,1
0.89881,6,0.276596,0.084724,0.483487,0.0044,0.474625,0.634211,1
0.89881,6,0.297872,0.049868,0.506843,0.003292,0.516831,0.527193,0
0.89881,6,0.319149,0.053951,0.563523,0.003569,0.588296,0.454825,0
0.89881,6,0.340426,0.054732,0.577507,0.003635,0.620922,0.410526,0
0.89881,6,0.361702,0.055572,0.569473,0.003687,0.632833,0.444298,0
0.89881,6,0.382979,0.082172,0.598036,0.005436,0.633868,0.569298,1
0.89881,6,0.404255,0.072295,0.60235,0.00473,0.626359,0.496053,1
0.89881,6,0.425532,0.057644,0.580184,0.003793,0.612895,0.490351,0
0.89881,6,0.446809,0.054972,0.551473,0.003635,0.612118,0.444737,0
0.89881,6,0.468085,0.059085,0.534514,0.003899,0.608493,0.50307,1
0.89881,6,0.489362,0.058605,0.525588,0.003845,0.600725,0.539912,0
0.89881,6,0.510638,0.064099,0.515174,0.004192,0.590109,0.493421,1
0.89881,6,0.531915,0.055752,0.50119,0.003635,0.581823,0.492982,0
0.89881,6,0.553191,0.056563,0.495835,0.003706,0.600466,0.465789,0
0.89881,6,0.574468,0.079921,0.480214,0.005264,0.586743,0.492982,1
0.89881,6,0.595745,0.060946,0.473669,0.004005,0.57535,0.53114,1
0.89881,6,0.617021,0.055362,0.461619,0.003635,0.562921,0.44693,0
0.89881,6,0.638298,0.055392,0.455519,0.003623,0.549974,0.49693,0
0.89881,6,0.659574,0.055842,0.471437,0.003635,0.539358,0.558772,0
0.89881,6,0.680851,0.056833,0.487652,0.003706,0.535474,0.595614,0
0.89881,6,0.702128,0.056323,0.522166,0.003687,0.554117,0.55,0
0.89881,6,0.723404,0.053351,0.554299,0.003525,0.573537,0.419737,0
0.89881,6,0.744681,0.056443,0.603838,0.003791,0.603314,0.449123,0
0.89881,6,0.765957,0.061156,0.612467,0.00413,0.630502,0.381579,1
0.89881,6,0.787234,0.053741,0.594615,0.003635,0.613931,0.323246,0
0.89881,6,0.808511,0.05239,0.562035,0.003529,0.568617,0.399123,0
0.89881,6,0.829787,0.05239,0.532282,0.003546,0.539617,0.395614,0
0.89881,6,0.851064,0.05239,0.509967,0.003579,0.513982,0.391228,0
0.89881,6,0.87234,0.049117,0.484975,0.003351,0.477214,0.427193,0
0.89881,6,0.893617,0.045935,0.455073,0.003122,0.445106,0.410088,0
0.89881,6,0.914894,0.04002,0.416245,0.002736,0.406007,0.339474,0
0.89881,6,0.93617,0.05296,0.471437,0.00361,0.389694,0.521053,0
0.89881,6,0.957447,0.05296,0.493901,0.003521,0.395132,0.523684,0
0.89881,6,0.978723,0.077639,0.498661,0.005197,0.494562,0.481579,1
0.89881,6,1.0,0.086316,0.494049,0.005764,0.491973,0.511842,1
0.898854,7,0.0,0.07848,0.464743,0.005201,0.435785,0.561842,1
0.898854,7,0.021277,0.064459,0.454775,0.004204,0.402382,0.615351,1
0.898854,7,0.042553,0.074036,0.420262,0.004869,0.43449,0.530702,1
0.898854,7,0.06383,0.054642,0.363434,0.003592,0.409632,0.520175,0
0.898854,7,0.085106,0.049778,0.312258,0.00327,0.372087,0.536842,0
0.898854,7,0.106383,0.044704,0.254835,0.002973,0.329104,0.506579,0
0.898854,7,0.12766,0.034406,0.207528,0.002281,0.281201,0.521053,0
0.898854,7,0.148936,0.028372,0.173609,0.001878,0.250129,0.552632,0
0.898854,7,0.170213,0.024108,0.151889,0.001606,0.214656,0.520175,0
0.898854,7,0.191489,0.027531,0.14341,0.00184,0.20145,0.517544,0
0.898854,7,0.212766,0.025039,0.147278,0.001666,0.197825,0.544737,0
0.898854,7,0.234043,0.02624,0.154716,0.001739,0.205593,0.570175,0
0.898854,7,0.255319,0.03894,0.184023,0.002574,0.230451,0.636842,0
0.898854,7,0.276596,0.044404,0.217495,0.002916,0.256603,0.667544,0
0.898854,7,0.297872,0.057314,0.274174,0.003747,0.251942,0.738596,1
0.898854,7,0.319149,0.075688,0.351681,0.004923,0.296479,0.682895,1
0.898854,7,0.340426,0.079651,0.421303,0.00516,0.334283,0.709211,1
0.898854,7,0.361702,0.086105,0.470098,0.005492,0.366132,0.686842,1
0.898854,7,0.382979,0.089618,0.519488,0.005694,0.397462,0.700439,1
0.898854,7,0.404255,0.090068,0.546415,0.005683,0.389953,0.741228,1
0.898854,7,0.425532,0.090849,0.550134,0.005694,0.392284,0.742982,1
0.898854,7,0.446809,0.09244,0.541506,0.005787,0.381409,0.742982,1
0.898854,7,0.468085,0.09244,0.522166,0.005781,0.375453,0.766667,1
0.898854,7,0.489362,0.092981,0.512348,0.005808,0.363801,0.74693,1
0.898854,7,0.510638,0.094872,0.507587,0.005922,0.369757,0.750877,1
0.898854,7,0.531915,0.09244,0.498215,0.005775,0.358364,0.809211,1
0.898854,7,0.553191,0.090849,0.472627,0.005683,0.370274,0.80307,1
0.898854,7,0.574468,0.086976,0.436477,0.005449,0.358364,0.832018,1
0.898854,7,0.595745,0.072625,0.40598,0.004582,0.358364,0.780702,1
0.898854,7,0.617021,0.069052,0.38679,0.004377,0.355515,0.771053,1
0.898854,7,0.638298,0.06563,0.375335,0.00415,0.346712,0.730263,1
0.898854,7,0.659574,0.062057,0.369087,0.003909,0.349042,0.715351,0
0.898854,7,0.680851,0.069563,0.39036,0.00441,0.363024,0.773684,1
0.898854,7,0.702128,0.076738,0.416096,0.004877,0.381926,0.760526,1
0.898854,7,0.723404,0.066591,0.433502,0.004254,0.392802,0.748246,1
0.898854,7,0.744681,0.084514,0.529902,0.005399,0.449249,0.664474,1
0.898854,7,0.765957,0.091269,0.577507,0.005839,0.504661,0.55,1
0.898854,7,0.787234,0.091119,0.570663,0.005879,0.513206,0.593421,1
0.898854,7,0.808511,0.088597,0.527522,0.005727,0.496375,0.639912,1
0.898854,7,0.829787,0.087426,0.487206,0.005648,0.46116,0.655702,1
0.898854,7,0.851064,0.087727,0.46385,0.005619,0.446401,0.662719,1
0.898854,7,0.87234,0.081812,0.450759,0.005239,0.431383,0.668421,1
0.898854,7,0.893617,0.071064,0.42294,0.004562,0.401346,0.686404,1
0.898854,7,0.914894,0.072655,0.399137,0.00467,0.384775,0.671491,1
0.898854,7,0.93617,0.065029,0.420857,0.004194,0.371828,0.7,0
0.898854,7,0.957447,0.068572,0.423832,0.004425,0.376748,0.660088,0
0.898854,7,0.978723,0.089288,0.429783,0.005825,0.470741,0.531579,1
0.898854,7,1.0,0.083013,0.403154,0.005447,0.473071,0.577632,1
0.898898,1,0.0,0.088777,0.375781,0.00581,0.455722,0.602632,1
0.898898,1,0.021277,0.069173,0.3313,0.004522,0.428017,0.575877,0
0.898898,1,0.042553,0.075868,0.30482,0.004998,0.482393,0.500439,1
0.898898,1,0.06383,0.061667,0.261083,0.004057,0.457276,0.547368,0
0.898898,1,0.085106,0.050168,0.221809,0.003301,0.414293,0.553947,0
0.898898,1,0.106383,0.044284,0.188188,0.00291,0.367685,0.594298,0
0.898898,1,0.12766,0.043803,0.155757,0.002879,0.333247,0.552632,0
0.898898,1,0.148936,0.043413,0.136864,0.002856,0.29622,0.565789,0
0.898898,1,0.170213,0.02624,0.119161,0.001724,0.259192,0.592982,0
0.898898,1,0.191489,0.023208,0.115293,0.001527,0.232004,0.597807,0
0.898898,1,0.212766,0.025189,0.120351,0.001651,0.217245,0.641667,0
0.898898,1,0.234043,0.025099,0.128533,0.001645,0.207923,0.630263,0
0.898898,1,0.255319,0.035847,0.154567,0.002339,0.208182,0.691667,0
0.898898,1,0.276596,0.031044,0.180006,0.002015,0.214397,0.702193,0
0.898898,1,0.297872,0.029272,0.211395,0.001894,0.180218,0.771491,0
0.898898,1,0.319149,0.060526,0.273431,0.002522,0.201709,0.693421,0
0.898898,1,0.340426,0.061997,0.340077,0.003949,0.239513,0.848684,0
0.898898,1,0.361702,0.05311,0.391848,0.003328,0.282237,0.740789,0
0.898898,1,0.382979,0.055902,0.439155,0.003484,0.297773,0.743421,0
0.898898,1,0.404255,0.056113,0.461619,0.003467,0.308907,0.769298,0
0.898898,1,0.425532,0.055482,0.45418,0.003388,0.31564,0.760088,0
0.898898,1,0.446809,0.0532,0.442874,0.003288,0.316934,0.739912,0
0.898898,1,0.468085,0.053981,0.425766,0.003338,0.317711,0.740351,0
0.898898,1,0.489362,0.05239,0.403303,0.003253,0.305282,0.797807,0
0.898898,1,0.510638,0.05239,0.384558,0.003261,0.317193,0.752632,0
0.898898,1,0.531915,0.05239,0.354805,0.003286,0.309684,0.758333,0
0.898898,1,0.553191,0.05239,0.329961,0.003301,0.325738,0.729825,0
0.898898,1,0.574468,0.05239,0.308688,0.003311,0.310979,0.772807,0
0.898898,1,0.595745,0.051519,0.300506,0.003257,0.304505,0.774561,0
0.898898,1,0.617021,0.046265,0.293068,0.002937,0.2913,0.759649,0
0.898898,1,0.638298,0.048187,0.283547,0.003074,0.295961,0.755702,0
0.898898,1,0.659574,0.049267,0.289795,0.003137,0.313568,0.742105,0
0.898898,1,0.680851,0.05239,0.298274,0.003324,0.313568,0.747368,0
0.898898,1,0.702128,0.05239,0.326837,0.003332,0.345158,0.637719,0
0.898898,1,0.723404,0.05317,0.372211,0.003398,0.382703,0.611842,0
0.898898,1,0.744681,0.071664,0.495835,0.004578,0.441222,0.666228,1
0.898898,1,0.765957,0.088387,0.585838,0.005615,0.510875,0.598246,1
0.898898,1,0.787234,0.088387,0.600565,0.005648,0.520715,0.621491,1
0.898898,1,0.808511,0.087426,0.582565,0.005565,0.491196,0.682018,1
0.898898,1,0.829787,0.086346,0.563076,0.005505,0.479026,0.662719,1
0.898898,1,0.851064,0.087036,0.549241,0.005542,0.469964,0.681579,1
0.898898,1,0.87234,0.083253,0.543439,0.00526,0.450544,0.736842,1
0.898898,1,0.893617,0.068482,0.497471,0.004323,0.418954,0.716667,1
0.898898,1,0.914894,0.062598,0.46028,0.003936,0.382185,0.707456,1
0.898898,1,0.93617,0.058124,0.473222,0.003635,0.368462,0.75,1
0.898898,1,0.957447,0.058244,0.463999,0.003619,0.364319,0.675,1
0.898898,1,0.978723,0.070734,0.453734,0.004491,0.442776,0.632895,1
0.898898,1,1.0,0.055482,0.421601,0.003529,0.432936,0.585088,0
0.898943,2,0.0,0.051429,0.390062,0.003319,0.417918,0.595175,0
0.898943,2,0.021277,0.048427,0.351681,0.00318,0.406784,0.584211,0
0.898943,2,0.042553,0.05239,0.331003,0.003459,0.467892,0.466667,0
0.898943,2,0.06383,0.05305,0.293663,0.003484,0.450026,0.489912,0
0.898943,2,0.085106,0.05239,0.263612,0.003438,0.41999,0.540789,0
0.898943,2,0.106383,0.047706,0.236686,0.003128,0.390471,0.589474,0
0.898943,2,0.12766,0.045965,0.208569,0.003008,0.349819,0.662719,0
0.898943,2,0.148936,0.044584,0.193395,0.002896,0.325738,0.643421,0
0.898943,2,0.170213,0.044704,0.184618,0.002894,0.304505,0.645175,0
0.898943,2,0.191489,0.034947,0.190866,0.002268,0.294407,0.653509,0
0.898943,2,0.212766,0.049868,0.224933,0.003245,0.307095,0.661842,0
0.898943,2,0.234043,0.05209,0.282059,0.003384,0.340497,0.631579,0
0.898943,2,0.255319,0.091359,0.397501,0.006012,0.428534,0.550439,1
0.898943,2,0.276596,0.116819,0.517703,0.007698,0.513465,0.52193,1
0.898943,2,0.297872,0.064819,0.539869,0.004271,0.54117,0.451754,1
0.898943,2,0.319149,0.095593,0.604731,0.006361,0.614966,0.344737,1
0.898943,2,0.340426,0.098715,0.624814,0.006545,0.661056,0.342105,1
0.898943,2,0.361702,0.096223,0.617525,0.006385,0.666235,0.347807,1
0.898943,2,0.382979,0.099796,0.642368,0.006635,0.667789,0.375439,1
0.898943,2,0.404255,0.097784,0.6446,0.006462,0.647592,0.404386,1
0.898943,2,0.425532,0.096223,0.623029,0.006373,0.630243,0.397368,1
0.898943,2,0.446809,0.092981,0.599226,0.00618,0.617815,0.430263,1
0.898943,2,0.468085,0.09205,0.580482,0.006128,0.602796,0.443421,1
0.898943,2,0.489362,0.089198,0.567391,0.005943,0.598395,0.453509,1
0.898943,2,0.510638,0.090038,0.562481,0.005935,0.581046,0.478509,1
0.898943,2,0.531915,0.09232,0.549241,0.00608,0.580269,0.459211,1
0.898943,2,0.553191,0.089528,0.541506,0.005949,0.5971,0.42807,1
0.898943,2,0.574468,0.089528,0.531836,0.005945,0.592698,0.469298,1
0.898943,2,0.595745,0.089798,0.516364,0.005976,0.58985,0.446053,1
0.898943,2,0.617021,0.088507,0.497025,0.005528,0.577421,0.467544,1
0.898943,2,0.638298,0.086256,0.484826,0.00386,0.554894,0.463596,1
0.898943,2,0.659574,0.086646,0.490181,0.003635,0.550233,0.463596,1
0.898943,2,0.680851,0.069803,0.504463,0.003947,0.542206,0.503947,0
0.898943,2,0.702128,0.057884,0.53615,0.00386,0.557224,0.44693,0
0.898943,2,0.723404,0.064819,0.587028,0.004368,0.582859,0.433772,0
0.898943,2,0.744681,0.09232,0.696519,0.006196,0.638529,0.439912,1
0.898943,2,0.765957,0.101177,0.764058,0.006722,0.692646,0.422368,1
0.898943,2,0.787234,0.100817,0.764951,0.006678,0.682807,0.439035,1
0.898943,2,0.808511,0.095803,0.731181,0.0063,0.646038,0.464474,1
0.898943,2,0.829787,0.094962,0.706784,0.006232,0.622216,0.47807,1
0.898943,2,0.851064,0.095382,0.68313,0.006267,0.588814,0.544298,1
0.898943,2,0.87234,0.094152,0.657989,0.006199,0.574573,0.516667,1
0.898943,2,0.893617,0.075117,0.602797,0.004965,0.54117,0.529825,0
0.898943,2,0.914894,0.053921,0.56144,0.003567,0.508804,0.424561,0
0.898943,2,0.93617,0.092831,0.587325,0.006101,0.47566,0.665789,1
0.898943,2,0.957447,0.082112,0.58197,0.005359,0.459089,0.617982,1
0.898943,2,0.978723,0.098655,0.577358,0.006535,0.551528,0.517982,1
0.898943,2,1.0,0.090579,0.569176,0.005935,0.53159,0.630702,1
0.898987,3,0.0,0.091359,0.555341,0.005966,0.512429,0.648684,1
0.898987,3,0.021277,0.087486,0.540315,0.005661,0.480321,0.707456,1
0.898987,3,0.042553,0.100667,0.510414,0.006579,0.542724,0.573684,1
0.898987,3,0.06383,0.083824,0.45418,0.005461,0.516054,0.608772,1
0.898987,3,0.085106,0.073496,0.399881,0.004747,0.479026,0.634211,0
0.898987,3,0.106383,0.057644,0.345879,0.003722,0.432418,0.595175,0
0.898987,3,0.12766,0.054792,0.299762,0.003544,0.400052,0.620614,0
0.898987,3,0.148936,0.05239,0.26629,0.003384,0.360435,0.675439,0
0.898987,3,0.170213,0.046776,0.242339,0.003022,0.350337,0.688596,0
0.898987,3,0.191489,0.045455,0.245463,0.002939,0.328586,0.723246,0
0.898987,3,0.212766,0.051939,0.272687,0.003351,0.342828,0.687719,0
0.898987,3,0.234043,0.057073,0.329366,0.003668,0.369498,0.719298,0
0.898987,3,0.255319,0.113366,0.448825,0.007318,0.45391,0.673684,1
0.898987,3,0.276596,0.658791,0.56263,0.014175,0.542724,0.510526,1
0.898987,3,0.297872,0.089198,0.590598,0.004954,0.577162,0.482018,0
0.898987,3,0.319149,0.095593,0.650253,0.006342,0.645003,0.421053,0
0.898987,3,0.340426,0.096223,0.663493,0.006388,0.688244,0.389474,1
0.898987,3,0.361702,0.096283,0.64222,0.006394,0.694718,0.369737,1
0.898987,3,0.382979,0.099346,0.661113,0.006639,0.70145,0.367982,1
0.898987,3,0.404255,0.096373,0.65546,0.006429,0.68436,0.425,1
0.898987,3,0.425532,0.096223,0.626748,0.0064,0.676075,0.437281,1
0.898987,3,0.446809,0.093761,0.601458,0.006242,0.661833,0.449123,0
0.898987,3,0.468085,0.087276,0.58078,0.005798,0.652512,0.504825,0
0.898987,3,0.489362,0.130659,0.567093,0.008685,0.649404,0.465789,1
0.898987,3,0.510638,0.106041,0.554894,0.006236,0.639047,0.491667,1
0.898987,3,0.531915,0.087577,0.539572,0.004936,0.637752,0.491667,0
0.898987,3,0.553191,0.082533,0.52648,0.005471,0.664423,0.451316,0
0.898987,3,0.574468,0.090008,0.527224,0.005964,0.665717,0.465351,0
0.898987,3,0.595745,0.083854,0.518149,0.005552,0.653806,0.435526,0
0.898987,3,0.617021,0.051249,0.49643,0.003405,0.633868,0.392105,0
0.898987,3,0.638298,0.044824,0.488843,0.002975,0.627395,0.417544,0
0.898987,3,0.659574,0.05287,0.50476,0.003519,0.616002,0.462281,0
0.898987,3,0.680851,0.064339,0.531092,0.003833,0.618332,0.485088,0
0.898987,3,0.702128,0.081302,0.566052,0.005268,0.636717,0.481579,0
0.898987,3,0.723404,0.076979,0.623326,0.005164,0.671673,0.456579,0
0.898987,3,0.744681,0.094602,0.726421,0.006325,0.707664,0.45614,0
0.898987,3,0.765957,0.096884,0.770158,0.006396,0.744951,0.422368,1
0.898987,3,0.787234,0.095082,0.759149,0.006267,0.722683,0.477632,1
0.898987,3,0.808511,0.093071,0.707825,0.006182,0.686173,0.49693,0
0.898987,3,0.829787,0.091209,0.6928,0.006074,0.649922,0.540789,0
0.898987,3,0.851064,0.090038,0.673312,0.006005,0.617556,0.508333,0
0.898987,3,0.87234,0.087456,0.647724,0.005804,0.588555,0.562281,0
0.898987,3,0.893617,0.076588,0.601458,0.005062,0.547903,0.554825,0
0.898987,3,0.914894,0.05254,0.5482,0.003523,0.514241,0.513596,0
0.898987,3,0.93617,0.073136,0.576912,0.004809,0.476178,0.70614,0
0.898987,3,0.957447,0.068632,0.568283,0.004456,0.456499,0.644737,0
0.898987,3,0.978723,0.089138,0.562779,0.00586,0.532108,0.587719,0
0.898987,3,1.0,0.080821,0.556977,0.005307,0.522786,0.638158,0
0.899031,4,0.0,0.074066,0.539125,0.004867,0.506473,0.642544,0
0.899031,4,0.021277,0.057674,0.522612,0.00376,0.474107,0.641228,0
0.899031,4,0.042553,0.072145,0.495537,0.004732,0.532367,0.570175,0
0.899031,4,0.06383,0.070524,0.44213,0.00463,0.513465,0.584649,0
0.899031,4,0.085106,0.06578,0.384558,0.004298,0.475401,0.582895,0
0.899031,4,0.106383,0.060196,0.332193,0.003909,0.430865,0.616228,0
0.899031,4,0.12766,0.050709,0.27834,0.003278,0.387882,0.669737,0
0.899031,4,0.148936,0.049958,0.245463,0.003236,0.371051,0.632895,0
0.899031,4,0.170213,0.040411,0.225677,0.002651,0.338944,0.601316,0
0.899031,4,0.191489,0.035577,0.223297,0.002345,0.328586,0.590789,0
0.899031,4,0.212766,0.047286,0.254091,0.003099,0.34231,0.67807,0
0.899031,4,0.234043,0.050228,0.303332,0.003288,0.377007,0.623246,0
0.899031,4,0.255319,0.062117,0.420411,0.004096,0.460383,0.598246,0
0.899031,4,0.276596,0.085925,0.533175,0.005652,0.556706,0.451754,0
0.899031,4,0.297872,0.058605,0.560845,0.003791,0.590886,0.469737,0
0.899031,4,0.319149,0.095172,0.627938,0.006304,0.654583,0.439912,1
0.899031,4,0.340426,0.097124,0.635971,0.006371,0.690057,0.43114,1
0.899031,4,0.361702,0.095833,0.623029,0.006313,0.691093,0.421491,1
0.899031,4,0.382979,0.095893,0.651592,0.006309,0.690057,0.458772,1
0.899031,4,0.404255,0.094962,0.654567,0.006223,0.664423,0.486404,1
0.899031,4,0.425532,0.093941,0.633442,0.006159,0.646556,0.490351,1
0.899031,4,0.446809,0.085025,0.611574,0.005206,0.632833,0.479386,1
0.899031,4,0.468085,0.088417,0.58435,0.005866,0.617815,0.383772,1
0.899031,4,0.489362,0.088387,0.561291,0.005883,0.593216,0.492982,1
0.899031,4,0.510638,0.090068,0.570217,0.005879,0.580269,0.485088,1
0.899031,4,0.531915,0.090849,0.563672,0.005879,0.559814,0.483772,1
0.899031,4,0.553191,0.094902,0.551473,0.00625,0.573537,0.482895,1
0.899031,4,0.574468,0.095352,0.547754,0.005814,0.578457,0.472807,1
0.899031,4,0.595745,0.094362,0.539572,0.005814,0.564992,0.468421,1
0.899031,4,0.617021,0.095953,0.528563,0.00625,0.550233,0.46886,1
0.899031,4,0.638298,0.096223,0.519488,0.00625,0.542983,0.482018,1
0.899031,4,0.659574,0.093551,0.534365,0.006095,0.543242,0.609211,1
0.899031,4,0.680851,0.083794,0.562333,0.005432,0.549456,0.682456,1
0.899031,4,0.702128,0.068332,0.594912,0.004468,0.555412,0.566228,0
0.899031,4,0.723404,0.061967,0.646236,0.00409,0.561367,0.595614,0
0.899031,4,0.744681,0.089228,0.746504,0.005312,0.546608,0.63114,1
0.899031,4,0.765957,0.095232,0.793365,0.006246,0.677628,0.482018,1
0.899031,4,0.787234,0.094782,0.783249,0.006215,0.679959,0.497368,1
0.899031,4,0.808511,0.085445,0.745016,0.005661,0.639047,0.562281,1
0.899031,4,0.829787,0.081242,0.717495,0.005384,0.616002,0.57193,1
0.899031,4,0.851064,0.082653,0.695775,0.005492,0.586484,0.528947,1
0.899031,4,0.87234,0.066771,0.664981,0.004447,0.566546,0.448684,0
0.899031,4,0.893617,0.05323,0.6205,0.003533,0.528483,0.49386,0
0.899031,4,0.914894,0.046986,0.564267,0.003162,0.506732,0.502193,0
0.899031,4,0.93617,0.071845,0.586879,0.004763,0.479285,0.657456,0
0.899031,4,0.957447,0.053351,0.580631,0.003513,0.458312,0.551316,0
0.899031,4,0.978723,0.075357,0.570663,0.005035,0.532108,0.543421,0
0.899031,4,1.0,0.064939,0.565457,0.004319,0.53392,0.525877,0
0.899075,5,0.0,0.056413,0.543737,0.003727,0.500518,0.570175,0
0.899075,5,0.021277,0.054431,0.524695,0.003569,0.469446,0.592105,0
0.899075,5,0.042553,0.060196,0.493603,0.00398,0.523563,0.506579,0
0.899075,5,0.06383,0.068242,0.439304,0.004493,0.504402,0.562281,0
0.899075,5,0.085106,0.064639,0.38679,0.004254,0.458053,0.537281,0
0.899075,5,0.106383,0.05287,0.331747,0.003469,0.416882,0.568421,0
0.899075,5,0.12766,0.049778,0.285629,0.003261,0.379337,0.589474,0
0.899075,5,0.148936,0.044314,0.252901,0.002923,0.352408,0.569737,0
0.899075,5,0.170213,0.043323,0.234157,0.002856,0.330399,0.635088,0
0.899075,5,0.191489,0.031554,0.235644,0.002021,0.314345,0.657456,0
0.899075,5,0.212766,0.049628,0.259447,0.003241,0.335318,0.680702,0
0.899075,5,0.234043,0.049147,0.319399,0.003209,0.367167,0.632018,0
0.899075,5,0.255319,0.067041,0.431419,0.004418,0.457276,0.600439,0
0.899075,5,0.276596,0.06533,0.538084,0.004344,0.545313,0.545175,0
0.899075,5,0.297872,0.05299,0.564415,0.003556,0.588555,0.492982,0
0.899075,5,0.319149,0.084364,0.629723,0.005638,0.668048,0.464035,1
0.899075,5,0.340426,0.094812,0.641476,0.006309,0.700155,0.456579,1
0.899075,5,0.361702,0.096854,0.62645,0.006466,0.696012,0.434649,1
0.899075,5,0.382979,0.096223,0.653526,0.006425,0.683325,0.460965,1
0.899075,5,0.404255,0.096553,0.667658,0.006421,0.667012,0.487281,1
0.899075,5,0.425532,0.089708,0.636269,0.005941,0.647851,0.495175,1
0.899075,5,0.446809,0.064549,0.607855,0.004294,0.626359,0.516667,0
0.899075,5,0.468085,0.089198,0.605326,0.005874,0.616002,0.535526,1
0.899075,5,0.489362,0.086586,0.59283,0.005688,0.601761,0.557895,1
0.899075,5,0.510638,0.078119,0.578399,0.005112,0.573278,0.575,1
0.899075,5,0.531915,0.068872,0.560547,0.00451,0.566287,0.548684,0
0.899075,5,0.553191,0.082353,0.546861,0.005388,0.596064,0.564035,1
0.899075,5,0.574468,0.080101,0.539423,0.005243,0.593993,0.567105,1
0.899075,5,0.595745,0.076558,0.526629,0.005006,0.576385,0.6,1
0.899075,5,0.617021,0.076678,0.51562,0.005004,0.569135,0.575,1
0.899075,5,0.638298,0.059505,0.512943,0.003884,0.554635,0.599561,0
0.899075,5,0.659574,0.081812,0.529604,0.005324,0.551787,0.611404,1
0.899075,5,0.680851,0.085025,0.546415,0.005517,0.542983,0.644737,1
0.899075,5,0.702128,0.062688,0.576019,0.004071,0.555671,0.639912,0
0.899075,5,0.723404,0.06623,0.623773,0.00436,0.57043,0.591228,0
0.899075,5,0.744681,0.086376,0.712288,0.005681,0.616779,0.606579,1
0.899075,5,0.765957,0.097964,0.767926,0.006483,0.681512,0.464035,1
0.899075,5,0.787234,0.127627,0.764505,0.008521,0.685914,0.48114,1
0.899075,5,0.808511,0.112495,0.738471,0.007536,0.662092,0.477632,1
0.899075,5,0.829787,0.089918,0.712883,0.00598,0.635681,0.470175,1
0.899075,5,0.851064,0.090969,0.68551,0.006072,0.60927,0.516228,1
0.899075,5,0.87234,0.080521,0.658584,0.005388,0.585966,0.453509,1
0.899075,5,0.893617,0.054221,0.611128,0.003635,0.552046,0.409211,0
0.899075,5,0.914894,0.05239,0.557721,0.003529,0.51709,0.46886,0
0.899075,5,0.93617,0.088417,0.596697,0.005906,0.498187,0.632018,1
0.899075,5,0.957447,0.088537,0.593573,0.005796,0.474107,0.538158,1
0.899075,5,0.978723,0.093641,0.586433,0.006242,0.563956,0.525,1
0.899075,5,1.0,0.089288,0.568878,0.005879,0.540394,0.523246,1
0.89912,6,0.0,0.088417,0.543439,0.00582,0.5145,0.553509,1
0.89912,6,0.021277,0.086946,0.522166,0.005706,0.47566,0.563596,1
0.89912,6,0.042553,0.090489,0.489438,0.006026,0.537286,0.481579,1
0.89912,6,0.06383,0.086226,0.435287,0.005692,0.50233,0.560088,1
0.89912,6,0.085106,0.086045,0.380839,0.005702,0.472035,0.55614,1
0.89912,6,0.106383,0.077849,0.334871,0.005137,0.427758,0.596491,1
0.89912,6,0.12766,0.059025,0.281315,0.004003,0.391766,0.607895,0
0.89912,6,0.148936,0.043713,0.252603,0.002881,0.354221,0.617105,0
0.89912,6,0.170213,0.045515,0.231776,0.002987,0.33972,0.652632,0
0.89912,6,0.191489,0.045965,0.231925,0.003016,0.328586,0.654825,0
0.89912,6,0.212766,0.071004,0.261678,0.004674,0.33972,0.63114,0
0.89912,6,0.234043,0.080972,0.312853,0.005361,0.366908,0.582018,1
0.89912,6,0.255319,0.090549,0.422196,0.005976,0.452097,0.490789,1
0.89912,6,0.276596,0.099225,0.525885,0.006685,0.542465,0.483333,1
0.89912,6,0.297872,0.086105,0.543737,0.005791,0.570171,0.455263,1
0.89912,6,0.319149,0.09172,0.600417,0.00624,0.636976,0.375877,1
0.89912,6,0.340426,0.096523,0.605326,0.006558,0.663387,0.323246,1
0.89912,6,0.361702,0.0916,0.592978,0.006211,0.662351,0.386842,1
0.89912,6,0.382979,0.091119,0.621244,0.00618,0.659503,0.385965,1
0.89912,6,0.404255,0.09169,0.628831,0.006182,0.634386,0.458333,1
0.89912,6,0.425532,0.085775,0.60235,0.005758,0.613154,0.462719,1
0.89912,6,0.446809,0.063378,0.578548,0.004258,0.592698,0.436404,0
0.89912,6,0.468085,0.082263,0.564118,0.005474,0.584671,0.50307,1
0.89912,6,0.489362,0.07881,0.548795,0.00522,0.562921,0.532895,0
0.89912,6,0.510638,0.061217,0.529307,0.004051,0.557483,0.524561,0
0.89912,6,0.531915,0.080911,0.516067,0.005353,0.542206,0.523246,1
0.89912,6,0.553191,0.061487,0.494198,0.004198,0.544278,0.448684,0
0.89912,6,0.574468,0.058454,0.480958,0.003903,0.542206,0.425439,0
0.89912,6,0.595745,0.075657,0.469949,0.005033,0.530036,0.464912,0
0.89912,6,0.617021,0.071544,0.455668,0.00478,0.516572,0.477632,0
0.89912,6,0.638298,0.054281,0.453436,0.003635,0.50492,0.47807,0
0.89912,6,0.659574,0.061757,0.459536,0.00413,0.487571,0.537719,0
0.89912,6,0.680851,0.074246,0.470991,0.004944,0.486794,0.546053,0
0.89912,6,0.702128,0.083674,0.489586,0.00554,0.483428,0.563596,1
0.89912,6,0.723404,0.075057,0.522464,0.005019,0.49767,0.525,0
0.89912,6,0.744681,0.076979,0.60235,0.005183,0.52175,0.563158,0
0.89912,6,0.765957,0.084844,0.652038,0.005764,0.584671,0.424123,1
0.89912,6,0.787234,0.085805,0.648468,0.005806,0.597877,0.382018,1
0.89912,6,0.808511,0.085085,0.622285,0.005762,0.569135,0.388158,1
0.89912,6,0.829787,0.084724,0.591491,0.005733,0.55101,0.383333,1
0.89912,6,0.851064,0.084064,0.573788,0.005708,0.51942,0.418421,1
0.89912,6,0.87234,0.084724,0.558167,0.005771,0.502848,0.39386,1
0.89912,6,0.893617,0.081752,0.524844,0.005555,0.459606,0.476754,1
0.89912,6,0.914894,0.074637,0.485123,0.00506,0.426204,0.483333,0
0.89912,6,0.93617,0.087396,0.536447,0.005879,0.406266,0.591228,1
0.89912,6,0.957447,0.085415,0.549093,0.00571,0.409632,0.495614,1
0.89912,6,0.978723,0.094061,0.550431,0.006373,0.527188,0.410965,1
0.89912,6,1.0,0.094152,0.541506,0.00634,0.517349,0.469298,1
0.899164,7,0.0,0.094362,0.509223,0.00629,0.479285,0.526754,1
0.899164,7,0.021277,0.102738,0.501488,0.006803,0.450803,0.544737,1
0.899164,7,0.042553,0.140717,0.463255,0.009364,0.494562,0.505702,1
0.899164,7,0.06383,0.086105,0.409253,0.005708,0.464267,0.570175,1
0.899164,7,0.085106,0.083163,0.356144,0.00549,0.425427,0.568421,1
0.899164,7,0.106383,0.070013,0.290985,0.004607,0.381926,0.599561,0
0.899164,7,0.12766,0.063318,0.245314,0.0042,0.343345,0.55,0
0.899164,7,0.148936,0.050318,0.207528,0.003349,0.310202,0.571491,0
0.899164,7,0.170213,0.044374,0.182535,0.002902,0.290782,0.682895,0
0.899164,7,0.191489,0.045665,0.178072,0.002973,0.274987,0.675439,0
0.899164,7,0.212766,0.046806,0.183428,0.003045,0.269549,0.705702,0
0.899164,7,0.234043,0.047436,0.195924,0.003074,0.27188,0.7,0
0.899164,7,0.255319,0.070824,0.235347,0.004614,0.302175,0.688158,0
0.899164,7,0.276596,0.082052,0.281464,0.005301,0.32522,0.707456,1
0.899164,7,0.297872,0.084844,0.345582,0.005428,0.314345,0.773246,1
0.899164,7,0.319149,0.089678,0.42651,0.005696,0.349301,0.705702,1
0.899164,7,0.340426,0.087937,0.477536,0.005555,0.38348,0.658333,1
0.899164,7,0.361702,0.089768,0.514877,0.005683,0.407561,0.615789,1
0.899164,7,0.382979,0.089468,0.546415,0.005671,0.40523,0.632895,1
0.899164,7,0.404255,0.088117,0.537489,0.005598,0.406784,0.655263,1
0.899164,7,0.425532,0.085415,0.511752,0.005453,0.389177,0.665351,1
0.899164,7,0.446809,0.084364,0.478578,0.00539,0.380114,0.681579,1
0.899164,7,0.468085,0.082202,0.445552,0.005274,0.36406,0.704825,1
0.899164,7,0.489362,0.082593,0.41922,0.005289,0.357328,0.717544,1
0.899164,7,0.510638,0.078239,0.401815,0.005023,0.337131,0.677632,1
0.899164,7,0.531915,0.070584,0.376971,0.004535,0.33014,0.741667,0
0.899164,7,0.553191,0.073076,0.356293,0.004697,0.332211,0.758333,0
0.899164,7,0.574468,0.055993,0.333383,0.003585,0.326256,0.714474,0
0.899164,7,0.595745,0.059535,0.317019,0.003835,0.307613,0.668421,0
0.899164,7,0.617021,0.05206,0.306754,0.003365,0.292336,0.708772,0
0.899164,7,0.638298,0.049988,0.301398,0.003234,0.281719,0.711842,0
0.899164,7,0.659574,0.048307,0.300803,0.003132,0.275246,0.732018,0
0.899164,7,0.680851,0.050799,0.312556,0.003284,0.279648,0.75307,0
0.899164,7,0.702128,0.05326,0.338292,0.003438,0.299845,0.690789,0
0.899164,7,0.723404,0.05326,0.357037,0.003463,0.317711,0.708333,0
0.899164,7,0.744681,0.078149,0.459238,0.005054,0.3739,0.699561,1
0.899164,7,0.765957,0.089318,0.560845,0.00569,0.453133,0.579825,1
0.899164,7,0.787234,0.091149,0.566349,0.005845,0.474625,0.545614,1
0.899164,7,0.808511,0.088357,0.524546,0.005665,0.454428,0.559649,1
0.899164,7,0.829787,0.086556,0.499851,0.005563,0.435526,0.565351,1
0.899164,7,0.851064,0.086346,0.47471,0.005567,0.416624,0.599123,1
0.899164,7,0.87234,0.084544,0.460577,0.005455,0.391507,0.65614,1
0.899164,7,0.893617,0.083944,0.443618,0.005405,0.369239,0.682456,1
0.899164,7,0.914894,0.077849,0.41327,0.005052,0.346453,0.683333,1
0.899164,7,0.93617,0.077939,0.439453,0.005068,0.345935,0.659649,1
0.899164,7,0.957447,0.07926,0.440048,0.005143,0.348265,0.634649,1
0.899164,7,0.978723,0.085865,0.432758,0.005621,0.433972,0.555702,1
0.899164,7,1.0,0.082953,0.412824,0.00543,0.426463,0.560526,1
0.995575,1,0.0,0.080911,0.383368,0.005316,0.404454,0.595175,1
0.995575,1,0.021277,0.080461,0.346474,0.005258,0.371569,0.60614,1
0.995575,1,0.042553,0.083433,0.312853,0.005471,0.423874,0.564912,1
0.995575,1,0.06383,0.077369,0.271199,0.005077,0.40057,0.569737,1
0.995575,1,0.085106,0.069563,0.229991,0.00457,0.353703,0.614035,0
0.995575,1,0.106383,0.056623,0.194585,0.003714,0.314086,0.621491,0
0.995575,1,0.12766,0.043173,0.164832,0.002829,0.2768,0.630263,0
0.995575,1,0.148936,0.041942,0.145939,0.002736,0.248317,0.675877,0
0.995575,1,0.170213,0.032154,0.131806,0.002083,0.217763,0.714474,0
0.995575,1,0.191489,0.024078,0.122136,0.001556,0.184878,0.689035,0
0.995575,1,0.212766,0.029272,0.130021,0.001901,0.174521,0.736404,0
0.995575,1,0.234043,0.030413,0.139393,0.001967,0.167012,0.736842,0
0.995575,1,0.255319,0.035607,0.161559,0.002295,0.176075,0.779386,0
0.995575,1,0.276596,0.031374,0.195031,0.002009,0.185914,0.814035,0
0.995575,1,0.297872,0.034796,0.234752,0.002113,0.181771,0.852193,0
0.995575,1,0.319149,0.048337,0.302886,0.003078,0.200932,0.860088,0
0.995575,1,0.340426,0.06545,0.365516,0.003342,0.222165,0.831579,0
0.995575,1,0.361702,0.081152,0.406129,0.00376,0.243397,0.809649,1
0.995575,1,0.382979,0.081902,0.443172,0.003934,0.260228,0.831579,1
0.995575,1,0.404255,0.083704,0.458494,0.003909,0.273951,0.809649,1
0.995575,1,0.425532,0.084394,0.441535,0.00343,0.270844,0.765789,1
0.995575,1,0.446809,0.081902,0.412229,0.002948,0.255308,0.765789,1
0.995575,1,0.468085,0.079621,0.391848,0.003141,0.267478,0.74386,1
0.995575,1,0.489362,0.077579,0.364326,0.003139,0.253237,0.765789,1
0.995575,1,0.510638,0.073706,0.349896,0.004034,0.267478,0.753509,1
0.995575,1,0.531915,0.073166,0.324606,0.003338,0.250906,0.765789,1
0.995575,1,0.553191,0.078119,0.302142,0.00302,0.259451,0.72193,1
0.995575,1,0.574468,0.067641,0.281018,0.002946,0.257897,0.765789,1
0.995575,1,0.595745,0.056713,0.267926,0.003243,0.249612,0.809649,0
0.995575,1,0.617021,0.053981,0.254835,0.002937,0.224236,0.787719,0
0.995575,1,0.638298,0.05263,0.249628,0.002948,0.232781,0.787719,0
0.995575,1,0.659574,0.069773,0.261678,0.003143,0.274469,0.809649,1
0.995575,1,0.680851,0.056893,0.273579,0.003405,0.274987,0.809649,0
0.995575,1,0.702128,0.068332,0.292026,0.004169,0.303211,0.792105,1
0.995575,1,0.723404,0.057223,0.324011,0.003311,0.314345,0.734649,0
0.995575,1,0.744681,0.072355,0.431866,0.004271,0.355515,0.675877,1
0.995575,1,0.765957,0.085625,0.530051,0.005501,0.437856,0.602193,1
0.995575,1,0.787234,0.087336,0.546117,0.005582,0.467115,0.560088,1
0.995575,1,0.808511,0.086976,0.524993,0.005573,0.454946,0.588596,1
0.995575,1,0.829787,0.086045,0.508777,0.005532,0.449508,0.566228,1
0.995575,1,0.851064,0.086526,0.501339,0.005555,0.433195,0.6,1
0.995575,1,0.87234,0.085175,0.48557,0.005484,0.414552,0.675,1
0.995575,1,0.893617,0.078119,0.449866,0.005037,0.38115,0.724123,1
0.995575,1,0.914894,0.070253,0.412824,0.004314,0.357587,0.727632,1
0.995575,1,0.93617,0.069113,0.421749,0.004217,0.334283,0.75,1
0.995575,1,0.957447,0.068362,0.408063,0.00441,0.324961,0.697807,1
0.995575,1,0.978723,0.081302,0.406427,0.005312,0.401864,0.608333,1
0.995575,1,1.0,0.069863,0.378756,0.00456,0.406007,0.624561,1
1.0,2,0.0,0.066831,0.359863,0.004375,0.387105,0.590351,1
1.0,2,0.021277,0.054011,0.331003,0.003577,0.368721,0.590789,0
1.0,2,0.042553,0.06596,0.306903,0.004416,0.42957,0.498684,1
1.0,2,0.06383,0.053471,0.271943,0.003577,0.413257,0.524123,0
1.0,2,0.085106,0.054732,0.237578,0.00366,0.385293,0.51886,0
1.0,2,0.106383,0.050108,0.208866,0.003328,0.34956,0.571053,0
1.0,2,0.12766,0.044043,0.17956,0.002906,0.309166,0.609211,0
1.0,2,0.148936,0.041762,0.165129,0.002744,0.282496,0.607895,0
1.0,2,0.170213,0.035277,0.156352,0.002324,0.26204,0.617105,0
1.0,2,0.191489,0.031554,0.167063,0.002079,0.24262,0.655263,0
1.0,2,0.212766,0.043113,0.204106,0.002829,0.267737,0.640351,0
1.0,2,0.234043,0.050228,0.256769,0.003313,0.3058,0.569737,0
1.0,2,0.255319,0.080071,0.369979,0.005334,0.398239,0.517982,1
1.0,2,0.276596,0.102078,0.471288,0.006818,0.480839,0.554386,1
1.0,2,0.297872,0.05305,0.48557,0.003571,0.522009,0.348246,0
1.0,2,0.319149,0.081632,0.543737,0.005565,0.595805,0.366667,1
1.0,2,0.340426,0.083764,0.555787,0.005679,0.620922,0.349123,1
1.0,2,0.361702,0.055152,0.549985,0.003756,0.627395,0.342982,0
1.0,2,0.382979,0.079771,0.581226,0.005422,0.622216,0.403947,1
1.0,2,0.404255,0.068272,0.581375,0.004622,0.605645,0.420614,1
1.0,2,0.425532,0.078119,0.564564,0.005249,0.584412,0.464474,1
1.0,2,0.446809,0.075027,0.539274,0.005029,0.578716,0.440789,1
1.0,2,0.468085,0.076108,0.523802,0.005091,0.567064,0.422368,1
1.0,2,0.489362,0.075027,0.518001,0.005004,0.558001,0.482018,1
1.0,2,0.510638,0.075027,0.508331,0.005002,0.535474,0.484649,1
1.0,2,0.531915,0.075027,0.501339,0.004994,0.536251,0.517544,1
1.0,2,0.553191,0.075027,0.497173,0.005,0.541947,0.486404,1
1.0,2,0.574468,0.075027,0.487355,0.005019,0.549974,0.417982,1
1.0,2,0.595745,0.075027,0.480958,0.005012,0.533661,0.473684,1
1.0,2,0.617021,0.077369,0.46742,0.005199,0.530813,0.407456,1
1.0,2,0.638298,0.060856,0.463255,0.004076,0.449249,0.514474,0
1.0,2,0.659574,0.074997,0.469206,0.005052,0.511652,0.464035,1
1.0,2,0.680851,0.075177,0.478875,0.005044,0.511652,0.453947,1
1.0,2,0.702128,0.06602,0.491074,0.004489,0.516831,0.395175,0
1.0,2,0.723404,0.054371,0.521273,0.003745,0.537027,0.335965,0
1.0,2,0.744681,0.070584,0.595656,0.004869,0.569394,0.375439,1
1.0,2,0.765957,0.081662,0.645195,0.005594,0.628431,0.349123,1
1.0,2,0.787234,0.081422,0.635823,0.005582,0.62869,0.277193,1
1.0,2,0.808511,0.074787,0.600714,0.005135,0.597359,0.320614,1
1.0,2,0.829787,0.067071,0.567837,0.004641,0.57043,0.316228,0
1.0,2,0.851064,0.072355,0.540315,0.00499,0.541429,0.339912,1
1.0,2,0.87234,0.054431,0.517108,0.003747,0.505179,0.353947,0
1.0,2,0.893617,0.05236,0.477536,0.003569,0.477991,0.41886,0
1.0,2,0.914894,0.051369,0.434543,0.003471,0.452615,0.462281,0
1.0,2,0.93617,0.07842,0.475156,0.005206,0.423874,0.59693,1
1.0,2,0.957447,0.072415,0.47947,0.00479,0.397462,0.55307,1
1.0,2,0.978723,0.077789,0.495388,0.005179,0.497152,0.527193,1
1.0,2,1.0,0.076018,0.496727,0.005029,0.484982,0.563158,1
0.867307,3,0.0,0.07854,0.481702,0.005152,0.462196,0.627632,1
0.867307,3,0.021277,0.075447,0.477685,0.004828,0.435526,0.678509,1
0.867307,3,0.042553,0.081032,0.448527,0.005343,0.496116,0.527632,1
0.867307,3,0.06383,0.074336,0.397352,0.004867,0.474107,0.604825,1
0.867307,3,0.085106,0.066621,0.339631,0.004364,0.43216,0.628947,0
0.867307,3,0.106383,0.063288,0.290539,0.004138,0.388918,0.659649,0
0.867307,3,0.12766,0.045394,0.24576,0.002956,0.351113,0.627632,0
0.867307,3,0.148936,0.042572,0.218536,0.002781,0.315122,0.637719,0
0.867307,3,0.170213,0.044584,0.199345,0.002908,0.292077,0.697368,0
0.867307,3,0.191489,0.042933,0.197411,0.002777,0.279648,0.748684,0
0.867307,3,0.212766,0.05203,0.219131,0.003357,0.296996,0.770614,0
0.867307,3,0.234043,0.048637,0.280274,0.003157,0.327033,0.697807,0
0.867307,3,0.255319,0.069563,0.390062,0.004616,0.410409,0.569737,1
0.867307,3,0.276596,0.073946,0.487504,0.004917,0.478767,0.525,1
0.867307,3,0.297872,0.045755,0.491372,0.003047,0.513206,0.465789,0
0.867307,3,0.319149,0.073106,0.544035,0.004902,0.576126,0.453947,1
0.867307,3,0.340426,0.071664,0.550878,0.004813,0.604868,0.432456,1
0.867307,3,0.361702,0.051309,0.532282,0.003473,0.605904,0.407895,0
0.867307,3,0.382979,0.06596,0.569027,0.004443,0.598136,0.523246,0
0.867307,3,0.404255,0.071785,0.571556,0.004794,0.591662,0.476316,1
0.867307,3,0.425532,0.066561,0.555638,0.004454,0.581823,0.498246,0
0.867307,3,0.446809,0.070734,0.541208,0.004736,0.57535,0.474123,1
0.867307,3,0.468085,0.059535,0.494347,0.004017,0.568876,0.473246,0
0.867307,3,0.489362,0.074156,0.51324,0.004942,0.56551,0.499123,1
0.867307,3,0.510638,0.068722,0.502529,0.004574,0.549974,0.50614,1
0.867307,3,0.531915,0.071544,0.495686,0.004765,0.545572,0.490351,1
0.867307,3,0.553191,0.072235,0.486909,0.004823,0.56059,0.480263,1
0.867307,3,0.574468,0.074847,0.480065,0.004992,0.562144,0.486404,1
0.867307,3,0.595745,0.074997,0.478727,0.004973,0.551787,0.500877,1
0.867307,3,0.617021,0.061066,0.464743,0.004069,0.540911,0.52193,0
0.867307,3,0.638298,0.056083,0.463999,0.003747,0.527188,0.511842,0
0.867307,3,0.659574,0.05326,0.469057,0.003556,0.52175,0.518421,0
0.867307,3,0.680851,0.05308,0.473073,0.003556,0.520197,0.516667,0
0.867307,3,0.702128,0.072055,0.482297,0.004817,0.525634,0.519298,1
0.867307,3,0.723404,0.055242,0.505802,0.003702,0.53392,0.495175,0
0.867307,3,0.744681,0.061096,0.568581,0.004086,0.562144,0.493421,0
0.867307,3,0.765957,0.078179,0.624368,0.005208,0.607198,0.454825,1
0.867307,3,0.787234,0.074547,0.617078,0.005014,0.618591,0.377193,1
0.867307,3,0.808511,0.063618,0.581672,0.004306,0.580787,0.437719,0
0.867307,3,0.829787,0.044374,0.550431,0.002993,0.548938,0.505702,0
0.867307,3,0.851064,0.057494,0.526927,0.003878,0.524858,0.489474,0
0.867307,3,0.87234,0.045124,0.513091,0.00306,0.494045,0.491228,0
0.867307,3,0.893617,0.043833,0.47352,0.002958,0.460124,0.482456,0
0.867307,3,0.914894,0.042542,0.437072,0.002858,0.430088,0.478509,0
0.867307,3,0.93617,0.055152,0.476941,0.003673,0.401346,0.61886,0
0.867307,3,0.957447,0.053621,0.485719,0.003544,0.390212,0.592982,0
0.867307,3,0.978723,0.07881,0.493752,0.005197,0.480839,0.642105,1
0.867307,3,1.0,0.075567,0.493901,0.004923,0.481098,0.649123,1
0.871731,4,0.0,0.077639,0.479917,0.005058,0.448472,0.684211,1
0.871731,4,0.021277,0.063108,0.468313,0.004109,0.415329,0.696053,1
0.871731,4,0.042553,0.075327,0.438114,0.004917,0.470223,0.631579,1
0.871731,4,0.06383,0.069953,0.386492,0.00457,0.450026,0.67193,1
0.871731,4,0.085106,0.063408,0.336953,0.004136,0.404713,0.639035,1
0.871731,4,0.106383,0.064999,0.282356,0.004236,0.359399,0.677193,1
0.871731,4,0.12766,0.051609,0.237876,0.003342,0.322372,0.701754,0
0.871731,4,0.148936,0.048337,0.208569,0.003118,0.292336,0.702193,0
0.871731,4,0.170213,0.040621,0.190122,0.002619,0.274987,0.694737,0
0.871731,4,0.191489,0.041101,0.187147,0.002767,0.264112,0.736842,0
0.871731,4,0.212766,0.049508,0.216007,0.00311,0.276541,0.757018,0
0.871731,4,0.234043,0.051189,0.275067,0.003324,0.319265,0.719737,0
0.871731,4,0.255319,0.073886,0.379649,0.004803,0.391766,0.619737,1
0.871731,4,0.276596,0.082683,0.484231,0.005463,0.461678,0.587281,1
0.871731,4,0.297872,0.05218,0.484528,0.003463,0.500518,0.541228,0
0.871731,4,0.319149,0.066951,0.527968,0.004479,0.564992,0.454825,1
0.871731,4,0.340426,0.073616,0.536001,0.004948,0.607975,0.413596,1
0.871731,4,0.361702,0.073436,0.520083,0.004933,0.608493,0.466228,1
0.871731,4,0.382979,0.074427,0.55058,0.004977,0.612636,0.450439,1
0.871731,4,0.404255,0.074667,0.556084,0.004967,0.598912,0.456579,1
0.871731,4,0.425532,0.073706,0.532282,0.004919,0.595546,0.423684,1
0.871731,4,0.446809,0.074547,0.516067,0.004985,0.587778,0.444737,1
0.871731,4,0.468085,0.074096,0.505058,0.004954,0.583118,0.444298,1
0.871731,4,0.489362,0.102048,0.505207,0.006863,0.583894,0.496053,1
0.871731,4,0.510638,0.093491,0.497322,0.006261,0.557742,0.524561,1
0.871731,4,0.531915,0.093101,0.48795,0.006221,0.559814,0.529825,1
0.871731,4,0.553191,0.097844,0.483636,0.006554,0.576903,0.511404,1
0.871731,4,0.574468,0.091059,0.473222,0.006109,0.577162,0.488596,1
0.871731,4,0.595745,0.073106,0.464743,0.0049,0.570171,0.47807,1
0.871731,4,0.617021,0.072055,0.458643,0.004823,0.556706,0.475877,1
0.871731,4,0.638298,0.053741,0.4518,0.003606,0.541947,0.495175,0
0.871731,4,0.659574,0.049117,0.455817,0.00329,0.531072,0.517982,0
0.871731,4,0.680851,0.050648,0.460577,0.003394,0.531849,0.504386,0
0.871731,4,0.702128,0.056473,0.468759,0.003779,0.540394,0.527193,0
0.871731,4,0.723404,0.044284,0.486165,0.002958,0.554376,0.554386,0
0.871731,4,0.744681,0.061577,0.550431,0.004111,0.593734,0.49386,0
0.871731,4,0.765957,0.075838,0.60116,0.005054,0.62869,0.44386,1
0.871731,4,0.787234,0.072235,0.58673,0.004821,0.63594,0.434211,1
0.871731,4,0.808511,0.059865,0.549539,0.004032,0.603573,0.409211,0
0.871731,4,0.829787,0.05275,0.520083,0.003583,0.566805,0.419737,0
0.871731,4,0.851064,0.049267,0.497173,0.003359,0.546608,0.410965,0
0.871731,4,0.87234,0.043773,0.477239,0.002983,0.525375,0.407895,0
0.871731,4,0.893617,0.042062,0.435138,0.00285,0.48783,0.4,0
0.871731,4,0.914894,0.040231,0.40717,0.002738,0.459089,0.401754,0
0.871731,4,0.93617,0.048547,0.447932,0.003278,0.437856,0.573684,0
0.871731,4,0.957447,0.044254,0.464891,0.00295,0.4174,0.54693,0
0.871731,4,0.978723,0.075057,0.480065,0.005006,0.517607,0.533772,1
0.871731,4,1.0,0.07953,0.4759,0.005249,0.509322,0.567544,1
0.876156,5,0.0,0.081032,0.468611,0.005332,0.488607,0.595175,1
0.876156,5,0.021277,0.07956,0.455073,0.005226,0.452874,0.602193,1
0.876156,5,0.042553,0.082022,0.421749,0.00543,0.503366,0.529825,1
0.876156,5,0.06383,0.073886,0.369235,0.004915,0.476437,0.523684,1
0.876156,5,0.085106,0.070283,0.315382,0.004655,0.429311,0.550877,1
0.876156,5,0.106383,0.06623,0.265397,0.004381,0.383221,0.618421,1
0.876156,5,0.12766,0.064699,0.219429,0.004254,0.341274,0.652193,0
0.876156,5,0.148936,0.055332,0.189527,0.003627,0.320041,0.625439,0
0.876156,5,0.170213,0.0529,0.176882,0.003459,0.298032,0.692982,0
0.876156,5,0.191489,0.054702,0.176733,0.003565,0.288711,0.688596,0
0.876156,5,0.212766,0.063018,0.203808,0.004121,0.293112,0.671053,0
0.876156,5,0.234043,0.067401,0.250669,0.004433,0.325479,0.595175,1
0.876156,5,0.255319,0.080731,0.344094,0.005355,0.407302,0.505263,1
0.876156,5,0.276596,0.086376,0.434097,0.005723,0.483946,0.499123,1
0.876156,5,0.297872,0.053291,0.438411,0.003569,0.515795,0.444298,0
0.876156,5,0.319149,0.068842,0.493752,0.004655,0.578198,0.386404,1
0.876156,5,0.340426,0.071304,0.506397,0.00484,0.596064,0.351754,1
0.876156,5,0.361702,0.071995,0.503273,0.004892,0.589073,0.402632,1
0.876156,5,0.382979,0.074186,0.539869,0.005021,0.5971,0.414912,1
0.876156,5,0.404255,0.074427,0.548795,0.005014,0.580269,0.429386,1
0.876156,5,0.425532,0.074787,0.535704,0.005039,0.581823,0.396053,1
0.876156,5,0.446809,0.106221,0.511901,0.007185,0.57535,0.411842,1
0.876156,5,0.468085,0.110994,0.492711,0.007549,0.57535,0.397368,1
0.876156,5,0.489362,0.102108,0.483338,0.006984,0.577421,0.374561,1
0.876156,5,0.510638,0.101387,0.474859,0.006923,0.56318,0.419737,1
0.876156,5,0.531915,0.104479,0.46742,0.007098,0.561885,0.407018,1
0.876156,5,0.553191,0.116068,0.469503,0.007894,0.594511,0.412719,1
0.876156,5,0.574468,0.112105,0.464148,0.007636,0.595546,0.388158,1
0.876156,5,0.595745,0.075597,0.459387,0.005147,0.590886,0.350877,1
0.876156,5,0.617021,0.074577,0.451503,0.005056,0.58726,0.374561,1
0.876156,5,0.638298,0.072565,0.44332,0.004933,0.57535,0.366667,1
0.876156,5,0.659574,0.073826,0.44942,0.00501,0.569653,0.332018,1
0.876156,5,0.680851,0.074487,0.452395,0.005068,0.583635,0.355702,1
0.876156,5,0.702128,0.074036,0.458643,0.005056,0.605127,0.336842,1
0.876156,5,0.723404,0.076618,0.479024,0.005255,0.619368,0.320175,1
0.876156,5,0.744681,0.086916,0.532877,0.005931,0.636458,0.319737,1
0.876156,5,0.765957,0.088207,0.561291,0.005995,0.652253,0.321053,1
0.876156,5,0.787234,0.088988,0.563672,0.005989,0.654583,0.325877,1
0.876156,5,0.808511,0.088147,0.528414,0.005966,0.611341,0.367544,1
0.876156,5,0.829787,0.077879,0.501041,0.005301,0.583118,0.351754,1
0.876156,5,0.851064,0.064309,0.477685,0.004404,0.551787,0.349123,0
0.876156,5,0.87234,0.047916,0.455668,0.003297,0.515277,0.364035,0
0.876156,5,0.893617,0.042752,0.416245,0.002931,0.48291,0.332895,0
0.876156,5,0.914894,0.036027,0.378756,0.00247,0.406784,0.39386,0
0.876156,5,0.93617,0.069503,0.431717,0.004649,0.353444,0.660965,0
0.876156,5,0.957447,0.043983,0.453883,0.00291,0.333506,0.592105,0
0.876156,5,0.978723,0.074336,0.465933,0.004944,0.452615,0.528947,0
0.876156,5,1.0,0.082172,0.467272,0.005442,0.493786,0.540351,1
0.880581,6,0.0,0.083463,0.44942,0.005488,0.462714,0.592982,1
0.880581,6,0.021277,0.081902,0.434841,0.005388,0.42232,0.584649,1
0.880581,6,0.042553,0.083103,0.397352,0.005511,0.471258,0.530263,1
0.880581,6,0.06383,0.07881,0.351235,0.005243,0.445106,0.517982,1
0.880581,6,0.085106,0.06608,0.29753,0.004385,0.401605,0.549123,0
0.880581,6,0.106383,0.063618,0.246504,0.004188,0.360176,0.620175,0
0.880581,6,0.12766,0.053531,0.207676,0.003498,0.31797,0.642105,0
0.880581,6,0.148936,0.044314,0.178072,0.002896,0.284568,0.606579,0
0.880581,6,0.170213,0.041612,0.161559,0.00273,0.262558,0.656579,0
0.880581,6,0.191489,0.044073,0.164088,0.002871,0.252978,0.697807,0
0.880581,6,0.212766,0.041822,0.186403,0.002732,0.267737,0.675,0
0.880581,6,0.234043,0.046325,0.235198,0.003037,0.292595,0.647368,0
0.880581,6,0.255319,0.06596,0.330408,0.004402,0.377784,0.482895,0
0.880581,6,0.276596,0.068872,0.423237,0.004626,0.444329,0.514035,0
0.880581,6,0.297872,0.056233,0.429783,0.003793,0.491714,0.424123,0
0.880581,6,0.319149,0.072445,0.491967,0.004917,0.549197,0.365789,0
0.880581,6,0.340426,0.072415,0.487652,0.004944,0.584412,0.323246,0
0.880581,6,0.361702,0.073346,0.498364,0.005,0.580269,0.356579,0
0.880581,6,0.382979,0.077099,0.544183,0.005231,0.581564,0.396491,1
0.880581,6,0.404255,0.085055,0.562035,0.005708,0.568876,0.408333,1
0.880581,6,0.425532,0.106941,0.556233,0.00716,0.517866,0.517105,1
0.880581,6,0.446809,0.103579,0.545076,0.006923,0.50725,0.492982,1
0.880581,6,0.468085,0.120271,0.533026,0.008089,0.559296,0.465789,1
0.880581,6,0.489362,0.136484,0.525885,0.009117,0.562144,0.561842,1
0.880581,6,0.510638,0.125135,0.513835,0.008348,0.544795,0.560965,1
0.880581,6,0.531915,0.123874,0.507885,0.008288,0.55101,0.563596,1
0.880581,6,0.553191,0.120872,0.501041,0.008074,0.55101,0.485526,1
0.880581,6,0.574468,0.123454,0.495537,0.008299,0.544019,0.495175,1
0.880581,6,0.595745,0.087937,0.486611,0.005881,0.530036,0.486842,1
0.880581,6,0.617021,0.087967,0.47114,0.005862,0.522786,0.411842,1
0.880581,6,0.638298,0.087456,0.470693,0.005854,0.503625,0.453509,1
0.880581,6,0.659574,0.088747,0.488099,0.005928,0.487053,0.436842,1
0.880581,6,0.680851,0.089618,0.497769,0.006003,0.469446,0.415351,1
0.880581,6,0.702128,0.090068,0.505356,0.006028,0.478509,0.433772,1
0.880581,6,0.723404,0.084334,0.511604,0.005667,0.481098,0.393421,1
0.880581,6,0.744681,0.088747,0.555043,0.005955,0.519938,0.277193,1
0.880581,6,0.765957,0.083824,0.56873,0.005708,0.556447,0.250877,1
0.880581,6,0.787234,0.080731,0.548944,0.00555,0.55826,0.244737,1
0.880581,6,0.808511,0.074667,0.516067,0.005187,0.532367,0.230702,0
0.880581,6,0.829787,0.067251,0.484975,0.004715,0.496893,0.216667,0
0.880581,6,0.851064,0.070073,0.46385,0.004925,0.481875,0.212719,0
0.880581,6,0.87234,0.05203,0.439453,0.003656,0.462196,0.211404,0
0.880581,6,0.893617,0.042662,0.403749,0.002979,0.428534,0.255702,0
0.880581,6,0.914894,0.042272,0.372359,0.002935,0.395132,0.263158,0
0.880581,6,0.93617,0.0786,0.424725,0.005426,0.388659,0.410965,1
0.880581,6,0.957447,0.074156,0.453585,0.005081,0.38115,0.40307,0
0.880581,6,0.978723,0.084364,0.474264,0.005895,0.49275,0.29693,1
0.880581,6,1.0,0.081692,0.472181,0.005717,0.478509,0.339912,1
0.885005,7,0.0,0.063558,0.438709,0.0044,0.425168,0.369298,0
0.885005,7,0.021277,0.063859,0.428741,0.004393,0.397721,0.358333,0
0.885005,7,0.042553,0.077159,0.395864,0.005324,0.43941,0.294737,0
0.885005,7,0.06383,0.057824,0.327135,0.003965,0.408338,0.360965,0
0.885005,7,0.085106,0.050408,0.275811,0.003477,0.357846,0.329825,0
0.885005,7,0.106383,0.041822,0.224189,0.002869,0.306059,0.366667,0
0.885005,7,0.12766,0.036538,0.174353,0.002495,0.261523,0.355702,0
0.885005,7,0.148936,0.034256,0.147873,0.002347,0.221129,0.364474,0
0.885005,7,0.170213,0.041552,0.127194,0.002833,0.204816,0.423684,0
0.885005,7,0.191489,0.03924,0.118417,0.002671,0.185914,0.439912,0
0.885005,7,0.212766,0.042843,0.124219,0.00291,0.183325,0.448246,0
0.885005,7,0.234043,0.042692,0.139393,0.002904,0.191352,0.474123,0
0.885005,7,0.255319,0.042512,0.165129,0.002902,0.21362,0.39386,0
0.885005,7,0.276596,0.03975,0.202172,0.002727,0.233817,0.366228,0
0.885005,7,0.297872,0.048547,0.248289,0.003322,0.228897,0.481579,0
0.885005,7,0.319149,0.081392,0.323862,0.005505,0.274469,0.491228,1
0.885005,7,0.340426,0.06566,0.392294,0.00441,0.320818,0.469298,0
0.885005,7,0.361702,0.089138,0.440048,0.005941,0.348006,0.475877,1
0.885005,7,0.382979,0.089528,0.492115,0.005906,0.374417,0.457895,1
0.885005,7,0.404255,0.090399,0.508926,0.005941,0.372346,0.454386,1
0.885005,7,0.425532,0.089978,0.502083,0.005904,0.362248,0.520175,1
0.885005,7,0.446809,0.089138,0.481107,0.005852,0.353703,0.483772,1
0.885005,7,0.468085,0.089138,0.469652,0.005845,0.344899,0.50614,1
0.885005,7,0.489362,0.090549,0.455073,0.005955,0.339979,0.480263,1
0.885005,7,0.510638,0.09211,0.443172,0.00608,0.32755,0.492982,1
0.885005,7,0.531915,0.091239,0.428295,0.006018,0.324702,0.54386,1
0.885005,7,0.553191,0.100126,0.413567,0.006599,0.328068,0.602193,1
0.885005,7,0.574468,0.104389,0.388724,0.00683,0.315381,0.611842,1
0.885005,7,0.595745,0.092771,0.378161,0.006028,0.312532,0.566667,1
0.885005,7,0.617021,0.090249,0.369087,0.005874,0.312273,0.585965,1
0.885005,7,0.638298,0.089138,0.369384,0.00581,0.294407,0.621053,1
0.885005,7,0.659574,0.089138,0.368938,0.005827,0.292336,0.623246,1
0.885005,7,0.680851,0.088567,0.382922,0.005804,0.287934,0.659649,1
0.885005,7,0.702128,0.088567,0.405534,0.005837,0.318747,0.580263,1
0.885005,7,0.723404,0.076558,0.420857,0.00511,0.340238,0.499123,1
0.885005,7,0.744681,0.087096,0.489884,0.005812,0.38348,0.448684,1
0.885005,7,0.765957,0.094632,0.535257,0.006392,0.453133,0.354386,1
0.885005,7,0.787234,0.096313,0.536894,0.006622,0.477991,0.329386,1
0.885005,7,0.808511,0.089288,0.494793,0.006036,0.459865,0.294298,1
0.885005,7,0.829787,0.089138,0.460726,0.005985,0.429052,0.363158,1
0.885005,7,0.851064,0.089138,0.429783,0.005995,0.409373,0.422368,1
0.885005,7,0.87234,0.088747,0.415799,0.005997,0.394355,0.424561,1
0.885005,7,0.893617,0.076588,0.395269,0.005206,0.366908,0.449123,1
0.885005,7,0.914894,0.054371,0.376376,0.003712,0.354738,0.413596,0
0.885005,7,0.93617,0.085955,0.403749,0.00587,0.345676,0.425,1
0.885005,7,0.957447,0.068302,0.401369,0.004668,0.344122,0.432895,0
0.885005,7,0.978723,0.084724,0.401964,0.005829,0.422838,0.354386,1
0.885005,7,1.0,0.070193,0.376525,0.004836,0.422838,0.339035,0
0.902571,1,0.0,0.084604,0.346474,0.00582,0.414811,0.365789,1
0.902571,1,0.021277,0.060766,0.308688,0.004165,0.388141,0.367544,0
0.902571,1,0.042553,0.086826,0.268075,0.005999,0.441222,0.309649,1
0.902571,1,0.06383,0.077699,0.229545,0.005334,0.409373,0.350877,1
0.902571,1,0.085106,0.062838,0.193395,0.00429,0.369239,0.402193,0
0.902571,1,0.106383,0.048097,0.153377,0.003245,0.322631,0.489912,0
0.902571,1,0.12766,0.046836,0.131211,0.003132,0.279907,0.557018,0
0.902571,1,0.148936,0.044073,0.107111,0.002927,0.250129,0.548246,0
0.902571,1,0.170213,0.028612,0.093573,0.001907,0.219575,0.544737,0
0.902571,1,0.191489,0.030743,0.090598,0.002052,0.192905,0.558333,0
0.902571,1,0.212766,0.031374,0.094168,0.002092,0.17711,0.573684,0
0.902571,1,0.234043,0.031464,0.105475,0.002092,0.170378,0.582018,0
0.902571,1,0.255319,0.030023,0.122285,0.002011,0.169083,0.520175,0
0.902571,1,0.276596,0.030593,0.152782,0.002054,0.171414,0.578947,0
0.902571,1,0.297872,0.040711,0.194585,0.002707,0.149404,0.641667,0
0.902571,1,0.319149,0.048907,0.263761,0.003257,0.180735,0.644737,0
0.902571,1,0.340426,0.050168,0.319697,0.003338,0.220352,0.598684,0
0.902571,1,0.361702,0.062958,0.370574,0.004177,0.255308,0.647368,0
0.902571,1,0.382979,0.087306,0.409551,0.005744,0.274987,0.61886,1
0.902571,1,0.404255,0.07926,0.429485,0.005212,0.292077,0.67807,1
0.902571,1,0.425532,0.071514,0.422047,0.004717,0.293889,0.625439,0
0.902571,1,0.446809,0.06539,0.399583,0.004331,0.297255,0.605263,0
0.902571,1,0.468085,0.064819,0.378012,0.004292,0.288193,0.602193,0
0.902571,1,0.489362,0.089048,0.354656,0.005868,0.290005,0.601316,1
0.902571,1,0.510638,0.075117,0.335614,0.004971,0.282755,0.620175,1
0.902571,1,0.531915,0.070524,0.307349,0.004678,0.284827,0.572807,0
0.902571,1,0.553191,0.061277,0.284737,0.004078,0.289487,0.539912,0
0.902571,1,0.574468,0.055542,0.262273,0.003702,0.282237,0.558772,0
0.902571,1,0.595745,0.05206,0.245463,0.003457,0.271103,0.573246,0
0.902571,1,0.617021,0.051129,0.234157,0.003396,0.261005,0.582895,0
0.902571,1,0.638298,0.05305,0.235347,0.003529,0.258933,0.576316,0
0.902571,1,0.659574,0.057374,0.232669,0.003799,0.25971,0.583772,0
0.902571,1,0.680851,0.050228,0.247545,0.003338,0.263076,0.573246,0
0.902571,1,0.702128,0.049838,0.268521,0.00333,0.280166,0.549561,0
0.902571,1,0.723404,0.051729,0.289497,0.003486,0.309166,0.545614,0
0.902571,1,0.744681,0.057944,0.371318,0.003901,0.356551,0.463596,0
0.902571,1,0.765957,0.089138,0.477834,0.005968,0.424909,0.405702,1
0.902571,1,0.787234,0.089138,0.498364,0.005935,0.444847,0.441667,1
0.902571,1,0.808511,0.089138,0.486462,0.005958,0.435267,0.471491,1
0.902571,1,0.829787,0.088657,0.464891,0.005935,0.413516,0.532018,1
0.902571,1,0.851064,0.089138,0.452395,0.00597,0.407043,0.503947,1
0.902571,1,0.87234,0.086226,0.443618,0.005754,0.385552,0.560088,1
0.902571,1,0.893617,0.06545,0.41565,0.004375,0.359399,0.550877,1
0.902571,1,0.914894,0.062748,0.382178,0.004215,0.33506,0.512281,1
0.902571,1,0.93617,0.080191,0.397947,0.005386,0.316675,0.572368,1
0.902571,1,0.957447,0.053501,0.382773,0.003589,0.306059,0.500877,0
0.902571,1,0.978723,0.085145,0.381583,0.005796,0.393061,0.380702,1
0.902571,1,1.0,0.070103,0.355698,0.004786,0.386069,0.41886,1
0.902615,2,0.0,0.087096,0.33978,0.005864,0.373382,0.494298,1
0.902615,2,0.021277,0.067912,0.304522,0.004555,0.343345,0.517105,1
0.902615,2,0.042553,0.078269,0.282356,0.005287,0.409114,0.477632,1
0.902615,2,0.06383,0.0653,0.250074,0.0044,0.39073,0.496491,1
0.902615,2,0.085106,0.062958,0.225082,0.004213,0.35914,0.549561,1
0.902615,2,0.106383,0.064339,0.19399,0.004285,0.326256,0.591667,1
0.902615,2,0.12766,0.051969,0.16989,0.003434,0.293371,0.627632,0
0.902615,2,0.148936,0.050468,0.157691,0.003317,0.263594,0.651316,0
0.902615,2,0.170213,0.046175,0.148914,0.003031,0.244174,0.66886,0
0.902615,2,0.191489,0.050078,0.156501,0.003282,0.234593,0.695614,0
0.902615,2,0.212766,0.056653,0.193841,0.003712,0.244692,0.704825,0
0.902615,2,0.234043,0.059835,0.252752,0.003955,0.272139,0.651754,0
0.902615,2,0.255319,0.093341,0.358227,0.00624,0.353444,0.597368,1
0.902615,2,0.276596,0.093971,0.468611,0.006271,0.432936,0.528509,1
0.902615,2,0.297872,0.085985,0.486611,0.005779,0.473848,0.412719,1
0.902615,2,0.319149,0.090549,0.544183,0.006099,0.547903,0.298246,1
0.902615,2,0.340426,0.095443,0.560547,0.006516,0.593993,0.276754,1
0.902615,2,0.361702,0.090309,0.549093,0.00614,0.590886,0.263158,1
0.902615,2,0.382979,0.10556,0.581672,0.007187,0.604609,0.264912,1
0.902615,2,0.404255,0.104299,0.587623,0.007098,0.593216,0.336842,1
0.902615,2,0.425532,0.09148,0.559952,0.006217,0.584671,0.302632,1
0.902615,2,0.446809,0.090549,0.536001,0.00612,0.584412,0.280702,1
0.902615,2,0.468085,0.089678,0.520232,0.006066,0.576126,0.300439,1
0.902615,2,0.489362,0.089978,0.507141,0.006095,0.579234,0.278947,1
0.902615,2,0.510638,0.090068,0.498215,0.006109,0.566287,0.263158,1
0.902615,2,0.531915,0.089678,0.486165,0.00608,0.559296,0.26886,1
0.902615,2,0.553191,0.089678,0.482148,0.006082,0.573019,0.237281,1
0.902615,2,0.574468,0.089168,0.475305,0.00607,0.576903,0.253509,1
0.902615,2,0.595745,0.089138,0.464891,0.006086,0.57276,0.245614,1
0.902615,2,0.617021,0.089138,0.456114,0.006105,0.571724,0.291667,1
0.902615,2,0.638298,0.088297,0.451205,0.006036,0.557483,0.302632,1
0.902615,2,0.659574,0.088567,0.455073,0.00602,0.556447,0.350439,1
0.902615,2,0.680851,0.087216,0.460577,0.005916,0.55334,0.38114,1
0.902615,2,0.702128,0.087216,0.481404,0.005877,0.581305,0.335965,1
0.902615,2,0.723404,0.087727,0.503719,0.00591,0.605386,0.336842,1
0.902615,2,0.744681,0.088477,0.573341,0.005899,0.647074,0.337719,1
0.902615,2,0.765957,0.092771,0.6446,0.006136,0.669342,0.39693,1
0.902615,2,0.787234,0.0919,0.641178,0.006095,0.665458,0.325,1
0.902615,2,0.808511,0.091239,0.604582,0.006059,0.63102,0.38114,1
0.902615,2,0.829787,0.089498,0.580036,0.005947,0.601761,0.405263,1
0.902615,2,0.851064,0.088898,0.556531,0.005926,0.562403,0.433333,1
0.902615,2,0.87234,0.087066,0.537191,0.005837,0.53159,0.472807,1
0.902615,2,0.893617,0.068332,0.499702,0.004603,0.490678,0.48114,0
0.902615,2,0.914894,0.043383,0.453288,0.002939,0.455463,0.436842,0
0.902615,2,0.93617,0.086526,0.483487,0.005766,0.423097,0.639035,1
0.902615,2,0.957447,0.086646,0.488248,0.005663,0.405748,0.614912,1
0.902615,2,0.978723,0.090849,0.491818,0.006014,0.501036,0.496491,1
0.902615,2,1.0,0.09175,0.494496,0.006076,0.495339,0.498246,1
0.902659,3,0.0,0.090068,0.485272,0.005964,0.471776,0.54693,1
0.902659,3,0.021277,0.097814,0.4759,0.006491,0.444847,0.562281,1
0.902659,3,0.042553,0.103369,0.445552,0.006926,0.503107,0.461842,1
0.902659,3,0.06383,0.101957,0.401666,0.006826,0.486277,0.491228,1
0.902659,3,0.085106,0.089168,0.347664,0.005935,0.440963,0.534649,1
0.902659,3,0.106383,0.083674,0.29277,0.00553,0.392802,0.617544,0
0.902659,3,0.12766,0.058785,0.245611,0.003862,0.351631,0.679825,0
0.902659,3,0.148936,0.054041,0.211247,0.003525,0.325997,0.711404,0
0.902659,3,0.170213,0.055692,0.199345,0.003284,0.307095,0.728509,0
0.902659,3,0.191489,0.05326,0.197114,0.003448,0.295961,0.762281,0
0.902659,3,0.212766,0.056053,0.226421,0.003635,0.307354,0.765351,0
0.902659,3,0.234043,0.062988,0.281315,0.004005,0.330399,0.573246,0
0.902659,3,0.255319,0.087426,0.387087,0.005775,0.37623,0.546491,1
0.902659,3,0.276596,0.10538,0.49643,0.007036,0.480062,0.505702,1
0.902659,3,0.297872,0.087997,0.503273,0.005889,0.525634,0.34693,1
0.902659,3,0.319149,0.093941,0.562184,0.006282,0.590109,0.313596,1
0.902659,3,0.340426,0.096343,0.571407,0.006518,0.620145,0.291228,1
0.902659,3,0.361702,0.09217,0.559357,0.00625,0.624288,0.244298,1
0.902659,3,0.382979,0.124595,0.583755,0.008463,0.628172,0.30614,1
0.902659,3,0.404255,0.101747,0.592234,0.006921,0.620663,0.288596,1
0.902659,3,0.425532,0.093071,0.571854,0.006323,0.603573,0.334211,1
0.902659,3,0.446809,0.091149,0.549985,0.006093,0.599171,0.352632,1
0.902659,3,0.468085,0.09232,0.535555,0.006163,0.587778,0.37193,1
0.902659,3,0.489362,0.090459,0.524398,0.006053,0.589591,0.404386,1
0.902659,3,0.510638,0.089918,0.516513,0.006014,0.574314,0.437281,1
0.902659,3,0.531915,0.090068,0.507736,0.006018,0.573019,0.454386,1
0.902659,3,0.553191,0.089618,0.498512,0.005999,0.585189,0.469298,1
0.902659,3,0.574468,0.087186,0.47947,0.005852,0.583894,0.462281,1
0.902659,3,0.595745,0.076798,0.469503,0.005168,0.573537,0.464035,0
0.902659,3,0.617021,0.081632,0.470544,0.005484,0.563439,0.485965,0
0.902659,3,0.638298,0.077369,0.46742,0.005193,0.551528,0.489912,0
0.902659,3,0.659574,0.071184,0.47352,0.00478,0.540911,0.48114,0
0.902659,3,0.680851,0.07899,0.484677,0.005278,0.540911,0.524123,0
0.902659,3,0.702128,0.079921,0.501785,0.005314,0.553599,0.517105,0
0.902659,3,0.723404,0.076228,0.52053,0.005064,0.578975,0.583333,0
0.902659,3,0.744681,0.088297,0.587771,0.00582,0.614966,0.485965,1
0.902659,3,0.765957,0.089138,0.63017,0.005856,0.662351,0.408333,1
0.902659,3,0.787234,0.089438,0.638649,0.005883,0.683843,0.443421,1
0.902659,3,0.808511,0.088868,0.605177,0.00587,0.650699,0.5,1
0.902659,3,0.829787,0.071875,0.562928,0.00483,0.624547,0.475877,0
0.902659,3,0.851064,0.081752,0.55906,0.005478,0.599948,0.519737,0
0.902659,3,0.87234,0.055362,0.53734,0.003716,0.567064,0.493421,0
0.902659,3,0.893617,0.044524,0.493306,0.003006,0.533143,0.464912,0
0.902659,3,0.914894,0.041822,0.449569,0.002833,0.492491,0.400877,0
0.902659,3,0.93617,0.079651,0.484677,0.00532,0.463231,0.664474,0
0.902659,3,0.957447,0.056173,0.493752,0.003473,0.442517,0.682018,0
0.902659,3,0.978723,0.087366,0.49881,0.005503,0.542206,0.605702,1
0.902659,3,1.0,0.078029,0.501041,0.005114,0.527447,0.64386,0
0.902703,4,0.0,0.076678,0.484975,0.005041,0.51217,0.646053,0
0.902703,4,0.021277,0.075808,0.469354,0.005017,0.479803,0.608772,0
0.902703,4,0.042553,0.084334,0.438262,0.005615,0.531849,0.532456,1
0.902703,4,0.06383,0.074967,0.386492,0.004996,0.503884,0.549561,0
0.902703,4,0.085106,0.050949,0.331747,0.003369,0.464267,0.59386,0
0.902703,4,0.106383,0.047376,0.276257,0.003116,0.419213,0.65614,0
0.902703,4,0.12766,0.045545,0.229694,0.002983,0.373641,0.659211,0
0.902703,4,0.148936,0.043983,0.194585,0.002885,0.342828,0.648246,0
0.902703,4,0.170213,0.044434,0.179708,0.002896,0.314345,0.736842,0
0.902703,4,0.191489,0.044374,0.179262,0.002875,0.313827,0.760965,0
0.902703,4,0.212766,0.036808,0.208866,0.002391,0.324443,0.722807,0
0.902703,4,0.234043,0.03984,0.256174,0.002613,0.357069,0.642105,0
0.902703,4,0.255319,0.048877,0.364624,0.00327,0.437338,0.585088,0
0.902703,4,0.276596,0.050919,0.462957,0.00344,0.526411,0.483772,0
0.902703,4,0.297872,0.033505,0.47114,0.0023,0.554894,0.401316,0
0.902703,4,0.319149,0.082593,0.523802,0.005555,0.630243,0.421053,1
0.902703,4,0.340426,0.087607,0.533175,0.005808,0.659762,0.453947,1
0.902703,4,0.361702,0.085805,0.523356,0.005708,0.652253,0.455702,1
0.902703,4,0.382979,0.085925,0.559655,0.005715,0.647074,0.474123,1
0.902703,4,0.404255,0.084274,0.566944,0.005588,0.630761,0.491228,1
0.902703,4,0.425532,0.072025,0.54939,0.004757,0.602279,0.516228,1
0.902703,4,0.446809,0.073136,0.532133,0.004796,0.593216,0.536404,1
0.902703,4,0.468085,0.083103,0.520678,0.005459,0.584153,0.569737,1
0.902703,4,0.489362,0.057284,0.512496,0.003785,0.566805,0.563158,0
0.902703,4,0.510638,0.036268,0.503868,0.002412,0.546608,0.472368,0
0.902703,4,0.531915,0.041792,0.499405,0.002794,0.536251,0.419737,0
0.902703,4,0.553191,0.036808,0.49033,0.002466,0.547903,0.370175,0
0.902703,4,0.574468,0.038519,0.481553,0.002582,0.543242,0.387281,0
0.902703,4,0.595745,0.04005,0.477685,0.002682,0.538581,0.380263,0
0.902703,4,0.617021,0.029693,0.465338,0.002015,0.52667,0.363596,0
0.902703,4,0.638298,0.030653,0.453436,0.002048,0.515018,0.350439,0
0.902703,4,0.659574,0.037829,0.465933,0.00258,0.507509,0.390789,0
0.902703,4,0.680851,0.043263,0.47709,0.002881,0.510098,0.419737,0
0.902703,4,0.702128,0.043173,0.489735,0.002871,0.515536,0.425,0
0.902703,4,0.723404,0.041882,0.515769,0.002796,0.540394,0.423246,0
0.902703,4,0.744681,0.084424,0.579143,0.005621,0.569912,0.472807,1
0.902703,4,0.765957,0.121893,0.630616,0.008126,0.621181,0.535088,1
0.902703,4,0.787234,0.121803,0.628236,0.008159,0.651994,0.469298,1
0.902703,4,0.808511,0.096343,0.587474,0.006502,0.633092,0.474123,1
0.902703,4,0.829787,0.0795,0.556382,0.00532,0.595028,0.451754,1
0.902703,4,0.851064,0.047376,0.539869,0.003184,0.551787,0.475,0
0.902703,4,0.87234,0.055392,0.519935,0.003716,0.541947,0.454825,0
0.902703,4,0.893617,0.056893,0.478578,0.003816,0.503366,0.441228,0
0.902703,4,0.914894,0.043143,0.436626,0.002916,0.464526,0.348684,0
0.902703,4,0.93617,0.084124,0.469354,0.005613,0.440704,0.594737,1
0.902703,4,0.957447,0.060766,0.483785,0.004003,0.41999,0.566667,0
0.902703,4,0.978723,0.089288,0.488545,0.005914,0.522009,0.492105,1
0.902703,4,1.0,0.084064,0.493157,0.00555,0.506991,0.637281,1
0.902748,5,0.0,0.072655,0.47471,0.004792,0.477214,0.660526,1
0.902748,5,0.021277,0.068512,0.45909,0.004132,0.453651,0.637719,1
0.902748,5,0.042553,0.077609,0.425617,0.004902,0.505179,0.578509,1
0.902748,5,0.06383,0.067131,0.37474,0.004414,0.483687,0.622368,1
0.902748,5,0.085106,0.047856,0.322523,0.003103,0.432418,0.617544,0
0.902748,5,0.106383,0.045515,0.270604,0.002973,0.384775,0.647368,0
0.902748,5,0.12766,0.044614,0.226718,0.00291,0.34231,0.672807,0
0.902748,5,0.148936,0.042482,0.19042,0.002771,0.31305,0.642982,0
0.902748,5,0.170213,0.036868,0.175394,0.002393,0.286898,0.732895,0
0.902748,5,0.191489,0.043953,0.178667,0.002838,0.273433,0.766228,0
0.902748,5,0.212766,0.03888,0.208866,0.002522,0.289228,0.732895,0
0.902748,5,0.234043,0.041311,0.254686,0.002707,0.312791,0.71886,0
0.902748,5,0.255319,0.058094,0.363434,0.003833,0.409632,0.624561,0
0.902748,5,0.276596,0.071574,0.464296,0.004711,0.486277,0.585965,1
0.902748,5,0.297872,0.040621,0.470693,0.002721,0.529259,0.514035,0
0.902748,5,0.319149,0.088537,0.530943,0.005887,0.60202,0.482456,1
0.902748,5,0.340426,0.085745,0.536894,0.005658,0.639824,0.495614,1
0.902748,5,0.361702,0.083614,0.52767,0.005525,0.645262,0.483333,1
0.902748,5,0.382979,0.087667,0.565308,0.005777,0.647333,0.516667,1
0.902748,5,0.404255,0.085385,0.567837,0.005623,0.638011,0.489035,1
0.902748,5,0.425532,0.083764,0.553704,0.005525,0.628949,0.510965,1
0.902748,5,0.446809,0.083493,0.534216,0.005494,0.615743,0.516228,1
0.902748,5,0.468085,0.087336,0.515323,0.005752,0.608752,0.512719,1
0.902748,5,0.489362,0.086346,0.50848,0.005712,0.598136,0.516228,1
0.902748,5,0.510638,0.089138,0.495537,0.005937,0.576903,0.417982,1
0.902748,5,0.531915,0.090789,0.486462,0.006074,0.560331,0.436842,1
0.902748,5,0.553191,0.097154,0.48438,0.006545,0.584412,0.400877,1
0.902748,5,0.574468,0.053801,0.474561,0.003629,0.571466,0.363158,0
0.902748,5,0.595745,0.056623,0.470544,0.003808,0.566287,0.357018,0
0.902748,5,0.617021,0.048997,0.46028,0.003297,0.560331,0.334649,0
0.902748,5,0.638298,0.048397,0.452841,0.003241,0.539099,0.370175,0
0.902748,5,0.659574,0.045845,0.461767,0.00307,0.535474,0.361404,0
0.902748,5,0.680851,0.043203,0.473817,0.002902,0.536769,0.407895,0
0.902748,5,0.702128,0.046235,0.494793,0.003099,0.547385,0.392105,0
0.902748,5,0.723404,0.072265,0.52053,0.004819,0.567582,0.490351,1
0.902748,5,0.744681,0.087186,0.583904,0.005789,0.605127,0.515351,1
0.902748,5,0.765957,0.088387,0.610979,0.00586,0.655878,0.456579,1
0.902748,5,0.787234,0.089138,0.616929,0.005852,0.661574,0.475439,1
0.902748,5,0.808511,0.085715,0.580184,0.005661,0.629726,0.502632,1
0.902748,5,0.829787,0.073406,0.552217,0.004846,0.591403,0.554386,1
0.902748,5,0.851064,0.075537,0.530646,0.005,0.571207,0.526316,1
0.902748,5,0.87234,0.043743,0.505356,0.002919,0.541429,0.452632,0
0.902748,5,0.893617,0.043233,0.463106,0.002898,0.508545,0.405702,0
0.902748,5,0.914894,0.042993,0.429337,0.002887,0.468669,0.442544,0
0.902748,5,0.93617,0.070283,0.463255,0.004626,0.452615,0.627193,1
0.902748,5,0.957447,0.046325,0.477388,0.003016,0.441999,0.551754,0
0.902748,5,0.978723,0.095893,0.48557,0.006288,0.535733,0.530263,1
0.902748,5,1.0,0.089048,0.481553,0.005773,0.522527,0.680263,1
0.902792,6,0.0,0.087607,0.466677,0.005586,0.484982,0.666228,1
0.902792,6,0.021277,0.071514,0.449866,0.004674,0.443811,0.658333,1
0.902792,6,0.042553,0.085115,0.417733,0.005447,0.49767,0.596053,1
0.902792,6,0.06383,0.058815,0.360756,0.003862,0.464008,0.617544,0
0.902792,6,0.085106,0.048277,0.309878,0.003182,0.411704,0.589912,0
0.902792,6,0.106383,0.043203,0.265248,0.002844,0.364319,0.635088,0
0.902792,6,0.12766,0.042692,0.221065,0.002786,0.320041,0.692105,0
0.902792,6,0.148936,0.036868,0.188337,0.002391,0.294407,0.720614,0
0.902792,6,0.170213,0.032064,0.177477,0.002077,0.275246,0.764912,0
0.902792,6,0.191489,0.032214,0.172865,0.002077,0.263853,0.767544,0
0.902792,6,0.212766,0.033686,0.198899,0.002125,0.283791,0.750439,0
0.902792,6,0.234043,0.040321,0.258405,0.002624,0.305023,0.680263,0
0.902792,6,0.255319,0.058244,0.352722,0.003789,0.391248,0.632895,0
0.902792,6,0.276596,0.067521,0.448676,0.004487,0.465821,0.564912,1
0.902792,6,0.297872,0.034646,0.461321,0.002329,0.502071,0.466228,0
0.902792,6,0.319149,0.081992,0.524993,0.005474,0.56318,0.441228,1
0.902792,6,0.340426,0.085325,0.5482,0.005625,0.596323,0.566228,1
0.902792,6,0.361702,0.085445,0.537489,0.005617,0.583894,0.570175,1
0.902792,6,0.382979,0.087426,0.576614,0.005706,0.592439,0.557895,1
0.902792,6,0.404255,0.086736,0.580333,0.005656,0.572242,0.572368,1
0.902792,6,0.425532,0.086796,0.570068,0.005656,0.571466,0.577632,1
0.902792,6,0.446809,0.087727,0.554151,0.005704,0.562144,0.542544,1
0.902792,6,0.468085,0.089768,0.542696,0.005814,0.565769,0.558772,1
0.902792,6,0.489362,0.087877,0.533918,0.0057,0.562144,0.602193,1
0.902792,6,0.510638,0.087697,0.530794,0.005683,0.557224,0.585526,1
0.902792,6,0.531915,0.087607,0.523505,0.00569,0.547126,0.603947,1
0.902792,6,0.553191,0.089768,0.518001,0.005852,0.556965,0.544298,1
0.902792,6,0.574468,0.089018,0.511604,0.005808,0.55101,0.542105,1
0.902792,6,0.595745,0.089918,0.504612,0.00586,0.54117,0.527193,1
0.902792,6,0.617021,0.088447,0.493157,0.005781,0.527447,0.531579,1
0.902792,6,0.638298,0.087997,0.497025,0.005766,0.515795,0.586404,1
0.902792,6,0.659574,0.088057,0.509967,0.005754,0.506473,0.592105,1
0.902792,6,0.680851,0.089618,0.524249,0.005837,0.50492,0.577632,1
0.902792,6,0.702128,0.088567,0.544035,0.005798,0.520456,0.544298,1
0.902792,6,0.723404,0.088297,0.563225,0.005829,0.540653,0.427193,1
0.902792,6,0.744681,0.089318,0.611128,0.005856,0.568358,0.467544,1
0.902792,6,0.765957,0.089138,0.622583,0.00586,0.58985,0.410526,1
0.902792,6,0.787234,0.088177,0.616483,0.005829,0.577939,0.557895,1
0.902792,6,0.808511,0.05245,0.556084,0.003492,0.548679,0.526754,0
0.902792,6,0.829787,0.043503,0.534067,0.002904,0.501813,0.533772,0
0.902792,6,0.851064,0.053861,0.510711,0.003596,0.479026,0.52807,0
0.902792,6,0.87234,0.044614,0.489586,0.002989,0.456758,0.537281,0
0.902792,6,0.893617,0.035187,0.459685,0.002358,0.420766,0.482456,0
0.902792,6,0.914894,0.038609,0.425617,0.002605,0.388918,0.422807,0
0.902792,6,0.93617,0.071815,0.466825,0.004784,0.379337,0.612719,1
0.902792,6,0.957447,0.058214,0.485867,0.00383,0.377007,0.603509,0
0.902792,6,0.978723,0.089708,0.503124,0.005922,0.494303,0.511404,1
0.902792,6,1.0,0.088687,0.494347,0.005847,0.496116,0.589912,1
0.902836,7,0.0,0.085565,0.47114,0.005677,0.457794,0.605702,1
0.902836,7,0.021277,0.064339,0.45299,0.004279,0.419472,0.626754,0
0.902836,7,0.042553,0.076498,0.417138,0.0051,0.454687,0.540789,1
0.902836,7,0.06383,0.070434,0.358673,0.004697,0.424909,0.589474,1
0.902836,7,0.085106,0.060226,0.290687,0.00397,0.3739,0.642544,0
0.902836,7,0.106383,0.046475,0.241,0.003024,0.329881,0.691667,0
0.902836,7,0.12766,0.043623,0.191312,0.002827,0.2768,0.682895,0
0.902836,7,0.148936,0.036808,0.158137,0.002405,0.240549,0.651754,0
0.902836,7,0.170213,0.031014,0.13612,0.002027,0.207405,0.687719,0
0.902836,7,0.191489,0.031884,0.127194,0.002077,0.191093,0.710088,0
0.902836,7,0.212766,0.031644,0.13493,0.002061,0.189539,0.731579,0
0.902836,7,0.234043,0.032275,0.153377,0.0021,0.189798,0.755702,0
0.902836,7,0.255319,0.045334,0.191312,0.002946,0.229674,0.727193,0
0.902836,7,0.276596,0.036688,0.235198,0.002389,0.240808,0.710965,0
0.902836,7,0.297872,0.05299,0.28429,0.003384,0.252978,0.760965,0
0.902836,7,0.319149,0.085685,0.353169,0.004449,0.290523,0.785088,1
0.902836,7,0.340426,0.080701,0.408658,0.00435,0.319524,0.730263,1
0.902836,7,0.361702,0.086826,0.454924,0.005498,0.36173,0.735526,1
0.902836,7,0.382979,0.087907,0.494496,0.005374,0.380891,0.775439,1
0.902836,7,0.404255,0.089528,0.507885,0.005503,0.374676,0.777632,1
0.902836,7,0.425532,0.087366,0.483338,0.005474,0.374676,0.764912,1
0.902836,7,0.446809,0.086826,0.464594,0.005459,0.374158,0.775877,1
0.902836,7,0.468085,0.086826,0.447337,0.005476,0.363024,0.787281,1
0.902836,7,0.489362,0.086826,0.429783,0.005511,0.366132,0.748684,1
0.902836,7,0.510638,0.086826,0.414758,0.005301,0.350854,0.765351,1
0.902836,7,0.531915,0.086826,0.400922,0.005368,0.33972,0.76886,1
0.902836,7,0.553191,0.086826,0.386938,0.005521,0.347229,0.770614,1
0.902836,7,0.574468,0.086826,0.366706,0.005021,0.339461,0.787281,1
0.902836,7,0.595745,0.086826,0.353169,0.005424,0.327809,0.757895,1
0.902836,7,0.617021,0.068212,0.335168,0.004383,0.305541,0.785088,0
0.902836,7,0.638298,0.071995,0.329813,0.004632,0.308907,0.78114,1
0.902836,7,0.659574,0.054732,0.330705,0.003515,0.308389,0.782895,0
0.902836,7,0.680851,0.059986,0.337846,0.003768,0.307872,0.766228,0
0.902836,7,0.702128,0.054491,0.355698,0.003523,0.317193,0.714035,0
0.902836,7,0.723404,0.058184,0.375781,0.003774,0.329881,0.730702,0
0.902836,7,0.744681,0.072895,0.433353,0.004447,0.363024,0.699561,1
0.902836,7,0.765957,0.086826,0.476941,0.005638,0.413516,0.671053,1
0.902836,7,0.787234,0.086826,0.486314,0.005642,0.450026,0.613158,1
0.902836,7,0.808511,0.073826,0.453734,0.004836,0.438633,0.616667,1
0.902836,7,0.829787,0.068542,0.408956,0.004501,0.411704,0.625439,1
0.902836,7,0.851064,0.05257,0.383814,0.003427,0.378819,0.652632,0
0.902836,7,0.87234,0.051099,0.36507,0.003326,0.366908,0.635088,0
0.902836,7,0.893617,0.048997,0.345433,0.003195,0.343604,0.670175,0
0.902836,7,0.914894,0.043203,0.326837,0.002829,0.328068,0.630702,0
0.902836,7,0.93617,0.075657,0.360756,0.004933,0.322631,0.689035,1
0.902836,7,0.957447,0.044344,0.366111,0.002916,0.325997,0.612719,0
0.902836,7,0.978723,0.074457,0.372657,0.004956,0.411704,0.544298,1
0.902836,7,1.0,0.048427,0.348706,0.003232,0.404713,0.535526,0
0.90288,1,0.0,0.049808,0.321184,0.003322,0.380891,0.542544,0
0.90288,1,0.021277,0.043863,0.28429,0.002925,0.352408,0.552632,0
0.90288,1,0.042553,0.047016,0.249777,0.003157,0.404713,0.482018,0
0.90288,1,0.06383,0.049388,0.214519,0.00328,0.372864,0.556579,0
0.90288,1,0.085106,0.043233,0.176138,0.002842,0.330399,0.602193,0
0.90288,1,0.106383,0.029602,0.142815,0.001948,0.279389,0.643421,0
0.90288,1,0.12766,0.029392,0.119607,0.001932,0.233558,0.641228,0
0.90288,1,0.148936,0.032064,0.097888,0.002094,0.201709,0.658333,0
0.90288,1,0.170213,0.02621,0.088515,0.001701,0.1797,0.7,0
0.90288,1,0.191489,0.024889,0.081821,0.001624,0.150181,0.704386,0
0.90288,1,0.212766,0.02624,0.086581,0.001708,0.14552,0.735965,0
0.90288,1,0.234043,0.02669,0.102648,0.00173,0.143708,0.768421,0
0.90288,1,0.255319,0.027051,0.117525,0.001753,0.149404,0.715351,0
0.90288,1,0.276596,0.027321,0.151294,0.001776,0.154583,0.756579,0
0.90288,1,0.297872,0.0266,0.177923,0.001722,0.136458,0.807895,0
0.90288,1,0.319149,0.035157,0.232818,0.00226,0.169342,0.766667,0
0.90288,1,0.340426,0.033836,0.286819,0.002189,0.186432,0.795175,0
0.90288,1,0.361702,0.044644,0.324755,0.002877,0.221129,0.75307,0
0.90288,1,0.382979,0.050919,0.378161,0.003166,0.250647,0.825,0
0.90288,1,0.404255,0.050468,0.398542,0.002919,0.257121,0.804825,0
0.90288,1,0.425532,0.049327,0.389319,0.002995,0.272657,0.808333,0
0.90288,1,0.446809,0.053771,0.376971,0.002923,0.270067,0.835965,0
0.90288,1,0.468085,0.048367,0.361797,0.002997,0.283273,0.794737,0
0.90288,1,0.489362,0.063618,0.345433,0.003417,0.309166,0.774123,1
0.90288,1,0.510638,0.054071,0.335019,0.00329,0.289228,0.789474,1
0.90288,1,0.531915,0.058635,0.320143,0.003031,0.27913,0.789912,1
0.90288,1,0.553191,0.054792,0.300208,0.003515,0.312791,0.757895,1
0.90288,1,0.574468,0.05293,0.282208,0.003386,0.296996,0.75,1
0.90288,1,0.595745,0.053471,0.261529,0.003432,0.303729,0.776316,1
0.90288,1,0.617021,0.05212,0.257513,0.003336,0.296996,0.778947,1
0.90288,1,0.638298,0.05239,0.262571,0.003319,0.306059,0.814474,1
0.90288,1,0.659574,0.051159,0.264505,0.003155,0.315898,0.814474,1
0.90288,1,0.680851,0.054281,0.264356,0.003207,0.31072,0.770614,1
0.90288,1,0.702128,0.060076,0.27953,0.003475,0.339979,0.771491,1
0.90288,1,0.723404,0.056413,0.291431,0.00365,0.378042,0.654386,1
0.90288,1,0.744681,0.062508,0.358971,0.004092,0.397721,0.627193,1
0.90288,1,0.765957,0.087366,0.448825,0.005688,0.441222,0.552632,1
0.90288,1,0.787234,0.087366,0.466825,0.005696,0.460901,0.522368,1
0.90288,1,0.808511,0.086826,0.447783,0.005663,0.441999,0.602632,1
0.90288,1,0.829787,0.081872,0.421898,0.005357,0.425945,0.615351,1
0.90288,1,0.851064,0.063919,0.400625,0.004184,0.401088,0.64693,1
0.90288,1,0.87234,0.057764,0.38679,0.003766,0.390989,0.643421,1
0.90288,1,0.893617,0.046115,0.360012,0.002997,0.349042,0.645175,0
0.90288,1,0.914894,0.044764,0.335168,0.002925,0.331693,0.621053,0
0.90288,1,0.93617,0.053291,0.350937,0.00349,0.319265,0.678947,1
0.90288,1,0.957447,0.044464,0.352722,0.002925,0.314604,0.611842,0
0.90288,1,0.978723,0.072505,0.355251,0.004825,0.392284,0.538158,1
0.90288,1,1.0,0.050709,0.336061,0.003388,0.396168,0.546053,1
0.902925,2,0.0,0.047106,0.317763,0.003147,0.370016,0.533333,0
0.902925,2,0.021277,0.043743,0.290836,0.002916,0.339461,0.543421,0
0.902925,2,0.042553,0.049628,0.2651,0.003324,0.39332,0.470175,1
0.902925,2,0.06383,0.048397,0.234157,0.003228,0.371828,0.549561,0
0.902925,2,0.085106,0.043953,0.203957,0.002906,0.338426,0.592982,0
0.902925,2,0.106383,0.043533,0.173163,0.002862,0.295961,0.655702,0
0.902925,2,0.12766,0.038009,0.15055,0.00248,0.259192,0.677193,0
0.902925,2,0.148936,0.031884,0.13612,0.002088,0.229674,0.633772,0
0.902925,2,0.170213,0.030893,0.133442,0.002011,0.204557,0.660088,0
0.902925,2,0.191489,0.032154,0.142815,0.002104,0.196789,0.709649,0
0.902925,2,0.212766,0.040441,0.181494,0.002632,0.213361,0.711842,0
0.902925,2,0.234043,0.045094,0.238322,0.00296,0.248835,0.692105,0
0.902925,2,0.255319,0.067401,0.350937,0.004474,0.343863,0.604386,1
0.902925,2,0.276596,0.076798,0.445254,0.005112,0.423615,0.581579,1
0.902925,2,0.297872,0.034496,0.446891,0.002327,0.466857,0.477193,0
0.902925,2,0.319149,0.074306,0.500446,0.004983,0.544795,0.419298,1
0.902925,2,0.340426,0.087426,0.518447,0.005852,0.571207,0.420175,1
0.902925,2,0.361702,0.084694,0.50238,0.005694,0.580528,0.411842,1
0.902925,2,0.382979,0.088868,0.548795,0.005928,0.586225,0.412281,1
0.902925,2,0.404255,0.130779,0.558911,0.008851,0.595287,0.446491,1
0.902925,2,0.425532,0.083614,0.540018,0.005995,0.598654,0.42193,1
0.902925,2,0.446809,0.086436,0.519786,0.006282,0.589591,0.451316,1
0.902925,2,0.468085,0.111205,0.507438,0.007729,0.588555,0.535526,1
0.902925,2,0.489362,0.104209,0.501041,0.006986,0.575608,0.445614,1
0.902925,2,0.510638,0.095653,0.494793,0.006535,0.571207,0.467105,1
0.902925,2,0.531915,0.094182,0.489884,0.00634,0.576385,0.457895,1
0.902925,2,0.553191,0.096673,0.487057,0.006533,0.59477,0.405702,1
0.902925,2,0.574468,0.09208,0.483041,0.006292,0.590886,0.444298,1
0.902925,2,0.595745,0.088087,0.483785,0.005937,0.587519,0.44693,1
0.902925,2,0.617021,0.090068,0.480065,0.006149,0.581046,0.44386,1
0.902925,2,0.638298,0.085775,0.47471,0.005775,0.567323,0.443421,1
0.902925,2,0.659574,0.086135,0.484528,0.005829,0.560073,0.478947,1
0.902925,2,0.680851,0.087426,0.497173,0.005833,0.558778,0.482895,1
0.902925,2,0.702128,0.087997,0.527075,0.005858,0.560331,0.469737,1
0.902925,2,0.723404,0.087396,0.561589,0.005744,0.5826,0.400439,1
0.902925,2,0.744681,0.088868,0.621244,0.005901,0.626618,0.376754,1
0.902925,2,0.765957,0.113907,0.644749,0.007634,0.663128,0.359649,1
0.902925,2,0.787234,0.111445,0.626897,0.007603,0.659762,0.419737,1
0.902925,2,0.808511,0.098925,0.58911,0.006734,0.621699,0.407895,1
0.902925,2,0.829787,0.080761,0.55177,0.005559,0.596064,0.366228,1
0.902925,2,0.851064,0.07929,0.526034,0.005471,0.568099,0.408772,1
0.902925,2,0.87234,0.057223,0.496132,0.003999,0.530554,0.409649,0
0.902925,2,0.893617,0.043683,0.459238,0.002931,0.501813,0.345614,0
0.902925,2,0.914894,0.041642,0.418328,0.002879,0.474625,0.293421,0
0.902925,2,0.93617,0.059505,0.458494,0.004053,0.442776,0.455263,0
0.902925,2,0.957447,0.047766,0.475156,0.0034,0.414811,0.474123,0
0.902925,2,0.978723,0.090639,0.483785,0.006145,0.515018,0.405263,1
0.902925,2,1.0,0.086165,0.477388,0.005924,0.508804,0.488596,1
0.902969,3,0.0,0.087426,0.470098,0.005781,0.486018,0.568421,1
0.902969,3,0.021277,0.086556,0.450461,0.0058,0.457535,0.58114,1
0.902969,3,0.042553,0.087126,0.421154,0.005843,0.513465,0.507018,1
0.902969,3,0.06383,0.077369,0.371616,0.004981,0.4855,0.588596,1
0.902969,3,0.085106,0.0532,0.313746,0.003494,0.445365,0.597368,0
0.902969,3,0.106383,0.055182,0.264951,0.003822,0.393578,0.608333,0
0.902969,3,0.12766,0.051789,0.218239,0.003382,0.355515,0.691667,0
0.902969,3,0.148936,0.046025,0.193246,0.002995,0.329622,0.695614,0
0.902969,3,0.170213,0.045034,0.178072,0.003002,0.309684,0.711842,0
0.902969,3,0.191489,0.045094,0.183576,0.002923,0.285603,0.732895,0
0.902969,3,0.212766,0.046235,0.205594,0.003008,0.30088,0.723246,0
0.902969,3,0.234043,0.044644,0.260339,0.002912,0.329622,0.642982,0
0.902969,3,0.255319,0.058995,0.366706,0.00436,0.413516,0.489474,0
0.902969,3,0.276596,0.070434,0.460875,0.005004,0.487312,0.451316,0
0.902969,3,0.297872,0.047376,0.465784,0.003083,0.533143,0.304825,0
0.902969,3,0.319149,0.088567,0.521868,0.005985,0.60927,0.362719,1
0.902969,3,0.340426,0.089138,0.536299,0.005926,0.66753,0.283772,1
0.902969,3,0.361702,0.090429,0.534365,0.006055,0.678923,0.225877,1
0.902969,3,0.382979,0.090999,0.570366,0.006169,0.694459,0.249561,1
0.902969,3,0.404255,0.097634,0.574978,0.006651,0.695495,0.268421,1
0.902969,3,0.425532,0.103158,0.561589,0.007052,0.693682,0.167105,1
0.902969,3,0.446809,0.098205,0.541654,0.006726,0.687727,0.190789,1
0.902969,3,0.468085,0.103459,0.53258,0.007063,0.691869,0.211404,1
0.902969,3,0.489362,0.103489,0.52886,0.007044,0.698602,0.199123,1
0.902969,3,0.510638,0.104329,0.519637,0.007115,0.698343,0.192544,1
0.902969,3,0.531915,0.10481,0.512348,0.007148,0.697048,0.207018,1
0.902969,3,0.553191,0.10583,0.508628,0.007243,0.716209,0.210965,1
0.902969,3,0.574468,0.115047,0.501041,0.007902,0.713102,0.218421,1
0.902969,3,0.595745,0.128378,0.5,0.008774,0.718022,0.208333,1
0.902969,3,0.617021,0.125255,0.488694,0.008573,0.710772,0.214912,1
0.902969,3,0.638298,0.111355,0.47947,0.007653,0.686432,0.190789,1
0.902969,3,0.659574,0.100907,0.487057,0.00694,0.679441,0.178947,1
0.902969,3,0.680851,0.102228,0.494198,0.007025,0.684619,0.215789,1
0.902969,3,0.702128,0.097964,0.515025,0.00672,0.688762,0.183333,1
0.902969,3,0.723404,0.093431,0.538976,0.006394,0.711807,0.182456,1
0.902969,3,0.744681,0.094302,0.604582,0.006444,0.725013,0.202632,1
0.902969,3,0.765957,0.10478,0.654121,0.007214,0.736924,0.179825,1
0.902969,3,0.787234,0.104389,0.663047,0.007216,0.743656,0.138596,1
0.902969,3,0.808511,0.103519,0.632847,0.007125,0.71362,0.175,1
0.902969,3,0.829787,0.102228,0.607409,0.007059,0.674521,0.185526,1
0.902969,3,0.851064,0.107782,0.583755,0.00743,0.64811,0.2,1
0.902969,3,0.87234,0.098775,0.559506,0.006791,0.609011,0.225877,1
0.902969,3,0.893617,0.092921,0.522166,0.006365,0.572501,0.290351,1
0.902969,3,0.914894,0.087336,0.473817,0.005962,0.519679,0.328509,1
0.902969,3,0.93617,0.088447,0.504909,0.006018,0.487312,0.330263,1
0.902969,3,0.957447,0.088147,0.509075,0.005881,0.445624,0.434211,1
0.902969,3,0.978723,0.099706,0.510116,0.006761,0.554376,0.335526,1
0.902969,3,1.0,0.096163,0.507736,0.006531,0.544019,0.339912,1
0.903013,4,0.0,0.097454,0.494049,0.006593,0.522527,0.374561,1
0.903013,4,0.021277,0.090189,0.476198,0.006032,0.488089,0.357456,1
0.903013,4,0.042553,0.108593,0.453436,0.007329,0.544278,0.392982,1
0.903013,4,0.06383,0.097424,0.399435,0.006577,0.524858,0.42193,1
0.903013,4,0.085106,0.091419,0.347218,0.006101,0.465562,0.532456,1
0.903013,4,0.106383,0.087336,0.294109,0.005789,0.425168,0.597807,0
0.903013,4,0.12766,0.080521,0.244124,0.005301,0.378042,0.666228,0
0.903013,4,0.148936,0.066771,0.212139,0.004368,0.354738,0.672807,0
0.903013,4,0.170213,0.057614,0.200089,0.003752,0.328327,0.707895,0
0.903013,4,0.191489,0.059025,0.203511,0.003835,0.321336,0.702632,0
0.903013,4,0.212766,0.056953,0.227908,0.003714,0.325479,0.674123,0
0.903013,4,0.234043,0.058394,0.279976,0.003845,0.35681,0.602193,0
0.903013,4,0.255319,0.076468,0.386195,0.005133,0.440445,0.49386,0
0.903013,4,0.276596,0.088868,0.49643,0.005931,0.513723,0.442982,0
0.903013,4,0.297872,0.06533,0.496132,0.004398,0.552822,0.38114,0
0.903013,4,0.319149,0.090549,0.553853,0.006045,0.621958,0.303509,0
0.903013,4,0.340426,0.09187,0.568283,0.006186,0.664682,0.234649,0
0.903013,4,0.361702,0.09187,0.561589,0.006199,0.659762,0.269737,0
0.903013,4,0.382979,0.092981,0.593425,0.006267,0.656914,0.322807,0
0.903013,4,0.404255,0.09229,0.596697,0.006217,0.645003,0.322807,0
0.903013,4,0.425532,0.09154,0.575722,0.006147,0.640342,0.300877,0
0.903013,4,0.446809,0.089618,0.548944,0.005989,0.63594,0.314474,0
0.903013,4,0.468085,0.090189,0.531092,0.006068,0.623511,0.350439,0
0.903013,4,0.489362,0.089288,0.519339,0.005966,0.621958,0.343421,0
0.903013,4,0.510638,0.089288,0.510265,0.005949,0.612636,0.397807,0
0.903013,4,0.531915,0.087456,0.493454,0.005864,0.607716,0.399123,0
0.903013,4,0.553191,0.087997,0.48676,0.00592,0.629467,0.375877,0
0.903013,4,0.574468,0.087426,0.479917,0.005899,0.625842,0.397368,0
0.903013,4,0.595745,0.087426,0.475454,0.005914,0.622734,0.376316,0
0.903013,4,0.617021,0.086616,0.468759,0.005872,0.610564,0.377193,0
0.903013,4,0.638298,0.070193,0.456709,0.004778,0.595805,0.384211,0
0.903013,4,0.659574,0.07929,0.459833,0.005382,0.583894,0.404825,0
0.903013,4,0.680851,0.080791,0.469057,0.005474,0.593216,0.43114,0
0.903013,4,0.702128,0.087426,0.486016,0.005899,0.610306,0.397368,0
0.903013,4,0.723404,0.087426,0.503868,0.005953,0.636458,0.340351,0
0.903013,4,0.744681,0.089138,0.56382,0.006076,0.657949,0.344737,1
0.903013,4,0.765957,0.09163,0.639839,0.006169,0.682548,0.35614,1
0.903013,4,0.787234,0.117089,0.654716,0.007966,0.681512,0.345175,1
0.903013,4,0.808511,0.101597,0.62526,0.00693,0.648887,0.339474,1
0.903013,4,0.829787,0.089138,0.594615,0.006039,0.613931,0.416228,1
0.903013,4,0.851064,0.088567,0.57587,0.005951,0.587519,0.432456,1
0.903013,4,0.87234,0.087366,0.553407,0.005887,0.548938,0.482018,1
0.903013,4,0.893617,0.069593,0.521125,0.004705,0.525634,0.44693,0
0.903013,4,0.914894,0.043413,0.475156,0.002981,0.488348,0.397807,0
0.903013,4,0.93617,0.076258,0.521125,0.005118,0.464008,0.565789,0
0.903013,4,0.957447,0.083644,0.521273,0.005521,0.441999,0.582018,0
0.903013,4,0.978723,0.089678,0.529902,0.005935,0.540653,0.48114,1
0.903013,4,1.0,0.088447,0.520827,0.005841,0.516831,0.510526,1
0.903057,5,0.0,0.087877,0.508331,0.005787,0.487571,0.511404,1
0.903057,5,0.021277,0.087426,0.492413,0.005758,0.459606,0.548684,1
0.903057,5,0.042553,0.088087,0.460428,0.005887,0.511393,0.510965,1
0.903057,5,0.06383,0.081242,0.409253,0.005378,0.489125,0.594298,0
0.903057,5,0.085106,0.077969,0.363434,0.005135,0.440445,0.65,0
0.903057,5,0.106383,0.063378,0.313002,0.00414,0.398239,0.717105,0
0.903057,5,0.12766,0.059805,0.263166,0.003471,0.35448,0.714035,0
0.903057,5,0.148936,0.051939,0.2349,0.00333,0.322372,0.757895,0
0.903057,5,0.170213,0.053471,0.212586,0.00334,0.303729,0.766667,0
0.903057,5,0.191489,0.047676,0.214966,0.002991,0.289228,0.772368,0
0.903057,5,0.212766,0.051069,0.24338,0.003322,0.302434,0.729386,0
0.903057,5,0.234043,0.051489,0.300208,0.003442,0.329622,0.664035,0
0.903057,5,0.255319,0.074336,0.400327,0.004911,0.418177,0.577193,0
0.903057,5,0.276596,0.089438,0.509075,0.005889,0.485759,0.499123,1
0.903057,5,0.297872,0.056533,0.506248,0.003774,0.515018,0.497368,0
0.903057,5,0.319149,0.089138,0.563076,0.005941,0.586743,0.364035,1
0.903057,5,0.340426,0.089138,0.568134,0.005945,0.623252,0.321491,1
0.903057,5,0.361702,0.089138,0.55058,0.005982,0.625583,0.329825,1
0.903057,5,0.382979,0.089138,0.578399,0.005953,0.625324,0.357456,1
0.903057,5,0.404255,0.147142,0.584945,0.009846,0.611859,0.430263,1
0.903057,5,0.425532,0.123814,0.561291,0.008336,0.598654,0.428947,1
0.903057,5,0.446809,0.089708,0.534067,0.006072,0.596064,0.42193,1
0.903057,5,0.468085,0.096794,0.515472,0.006562,0.586225,0.428509,1
0.903057,5,0.489362,0.093071,0.503273,0.006302,0.575091,0.436404,1
0.903057,5,0.510638,0.072385,0.491372,0.00489,0.556189,0.448246,0
0.903057,5,0.531915,0.070944,0.480809,0.004776,0.551528,0.44386,0
0.903057,5,0.553191,0.080311,0.474264,0.005436,0.560073,0.385965,0
0.903057,5,0.574468,0.055212,0.462362,0.003745,0.557483,0.402632,0
0.903057,5,0.595745,0.076348,0.457304,0.005199,0.559037,0.382456,0
0.903057,5,0.617021,0.067401,0.452098,0.004466,0.56784,0.402193,0
0.903057,5,0.638298,0.05227,0.443767,0.00354,0.535733,0.39386,0
0.903057,5,0.659574,0.066981,0.450164,0.004537,0.529001,0.38114,0
0.903057,5,0.680851,0.055452,0.451354,0.003683,0.511652,0.399561,0
0.903057,5,0.702128,0.05212,0.461321,0.003538,0.511911,0.349561,0
0.903057,5,0.723404,0.048847,0.475156,0.003353,0.519679,0.296491,0
0.903057,5,0.744681,0.050769,0.528414,0.0035,0.542206,0.344298,0
0.903057,5,0.765957,0.077099,0.582862,0.005318,0.575091,0.32807,0
0.903057,5,0.787234,0.086015,0.608896,0.005926,0.60927,0.372368,1
0.903057,5,0.808511,0.05215,0.582862,0.003575,0.5826,0.362281,0
0.903057,5,0.829787,0.044944,0.553853,0.003076,0.547385,0.339912,0
0.903057,5,0.851064,0.070494,0.533323,0.005004,0.52175,0.393421,0
0.903057,5,0.87234,0.049327,0.518298,0.003344,0.499741,0.375,0
0.903057,5,0.893617,0.053651,0.491669,0.003654,0.48291,0.402632,0
0.903057,5,0.914894,0.042632,0.451354,0.002904,0.449508,0.381579,0
0.903057,5,0.93617,0.071634,0.498661,0.004809,0.425686,0.532895,0
0.903057,5,0.957447,0.083073,0.505504,0.005299,0.414293,0.587281,1
0.903057,5,0.978723,0.090339,0.511604,0.005928,0.516054,0.484211,1
0.903057,5,1.0,0.088447,0.506397,0.005781,0.504402,0.569737,1
0.903102,6,0.0,0.087426,0.490479,0.005708,0.463231,0.585965,1
0.903102,6,0.021277,0.087426,0.470693,0.005733,0.426981,0.595614,1
0.903102,6,0.042553,0.083854,0.443916,0.005561,0.478509,0.55,1
0.903102,6,0.06383,0.080972,0.393335,0.00539,0.453392,0.553947,1
0.903102,6,0.085106,0.056353,0.335614,0.00371,0.397721,0.645614,0
0.903102,6,0.106383,0.054882,0.285034,0.003579,0.35448,0.696491,0
0.903102,6,0.12766,0.053621,0.23981,0.003463,0.318229,0.758333,0
0.903102,6,0.148936,0.051819,0.215858,0.003236,0.285344,0.758772,0
0.903102,6,0.170213,0.045004,0.198007,0.00291,0.255308,0.726316,0
0.903102,6,0.191489,0.044854,0.201726,0.002916,0.245728,0.773246,0
0.903102,6,0.212766,0.044344,0.22895,0.002898,0.267478,0.713158,0
0.903102,6,0.234043,0.047136,0.2831,0.003022,0.295961,0.660965,0
0.903102,6,0.255319,0.068302,0.381434,0.0044,0.379855,0.661404,0
0.903102,6,0.276596,0.085595,0.484528,0.005631,0.445106,0.603509,1
0.903102,6,0.297872,0.054551,0.473222,0.003625,0.477991,0.538158,0
0.903102,6,0.319149,0.087126,0.533323,0.005779,0.531849,0.528947,1
0.903102,6,0.340426,0.06545,0.53853,0.004358,0.561108,0.496053,0
0.903102,6,0.361702,0.073226,0.530943,0.00447,0.566546,0.47193,1
0.903102,6,0.382979,0.087126,0.55906,0.005816,0.569394,0.466228,1
0.903102,6,0.404255,0.080491,0.561291,0.005031,0.56059,0.466667,1
0.903102,6,0.425532,0.074667,0.547902,0.005019,0.550751,0.451754,1
0.903102,6,0.446809,0.067641,0.529009,0.004595,0.548162,0.467544,0
0.903102,6,0.468085,0.085175,0.52053,0.005708,0.547385,0.467105,1
0.903102,6,0.489362,0.085175,0.512645,0.00585,0.546608,0.461842,1
0.903102,6,0.510638,0.070584,0.498661,0.005376,0.529777,0.425439,1
0.903102,6,0.531915,0.087727,0.490925,0.005872,0.522268,0.482895,1
0.903102,6,0.553191,0.068842,0.486314,0.004597,0.516054,0.475877,1
0.903102,6,0.574468,0.076258,0.478132,0.005102,0.522527,0.479386,1
0.903102,6,0.595745,0.058995,0.475602,0.003941,0.512688,0.496053,0
0.903102,6,0.617021,0.053501,0.460428,0.003575,0.499223,0.460526,0
0.903102,6,0.638298,0.07956,0.453288,0.005343,0.494562,0.485965,1
0.903102,6,0.659574,0.064459,0.4518,0.004381,0.478767,0.467105,0
0.903102,6,0.680851,0.054161,0.459387,0.003639,0.468928,0.456579,0
0.903102,6,0.702128,0.054341,0.457304,0.003664,0.476178,0.421053,0
0.903102,6,0.723404,0.049868,0.46147,0.003396,0.480321,0.394298,0
0.903102,6,0.744681,0.047586,0.494644,0.00327,0.505179,0.317105,0
0.903102,6,0.765957,0.064789,0.537191,0.004474,0.531331,0.315351,0
0.903102,6,0.787234,0.066561,0.541654,0.004591,0.547126,0.281579,0
0.903102,6,0.808511,0.045665,0.50476,0.003168,0.525375,0.280263,0
0.903102,6,0.829787,0.043233,0.474264,0.002985,0.49508,0.287281,0
0.903102,6,0.851064,0.043803,0.450461,0.003018,0.465044,0.333772,0
0.903102,6,0.87234,0.041972,0.431419,0.002885,0.44666,0.319737,0
0.903102,6,0.893617,0.036928,0.40717,0.002528,0.405748,0.361404,0
0.903102,6,0.914894,0.035517,0.373847,0.002422,0.378819,0.373684,0
0.903102,6,0.93617,0.050468,0.421303,0.003407,0.368462,0.516228,0
0.903102,6,0.957447,0.053621,0.450461,0.003592,0.358105,0.485965,0
0.903102,6,0.978723,0.088657,0.460428,0.005995,0.489125,0.346491,1
0.903102,6,1.0,0.087426,0.466379,0.005835,0.476955,0.529825,1
0.903146,7,0.0,0.075838,0.440643,0.005297,0.430606,0.517982,1
0.903146,7,0.021277,0.073015,0.434246,0.004894,0.390989,0.573684,1
0.903146,7,0.042553,0.074787,0.397352,0.004998,0.436561,0.435965,1
0.903146,7,0.06383,0.067581,0.34454,0.004551,0.402123,0.503509,1
0.903146,7,0.085106,0.053531,0.284885,0.003567,0.357587,0.569737,0
0.903146,7,0.106383,0.048727,0.236537,0.003187,0.303729,0.637281,0
0.903146,7,0.12766,0.038099,0.186254,0.002497,0.260228,0.668421,0
0.903146,7,0.148936,0.038429,0.155162,0.00252,0.228638,0.701754,0
0.903146,7,0.170213,0.028942,0.134037,0.001888,0.207664,0.687281,0
0.903146,7,0.191489,0.027831,0.123029,0.00182,0.176851,0.707456,0
0.903146,7,0.212766,0.031854,0.133294,0.002081,0.171414,0.709649,0
0.903146,7,0.234043,0.034286,0.144451,0.002237,0.181512,0.70614,0
0.903146,7,0.255319,0.046986,0.181494,0.002023,0.204298,0.67807,0
0.903146,7,0.276596,0.048577,0.23371,0.001317,0.216209,0.604386,0
0.903146,7,0.297872,0.072655,0.277596,0.002179,0.227602,0.594298,1
0.903146,7,0.319149,0.090699,0.343053,0.002528,0.265148,0.594298,1
0.903146,7,0.340426,0.089138,0.402559,0.003126,0.300104,0.620614,1
0.903146,7,0.361702,0.089138,0.432163,0.003774,0.336354,0.620614,1
0.903146,7,0.382979,0.089288,0.453883,0.005634,0.375971,0.636404,1
0.903146,7,0.404255,0.089138,0.471883,0.004497,0.38581,0.638596,1
0.903146,7,0.425532,0.089138,0.449717,0.005241,0.387364,0.638596,1
0.903146,7,0.446809,0.089138,0.432014,0.003677,0.380114,0.638596,1
0.903146,7,0.468085,0.089138,0.418774,0.004246,0.367685,0.638596,1
0.903146,7,0.489362,0.089288,0.405683,0.004543,0.370792,0.611842,1
0.903146,7,0.510638,0.089438,0.390211,0.00462,0.361212,0.655702,1
0.903146,7,0.531915,0.089138,0.378905,0.005488,0.346194,0.699561,1
0.903146,7,0.553191,0.089138,0.362243,0.004117,0.34464,0.699561,1
0.903146,7,0.574468,0.085595,0.341565,0.004186,0.328586,0.696053,1
0.903146,7,0.595745,0.082263,0.336953,0.004657,0.315122,0.698246,1
0.903146,7,0.617021,0.071064,0.326242,0.003226,0.290523,0.698246,1
0.903146,7,0.638298,0.060076,0.320589,0.003436,0.284568,0.698246,0
0.903146,7,0.659574,0.057073,0.316126,0.003535,0.28405,0.690789,0
0.903146,7,0.680851,0.067882,0.310771,0.002929,0.278353,0.639035,1
0.903146,7,0.702128,0.053921,0.314787,0.003238,0.298291,0.623684,0
0.903146,7,0.723404,0.048667,0.317019,0.003214,0.313309,0.635526,0
0.903146,7,0.744681,0.05296,0.374888,0.003272,0.33506,0.624561,0
0.903146,7,0.765957,0.081302,0.441982,0.005386,0.386328,0.538596,1
0.903146,7,0.787234,0.089138,0.453883,0.005879,0.429829,0.548246,1
0.903146,7,0.808511,0.089288,0.420411,0.005955,0.416882,0.387281,1
0.903146,7,0.829787,0.089138,0.384558,0.005945,0.386846,0.494298,1
0.903146,7,0.851064,0.086706,0.360161,0.005779,0.35448,0.537719,1
0.903146,7,0.87234,0.063348,0.337846,0.004225,0.337908,0.509649,0
0.903146,7,0.893617,0.058785,0.322821,0.00392,0.320041,0.507456,0
0.903146,7,0.914894,0.051909,0.301696,0.003471,0.297255,0.464035,0
0.903146,7,0.93617,0.087006,0.332937,0.005818,0.299068,0.537719,1
0.903146,7,0.957447,0.07902,0.343499,0.005301,0.304505,0.514035,1
0.903146,7,0.978723,0.089828,0.353169,0.006066,0.40523,0.359649,1
0.903146,7,1.0,0.089288,0.331151,0.006043,0.404972,0.384649,1
0.90319,1,0.0,0.089138,0.307349,0.006047,0.381409,0.398246,1
0.90319,1,0.021277,0.088807,0.272687,0.006034,0.353185,0.411842,1
0.90319,1,0.042553,0.088958,0.242487,0.006064,0.402123,0.414035,1
0.90319,1,0.06383,0.07905,0.20366,0.005347,0.38115,0.474123,1
0.90319,1,0.085106,0.059055,0.166171,0.003949,0.327033,0.530702,0
0.90319,1,0.106383,0.044284,0.13136,0.002931,0.27913,0.557456,0
0.90319,1,0.12766,0.041161,0.105177,0.002721,0.241844,0.592982,0
0.90319,1,0.148936,0.036838,0.082565,0.002447,0.200155,0.561842,0
0.90319,1,0.170213,0.024709,0.071407,0.001653,0.17478,0.560965,0
0.90319,1,0.191489,0.024439,0.073639,0.001635,0.156396,0.564035,0
0.90319,1,0.212766,0.027921,0.083606,0.001867,0.141895,0.548246,0
0.90319,1,0.234043,0.031164,0.095359,0.002079,0.141378,0.584649,0
0.90319,1,0.255319,0.031314,0.116334,0.002081,0.142931,0.657456,0
0.90319,1,0.276596,0.040291,0.14341,0.002092,0.146556,0.604386,0
0.90319,1,0.297872,0.042302,0.172121,0.001938,0.130502,0.609649,0
0.90319,1,0.319149,0.071815,0.220321,0.00211,0.142672,0.653509,1
0.90319,1,0.340426,0.034016,0.273728,0.002252,0.178923,0.666667,0
0.90319,1,0.361702,0.056533,0.322821,0.002642,0.195753,0.686404,0
0.90319,1,0.382979,0.081722,0.368194,0.003145,0.223718,0.689035,1
0.90319,1,0.404255,0.089138,0.390211,0.002426,0.22087,0.689035,1
0.90319,1,0.425532,0.089138,0.39512,0.002435,0.228638,0.667105,1
0.90319,1,0.446809,0.089138,0.382475,0.002152,0.227084,0.689035,1
0.90319,1,0.468085,0.081512,0.367301,0.002902,0.231486,0.689035,1
0.90319,1,0.489362,0.089138,0.359863,0.00242,0.22087,0.662281,1
0.90319,1,0.510638,0.089138,0.359417,0.004566,0.222941,0.75,1
0.90319,1,0.531915,0.072235,0.349003,0.004103,0.222683,0.807018,1
0.90319,1,0.553191,0.061487,0.323564,0.003309,0.221906,0.801316,0
0.90319,1,0.574468,0.051849,0.304671,0.003241,0.22087,0.789912,0
0.90319,1,0.595745,0.05314,0.297977,0.00307,0.204039,0.805702,0
0.90319,1,0.617021,0.049388,0.289943,0.003162,0.20145,0.794298,0
0.90319,1,0.638298,0.049478,0.295448,0.003,0.197307,0.800877,0
0.90319,1,0.659574,0.05323,0.307349,0.002919,0.196271,0.805702,0
0.90319,1,0.680851,0.054461,0.317019,0.003278,0.194977,0.821053,0
0.90319,1,0.702128,0.083674,0.332639,0.004024,0.226049,0.785965,1
0.90319,1,0.723404,0.075748,0.353913,0.004587,0.24754,0.704386,1
0.90319,1,0.744681,0.067581,0.409551,0.004574,0.28146,0.714035,1
0.90319,1,0.765957,0.088027,0.459982,0.00569,0.33972,0.646491,1
0.90319,1,0.787234,0.089138,0.47828,0.005777,0.404713,0.575439,1
0.90319,1,0.808511,0.089138,0.463255,0.005785,0.41015,0.610088,1
0.90319,1,0.829787,0.088207,0.44094,0.005758,0.402123,0.626754,1
0.90319,1,0.851064,0.085085,0.415353,0.005569,0.382185,0.65307,1
0.90319,1,0.87234,0.0783,0.397054,0.005125,0.366649,0.674561,1
0.90319,1,0.893617,0.061907,0.365665,0.004206,0.348006,0.679386,0
0.90319,1,0.914894,0.054822,0.336061,0.003556,0.331176,0.664474,0
0.90319,1,0.93617,0.082803,0.350788,0.005235,0.31797,0.711404,1
0.90319,1,0.957447,0.074306,0.348408,0.004809,0.315122,0.689035,1
0.90319,1,0.978723,0.090309,0.350788,0.00585,0.400829,0.569298,1
0.90319,1,1.0,0.063829,0.330408,0.00429,0.390989,0.594298,0
0.903234,2,0.0,0.067882,0.318506,0.004265,0.379596,0.537719,1
0.903234,2,0.021277,0.049748,0.285034,0.003297,0.356551,0.525,0
0.903234,2,0.042553,0.053771,0.251413,0.003523,0.407043,0.437719,0
0.903234,2,0.06383,0.051219,0.218982,0.003371,0.387364,0.453509,0
0.903234,2,0.085106,0.049448,0.184915,0.003309,0.349301,0.525,0
0.903234,2,0.106383,0.044013,0.157542,0.002923,0.313568,0.561404,0
0.903234,2,0.12766,0.042302,0.136864,0.00279,0.268514,0.600439,0
0.903234,2,0.148936,0.034316,0.12526,0.002148,0.239254,0.605263,0
0.903234,2,0.170213,0.044013,0.115591,0.002902,0.214915,0.617544,0
0.903234,2,0.191489,0.035757,0.129723,0.002248,0.208441,0.611842,0
0.903234,2,0.212766,0.043173,0.168551,0.002752,0.221388,0.609211,0
0.903234,2,0.234043,0.037559,0.214668,0.00253,0.258415,0.529386,0
0.903234,2,0.255319,0.047586,0.310324,0.003504,0.332729,0.526754,0
0.903234,2,0.276596,0.071995,0.409551,0.005041,0.402123,0.48114,1
0.903234,2,0.297872,0.030323,0.413419,0.002152,0.425686,0.426316,0
0.903234,2,0.319149,0.070283,0.478578,0.004886,0.489125,0.435965,1
0.903234,2,0.340426,0.07836,0.504314,0.005287,0.539358,0.401754,1
0.903234,2,0.361702,0.067221,0.504909,0.004584,0.563956,0.375,1
0.903234,2,0.382979,0.087667,0.551324,0.005937,0.562403,0.311842,1
0.903234,2,0.404255,0.087426,0.56501,0.005854,0.553858,0.388158,1
0.903234,2,0.425532,0.087426,0.548497,0.005829,0.546608,0.433333,1
0.903234,2,0.446809,0.087426,0.531092,0.005835,0.543501,0.445614,1
0.903234,2,0.468085,0.087426,0.521273,0.005841,0.545313,0.42807,1
0.903234,2,0.489362,0.087426,0.51205,0.005852,0.541688,0.45614,1
0.903234,2,0.510638,0.087426,0.505504,0.005845,0.538063,0.437719,1
0.903234,2,0.531915,0.087426,0.497917,0.005843,0.539617,0.424561,1
0.903234,2,0.553191,0.087426,0.493157,0.005854,0.562144,0.373246,1
0.903234,2,0.574468,0.087426,0.475305,0.00591,0.561885,0.360088,1
0.903234,2,0.595745,0.087426,0.484528,0.005906,0.558778,0.398684,1
0.903234,2,0.617021,0.081722,0.480512,0.005555,0.550492,0.390789,1
0.903234,2,0.638298,0.07905,0.481999,0.005372,0.545054,0.412719,1
0.903234,2,0.659574,0.0786,0.488843,0.005326,0.537286,0.44386,1
0.903234,2,0.680851,0.084844,0.502231,0.005729,0.546867,0.4,1
0.903234,2,0.702128,0.087426,0.52291,0.00587,0.564215,0.396053,1
0.903234,2,0.723404,0.116489,0.550431,0.007871,0.595028,0.385088,1
0.903234,2,0.744681,0.122613,0.595359,0.008355,0.626618,0.338596,1
0.903234,2,0.765957,0.150084,0.621988,0.010239,0.62869,0.385526,1
0.903234,2,0.787234,0.123394,0.606665,0.0084,0.622734,0.357456,1
0.903234,2,0.808511,0.059715,0.560547,0.004082,0.581046,0.300439,0
0.903234,2,0.829787,0.048517,0.525736,0.003342,0.532885,0.309211,0
0.903234,2,0.851064,0.060736,0.50476,0.004163,0.502848,0.339474,0
0.903234,2,0.87234,0.042482,0.477239,0.00291,0.477732,0.370614,0
0.903234,2,0.893617,0.042332,0.443023,0.002885,0.440704,0.376316,0
0.903234,2,0.914894,0.03939,0.403154,0.002682,0.412222,0.410965,0
0.903234,2,0.93617,0.047496,0.439453,0.003178,0.39798,0.571053,0
0.903234,2,0.957447,0.068332,0.463255,0.004551,0.39565,0.548246,0
0.903234,2,0.978723,0.090519,0.472627,0.006055,0.493268,0.451316,1
0.903234,2,1.0,0.088297,0.47114,0.005879,0.489902,0.539474,1
0.903279,3,0.0,0.087396,0.461024,0.005814,0.44666,0.592982,1
0.903279,3,0.021277,0.078059,0.441238,0.005208,0.417141,0.586842,1
0.903279,3,0.042553,0.086196,0.41208,0.005796,0.469446,0.524123,1
0.903279,3,0.06383,0.069233,0.354359,0.004767,0.44174,0.545614,0
0.903279,3,0.085106,0.055902,0.300952,0.003716,0.384516,0.561404,0
0.903279,3,0.106383,0.058334,0.249926,0.003851,0.341274,0.624561,0
0.903279,3,0.12766,0.049448,0.199643,0.003224,0.294148,0.676316,0
0.903279,3,0.148936,0.033596,0.178072,0.002196,0.254531,0.651754,0
0.903279,3,0.170213,0.02573,0.164683,0.001685,0.228897,0.675877,0
0.903279,3,0.191489,0.027321,0.163344,0.001793,0.214397,0.670175,0
0.903279,3,0.212766,0.029753,0.195478,0.001961,0.23304,0.684649,0
0.903279,3,0.234043,0.035997,0.241446,0.002376,0.254531,0.65614,0
0.903279,3,0.255319,0.055482,0.336805,0.003637,0.331952,0.636842,0
0.903279,3,0.276596,0.062357,0.428146,0.004152,0.390212,0.552193,0
0.903279,3,0.297872,0.049748,0.426659,0.003367,0.423097,0.405263,0
0.903279,3,0.319149,0.074577,0.481851,0.00505,0.486277,0.422807,1
0.903279,3,0.340426,0.081542,0.499256,0.00538,0.536251,0.435965,1
0.903279,3,0.361702,0.075027,0.503868,0.005093,0.556447,0.378947,1
0.903279,3,0.382979,0.087667,0.549093,0.005914,0.575608,0.326754,1
0.903279,3,0.404255,0.087426,0.559357,0.00585,0.557742,0.428509,1
0.903279,3,0.425532,0.087426,0.546712,0.005845,0.552305,0.433772,1
0.903279,3,0.446809,0.087426,0.537786,0.005847,0.555412,0.424123,1
0.903279,3,0.468085,0.088057,0.529902,0.005877,0.559037,0.384211,1
0.903279,3,0.489362,0.088117,0.523207,0.005858,0.556706,0.406579,1
0.903279,3,0.510638,0.087426,0.522464,0.005816,0.548421,0.425439,1
0.903279,3,0.531915,0.087426,0.51681,0.00581,0.540394,0.429386,1
0.903279,3,0.553191,0.087426,0.513538,0.005808,0.554894,0.417982,1
0.903279,3,0.574468,0.088717,0.511752,0.005887,0.548162,0.427632,1
0.903279,3,0.595745,0.089618,0.509223,0.005947,0.543242,0.437281,1
0.903279,3,0.617021,0.087426,0.495537,0.005837,0.533661,0.484649,1
0.903279,3,0.638298,0.087426,0.491669,0.005837,0.524081,0.486842,1
0.903279,3,0.659574,0.087426,0.495983,0.005847,0.523563,0.467105,1
0.903279,3,0.680851,0.087306,0.494644,0.005847,0.529259,0.480702,1
0.903279,3,0.702128,0.085535,0.502827,0.005737,0.541429,0.471053,1
0.903279,3,0.723404,0.080972,0.50476,0.00548,0.561108,0.42807,1
0.903279,3,0.744681,0.080911,0.548944,0.005513,0.594252,0.384211,1
0.903279,3,0.765957,0.087426,0.58792,0.005933,0.600725,0.389474,1
0.903279,3,0.787234,0.07893,0.581226,0.005366,0.5826,0.395614,1
0.903279,3,0.808511,0.042512,0.540464,0.00291,0.544019,0.358333,0
0.903279,3,0.829787,0.040381,0.500446,0.002759,0.501036,0.375439,0
0.903279,3,0.851064,0.038459,0.478875,0.002619,0.471517,0.345614,0
0.903279,3,0.87234,0.041582,0.460131,0.002835,0.44407,0.342544,0
0.903279,3,0.893617,0.030383,0.41803,0.002069,0.415847,0.403947,0
0.903279,3,0.914894,0.027081,0.38069,0.001816,0.379337,0.478509,0
0.903279,3,0.93617,0.081932,0.429337,0.005372,0.371828,0.604825,1
0.903279,3,0.957447,0.042752,0.444808,0.002817,0.359917,0.544298,0
0.903279,3,0.978723,0.087997,0.459982,0.00587,0.469446,0.469298,1
0.903279,3,1.0,0.047256,0.45909,0.003178,0.468151,0.534649,0
0.903323,4,0.0,0.073286,0.447783,0.004828,0.431901,0.574123,1
0.903323,4,0.021277,0.047646,0.431568,0.003172,0.393061,0.622807,0
0.903323,4,0.042553,0.056023,0.40122,0.003544,0.442258,0.520175,0
0.903323,4,0.06383,0.046655,0.35064,0.003126,0.411704,0.557895,0
0.903323,4,0.085106,0.041161,0.293216,0.002744,0.358622,0.589035,0
0.903323,4,0.106383,0.03933,0.239066,0.002597,0.311756,0.653509,0
0.903323,4,0.12766,0.030533,0.200833,0.002007,0.265924,0.707456,0
0.903323,4,0.148936,0.027231,0.173163,0.001782,0.236147,0.676316,0
0.903323,4,0.170213,0.028972,0.164088,0.001926,0.209995,0.680263,0
0.903323,4,0.191489,0.031734,0.162005,0.002079,0.199896,0.707895,0
0.903323,4,0.212766,0.037769,0.191758,0.002459,0.240031,0.761404,0
0.903323,4,0.234043,0.041401,0.231925,0.002692,0.282755,0.713158,0
0.903323,4,0.255319,0.058454,0.325052,0.00382,0.336095,0.75,0
0.903323,4,0.276596,0.064009,0.412824,0.004169,0.393837,0.687719,0
0.903323,4,0.297872,0.032545,0.401517,0.002158,0.40523,0.530263,0
0.903323,4,0.319149,0.037318,0.455668,0.002524,0.468928,0.356579,0
0.903323,4,0.340426,0.041341,0.474561,0.002825,0.52175,0.276316,0
0.903323,4,0.361702,0.042212,0.481404,0.002887,0.554894,0.273246,0
0.903323,4,0.382979,0.049658,0.511306,0.003388,0.584671,0.357895,0
0.903323,4,0.404255,0.081482,0.546861,0.005885,0.574314,0.389035,1
0.903323,4,0.425532,0.087096,0.53377,0.005802,0.57535,0.450439,1
0.903323,4,0.446809,0.069923,0.518298,0.004636,0.57535,0.450877,1
0.903323,4,0.468085,0.085205,0.51324,0.005663,0.584412,0.474123,1
0.903323,4,0.489362,0.069713,0.509075,0.00441,0.586743,0.464912,1
0.903323,4,0.510638,0.083013,0.507736,0.005546,0.566028,0.444737,1
0.903323,4,0.531915,0.072415,0.506694,0.004846,0.559814,0.432018,1
0.903323,4,0.553191,0.064489,0.508033,0.004323,0.558519,0.432018,1
0.903323,4,0.574468,0.071154,0.499405,0.004778,0.569135,0.441667,1
0.903323,4,0.595745,0.067281,0.495537,0.004512,0.551269,0.410088,1
0.903323,4,0.617021,0.057013,0.487057,0.003828,0.535215,0.414035,0
0.903323,4,0.638298,0.056263,0.48319,0.003683,0.524599,0.398246,0
0.903323,4,0.659574,0.065029,0.484528,0.004366,0.526929,0.42807,1
0.903323,4,0.680851,0.06536,0.493752,0.004057,0.525634,0.42807,1
0.903323,4,0.702128,0.072775,0.505802,0.004574,0.532626,0.397368,1
0.903323,4,0.723404,0.043833,0.512794,0.003116,0.565769,0.344737,0
0.903323,4,0.744681,0.068392,0.561143,0.004175,0.57535,0.341667,1
0.903323,4,0.765957,0.087426,0.586284,0.005883,0.584412,0.398246,1
0.903323,4,0.787234,0.06587,0.575424,0.004435,0.583118,0.362281,1
0.903323,4,0.808511,0.044614,0.5241,0.003037,0.558778,0.260088,0
0.903323,4,0.829787,0.03945,0.48557,0.002709,0.534438,0.264474,0
0.903323,4,0.851064,0.042002,0.469057,0.002877,0.510098,0.302193,0
0.903323,4,0.87234,0.041011,0.441833,0.002798,0.48058,0.30307,0
0.903323,4,0.893617,0.028762,0.408212,0.001955,0.467374,0.327193,0
0.903323,4,0.914894,0.02672,0.375781,0.001793,0.432418,0.388596,0
0.903323,4,0.93617,0.082623,0.421006,0.005825,0.411963,0.565789,1
0.903323,4,0.957447,0.087396,0.442725,0.005677,0.398498,0.596491,1
0.903323,4,0.978723,0.091029,0.458346,0.006012,0.511652,0.423684,1
0.903323,4,1.0,0.088297,0.450759,0.005833,0.506473,0.536842,1
0.903367,5,0.0,0.087096,0.441982,0.005777,0.465821,0.586842,1
0.903367,5,0.021277,0.064609,0.426659,0.004308,0.419213,0.575877,1
0.903367,5,0.042553,0.070253,0.389765,0.004715,0.470482,0.488596,1
0.903367,5,0.06383,0.03921,0.339185,0.002642,0.439151,0.489474,0
0.903367,5,0.085106,0.02621,0.283695,0.001749,0.38581,0.561404,0
0.903367,5,0.106383,0.027171,0.232818,0.001793,0.344899,0.584211,0
0.903367,5,0.12766,0.025399,0.193692,0.00167,0.295702,0.634211,0
0.903367,5,0.148936,0.023148,0.169741,0.001516,0.268255,0.651754,0
0.903367,5,0.170213,0.022427,0.156055,0.001467,0.238995,0.67807,0
0.903367,5,0.191489,0.024469,0.155906,0.001597,0.236406,0.649123,0
0.903367,5,0.212766,0.027861,0.183576,0.001822,0.242879,0.627193,0
0.903367,5,0.234043,0.031104,0.229842,0.002052,0.280425,0.569298,0
0.903367,5,0.255319,0.048847,0.318358,0.003236,0.351372,0.577632,0
0.903367,5,0.276596,0.041522,0.405088,0.002763,0.417141,0.522807,0
0.903367,5,0.297872,0.040231,0.411782,0.0027,0.428017,0.477193,0
0.903367,5,0.319149,0.075417,0.477239,0.005054,0.502848,0.454825,1
0.903367,5,0.340426,0.084034,0.504612,0.005611,0.547385,0.421053,1
0.903367,5,0.361702,0.087426,0.508777,0.005843,0.576644,0.414912,1
0.903367,5,0.382979,0.088537,0.552812,0.005881,0.578975,0.420175,1
0.903367,5,0.404255,0.087426,0.566796,0.005748,0.572501,0.429825,1
0.903367,5,0.425532,0.087426,0.548646,0.005756,0.556189,0.433772,1
0.903367,5,0.446809,0.087426,0.528117,0.005779,0.547903,0.492544,1
0.903367,5,0.468085,0.087426,0.517554,0.005796,0.551269,0.466667,1
0.903367,5,0.489362,0.087426,0.513984,0.0058,0.550233,0.499123,1
0.903367,5,0.510638,0.087426,0.504314,0.005798,0.538063,0.525877,1
0.903367,5,0.531915,0.087426,0.492264,0.005798,0.528742,0.55,1
0.903367,5,0.553191,0.087426,0.490181,0.005793,0.550751,0.545175,1
0.903367,5,0.574468,0.080761,0.484677,0.005366,0.545831,0.533772,1
0.903367,5,0.595745,0.056263,0.479917,0.003752,0.531072,0.54693,0
0.903367,5,0.617021,0.055482,0.472181,0.003689,0.518384,0.501754,0
0.903367,5,0.638298,0.05299,0.468164,0.003535,0.504402,0.530263,0
0.903367,5,0.659574,0.043443,0.475602,0.002896,0.501813,0.492544,0
0.903367,5,0.680851,0.043803,0.485421,0.002919,0.493009,0.510088,0
0.903367,5,0.702128,0.048667,0.505058,0.003238,0.505438,0.50614,0
0.903367,5,0.723404,0.087426,0.522017,0.00581,0.520456,0.567982,1
0.903367,5,0.744681,0.085955,0.569325,0.005725,0.54117,0.544298,1
0.903367,5,0.765957,0.078029,0.586284,0.005239,0.563698,0.478947,1
0.903367,5,0.787234,0.090159,0.602946,0.006049,0.614707,0.430263,1
0.903367,5,0.808511,0.040291,0.570068,0.002719,0.603055,0.424561,0
0.903367,5,0.829787,0.046746,0.537191,0.003155,0.577421,0.376316,0
0.903367,5,0.851064,0.060466,0.522017,0.004073,0.554376,0.439474,0
0.903367,5,0.87234,0.043683,0.50119,0.002937,0.523822,0.434649,0
0.903367,5,0.893617,0.041792,0.456114,0.002792,0.498446,0.442105,0
0.903367,5,0.914894,0.036268,0.420559,0.002422,0.466598,0.429825,0
0.903367,5,0.93617,0.048307,0.467867,0.003191,0.44666,0.555702,0
0.903367,5,0.957447,0.045545,0.483487,0.002983,0.425686,0.563596,0
0.903367,5,0.978723,0.089768,0.495537,0.005914,0.537286,0.420175,1
0.903367,5,1.0,0.085385,0.485272,0.005663,0.520456,0.537281,1
0.903411,6,0.0,0.087727,0.473222,0.00582,0.500518,0.584211,1
0.903411,6,0.021277,0.076948,0.454032,0.005089,0.459347,0.632456,1
0.903411,6,0.042553,0.081812,0.41922,0.005444,0.520197,0.549561,1
0.903411,6,0.06383,0.056353,0.362987,0.00376,0.482134,0.56886,0
0.903411,6,0.085106,0.045875,0.311961,0.003049,0.442517,0.567105,0
0.903411,6,0.106383,0.043623,0.263314,0.002879,0.389436,0.61886,0
0.903411,6,0.12766,0.036177,0.216156,0.002376,0.342569,0.692105,0
0.903411,6,0.148936,0.027981,0.192502,0.001826,0.309684,0.728947,0
0.903411,6,0.170213,0.029302,0.177179,0.001942,0.2913,0.733772,0
0.903411,6,0.191489,0.028582,0.180006,0.001843,0.277317,0.740351,0
0.903411,6,0.212766,0.042632,0.204552,0.002757,0.294148,0.778947,0
0.903411,6,0.234043,0.049718,0.26019,0.003126,0.330399,0.767982,0
0.903411,6,0.255319,0.068302,0.3554,0.004456,0.402641,0.703509,1
0.903411,6,0.276596,0.056023,0.443172,0.003685,0.459865,0.61886,0
0.903411,6,0.297872,0.030023,0.458941,0.001998,0.476178,0.567982,0
0.903411,6,0.319149,0.076588,0.521273,0.005083,0.536769,0.562281,1
0.903411,6,0.340426,0.088357,0.549093,0.00571,0.576126,0.516667,1
0.903411,6,0.361702,0.074997,0.56025,0.00494,0.586743,0.504825,1
0.903411,6,0.382979,0.090309,0.603689,0.005958,0.590886,0.488158,1
0.903411,6,0.404255,0.088057,0.617673,0.005723,0.570689,0.510526,1
0.903411,6,0.425532,0.087426,0.601904,0.0057,0.549456,0.569298,1
0.903411,6,0.446809,0.083133,0.578994,0.005461,0.548421,0.558772,1
0.903411,6,0.468085,0.087426,0.565457,0.005748,0.539876,0.523246,1
0.903411,6,0.489362,0.087426,0.555043,0.005771,0.539358,0.547368,1
0.903411,6,0.510638,0.057524,0.540464,0.003816,0.516054,0.550877,0
0.903411,6,0.531915,0.069803,0.526034,0.004614,0.506732,0.56886,1
0.903411,6,0.553191,0.071304,0.515918,0.004703,0.508545,0.549123,1
0.903411,6,0.574468,0.076108,0.50357,0.005019,0.506214,0.592544,1
0.903411,6,0.595745,0.050588,0.491818,0.003346,0.491973,0.525,0
0.903411,6,0.617021,0.046355,0.476495,0.003093,0.479026,0.491228,0
0.903411,6,0.638298,0.043773,0.463999,0.002931,0.46841,0.477193,0
0.903411,6,0.659574,0.043743,0.468015,0.002925,0.455205,0.489474,0
0.903411,6,0.680851,0.043773,0.473073,0.002929,0.445106,0.486842,0
0.903411,6,0.702128,0.045064,0.491074,0.003018,0.449508,0.489035,0
0.903411,6,0.723404,0.047796,0.49881,0.003207,0.469446,0.481579,0
0.903411,6,0.744681,0.049027,0.539572,0.003303,0.489125,0.467105,0
0.903411,6,0.765957,0.070704,0.584796,0.004747,0.526411,0.446053,1
0.903411,6,0.787234,0.085355,0.599226,0.005681,0.553858,0.503509,1
0.903411,6,0.808511,0.059775,0.570068,0.004003,0.537027,0.460526,1
0.903411,6,0.829787,0.045274,0.537935,0.003049,0.511911,0.417544,0
0.903411,6,0.851064,0.053981,0.511306,0.003644,0.483428,0.454825,0
0.903411,6,0.87234,0.044104,0.497917,0.002973,0.459606,0.475439,0
0.903411,6,0.893617,0.043683,0.459536,0.002921,0.419472,0.488596,0
0.903411,6,0.914894,0.03927,0.415948,0.002619,0.378301,0.499561,0
0.903411,6,0.93617,0.056653,0.470991,0.003731,0.367167,0.639474,0
0.903411,6,0.957447,0.061367,0.48795,0.003997,0.35914,0.650877,1
0.903411,6,0.978723,0.085145,0.496132,0.005571,0.44407,0.591228,1
0.903411,6,1.0,0.073856,0.495537,0.004867,0.43216,0.638596,1
0.903456,7,0.0,0.077309,0.463553,0.005075,0.405748,0.67807,1
0.903456,7,0.021277,0.072685,0.458197,0.004771,0.374158,0.703947,1
0.903456,7,0.042553,0.074997,0.419964,0.004954,0.421025,0.595175,1
0.903456,7,0.06383,0.056083,0.360904,0.003702,0.383998,0.61886,0
0.903456,7,0.085106,0.048367,0.297977,0.003174,0.338426,0.662719,0
0.903456,7,0.106383,0.045094,0.247248,0.002935,0.296996,0.727632,0
0.903456,7,0.12766,0.035817,0.201428,0.002318,0.249871,0.736404,0
0.903456,7,0.148936,0.034376,0.172716,0.002137,0.217504,0.823246,0
0.903456,7,0.170213,0.037288,0.147724,0.002036,0.194459,0.841667,0
0.903456,7,0.191489,0.035877,0.141327,0.001672,0.179441,0.860526,0
0.903456,7,0.212766,0.028432,0.154567,0.001847,0.171414,0.839912,0
0.903456,7,0.234043,0.031014,0.166617,0.001988,0.176851,0.813158,0
0.903456,7,0.255319,0.033175,0.204552,0.001572,0.183584,0.828947,0
0.903456,7,0.276596,0.034736,0.251711,0.002156,0.205852,0.796053,0
0.903456,7,0.297872,0.042152,0.29277,0.001855,0.200932,0.822368,0
0.903456,7,0.319149,0.059445,0.3615,0.003427,0.229156,0.813158,1
0.903456,7,0.340426,0.073106,0.410592,0.003903,0.26463,0.794737,1
0.903456,7,0.361702,0.075988,0.443172,0.004103,0.285085,0.794737,1
0.903456,7,0.382979,0.085535,0.476644,0.005008,0.301398,0.785526,1
0.903456,7,0.404255,0.082593,0.481702,0.004828,0.292595,0.772807,1
0.903456,7,0.425532,0.071484,0.465933,0.004103,0.283532,0.789035,1
0.903456,7,0.446809,0.069893,0.44332,0.003903,0.272139,0.783772,1
0.903456,7,0.468085,0.057434,0.414906,0.003307,0.263076,0.760088,1
0.903456,7,0.489362,0.044614,0.397798,0.002881,0.253755,0.735088,0
0.903456,7,0.510638,0.044314,0.379946,0.002862,0.242361,0.759649,0
0.903456,7,0.531915,0.038099,0.362392,0.002457,0.232004,0.74693,0
0.903456,7,0.553191,0.034226,0.347218,0.002208,0.223977,0.757456,0
0.903456,7,0.574468,0.032245,0.321482,0.002075,0.209218,0.807895,0
0.903456,7,0.595745,0.032965,0.311812,0.00211,0.198343,0.785965,0
0.903456,7,0.617021,0.056113,0.301547,0.00259,0.184102,0.760088,1
0.903456,7,0.638298,0.040651,0.294406,0.002567,0.179959,0.794298,0
0.903456,7,0.659574,0.05236,0.292175,0.003224,0.179182,0.780263,0
0.903456,7,0.680851,0.040831,0.288456,0.002651,0.176334,0.73114,0
0.903456,7,0.702128,0.030473,0.301696,0.001975,0.182807,0.725,0
0.903456,7,0.723404,0.032485,0.309283,0.002106,0.188503,0.757456,0
0.903456,7,0.744681,0.03999,0.363285,0.002594,0.232004,0.674561,0
0.903456,7,0.765957,0.054161,0.453436,0.003529,0.279389,0.596053,1
0.903456,7,0.787234,0.065059,0.476198,0.004258,0.362506,0.554386,1
0.903456,7,0.808511,0.050048,0.449717,0.003301,0.357328,0.557895,0
0.903456,7,0.829787,0.043713,0.409104,0.002877,0.340497,0.564035,0
0.903456,7,0.851064,0.03981,0.390211,0.002615,0.319006,0.608333,0
0.903456,7,0.87234,0.032815,0.370872,0.00216,0.296737,0.584211,0
0.903456,7,0.893617,0.037979,0.351235,0.002489,0.275764,0.602632,0
0.903456,7,0.914894,0.032635,0.332937,0.002079,0.255567,0.64386,0
0.903456,7,0.93617,0.041672,0.354656,0.002711,0.245469,0.651754,0
0.903456,7,0.957447,0.033686,0.35778,0.002204,0.240031,0.610088,0
0.903456,7,0.978723,0.048937,0.363285,0.003249,0.330658,0.496053,0
0.903456,7,1.0,0.041161,0.348557,0.002746,0.326774,0.536842,0
0.9035,1,0.0,0.056203,0.324457,0.003737,0.300104,0.578947,1
0.9035,1,0.021277,0.043653,0.288158,0.002908,0.267219,0.591667,0
0.9035,1,0.042553,0.045034,0.254984,0.003016,0.316157,0.564474,0
0.9035,1,0.06383,0.037018,0.221214,0.00247,0.284568,0.594737,0
0.9035,1,0.085106,0.03981,0.181642,0.00263,0.23537,0.649123,0
0.9035,1,0.106383,0.04008,0.14579,0.002619,0.191352,0.722368,0
0.9035,1,0.12766,0.038339,0.116781,0.002489,0.160798,0.767105,0
0.9035,1,0.148936,0.042332,0.101904,0.002356,0.128949,0.809649,0
0.9035,1,0.170213,0.030683,0.085391,0.001847,0.108493,0.827632,0
0.9035,1,0.191489,0.023688,0.08554,0.001539,0.07535,0.763596,0
0.9035,1,0.212766,0.021226,0.096995,0.001367,0.067323,0.80307,0
0.9035,1,0.234043,0.023808,0.101458,0.001539,0.067582,0.810526,0
0.9035,1,0.255319,0.023568,0.123624,0.001518,0.062921,0.847807,0
0.9035,1,0.276596,0.025579,0.153526,0.001261,0.112895,0.850439,0
0.9035,1,0.297872,0.027681,0.176138,0.001215,0.030295,0.853509,0
0.9035,1,0.319149,0.024979,0.235495,0.001556,0.096841,0.898246,0
0.9035,1,0.340426,0.027591,0.287266,0.001747,0.126618,0.865789,0
0.9035,1,0.361702,0.057914,0.329961,0.003658,0.153288,0.897368,1
0.9035,1,0.382979,0.057524,0.36507,0.002964,0.165717,0.923684,1
0.9035,1,0.404255,0.044734,0.381434,0.00274,0.174521,0.922807,1
0.9035,1,0.425532,0.045605,0.374293,0.002784,0.177369,0.89693,1
0.9035,1,0.446809,0.042783,0.358524,0.002713,0.17711,0.895614,1
0.9035,1,0.468085,0.04005,0.344689,0.002528,0.182289,0.921053,1
0.9035,1,0.489362,0.045515,0.33011,0.002875,0.18203,0.873246,1
0.9035,1,0.510638,0.050018,0.32044,0.003162,0.188762,0.861404,1
0.9035,1,0.531915,0.030593,0.301547,0.001938,0.180994,0.885965,0
0.9035,1,0.553191,0.038669,0.283249,0.002443,0.173744,0.834211,0
0.9035,1,0.574468,0.027561,0.262719,0.001749,0.167012,0.858772,0
0.9035,1,0.595745,0.027291,0.247248,0.001726,0.168824,0.85,0
0.9035,1,0.617021,0.027861,0.237281,0.001764,0.15536,0.858333,0
0.9035,1,0.638298,0.031314,0.232074,0.001988,0.146297,0.823246,0
0.9035,1,0.659574,0.029152,0.225231,0.001859,0.142672,0.808772,0
0.9035,1,0.680851,0.029602,0.22047,0.00189,0.151476,0.767982,0
0.9035,1,0.702128,0.030563,0.226718,0.001965,0.166235,0.748684,0
0.9035,1,0.723404,0.032455,0.236537,0.002104,0.18436,0.70307,0
0.9035,1,0.744681,0.040291,0.288456,0.002624,0.218022,0.686404,1
0.9035,1,0.765957,0.054071,0.371764,0.003533,0.268773,0.689912,1
0.9035,1,0.787234,0.058725,0.412972,0.003851,0.343086,0.660965,1
0.9035,1,0.808511,0.048157,0.39393,0.003174,0.347488,0.651316,1
0.9035,1,0.829787,0.041882,0.377715,0.002744,0.321595,0.705263,1
0.9035,1,0.851064,0.041311,0.359863,0.002684,0.305541,0.719298,1
0.9035,1,0.87234,0.03993,0.343053,0.002212,0.27188,0.707895,1
0.9035,1,0.893617,0.036087,0.317316,0.001832,0.244433,0.744737,0
0.9035,1,0.914894,0.028191,0.292324,0.001818,0.221906,0.77193,0
0.9035,1,0.93617,0.034346,0.31568,0.001454,0.222424,0.839474,0
0.9035,1,0.957447,0.031494,0.319994,0.001847,0.220352,0.797368,0
0.9035,1,0.978723,0.049267,0.326242,0.003029,0.302693,0.760526,1
0.9035,1,1.0,0.03981,0.308093,0.002582,0.293112,0.676316,1
0.903544,2,0.0,0.075838,0.297828,0.003789,0.267996,0.681579,1
0.903544,2,0.021277,0.044194,0.279976,0.002646,0.245728,0.681579,1
0.903544,2,0.042553,0.050829,0.258852,0.003328,0.295443,0.667982,1
0.903544,2,0.06383,0.050859,0.222404,0.003274,0.288452,0.688158,1
0.903544,2,0.085106,0.044344,0.193544,0.002894,0.247022,0.753947,1
0.903544,2,0.106383,0.044224,0.170634,0.002225,0.233299,0.765789,1
0.903544,2,0.12766,0.044404,0.148319,0.001934,0.180476,0.809649,1
0.903544,2,0.148936,0.03993,0.127641,0.002086,0.119886,0.822368,1
0.903544,2,0.170213,0.045845,0.116186,0.001606,0.10202,0.831579,1
0.903544,2,0.191489,0.06593,0.133591,0.001506,0.08985,0.831579,1
0.903544,2,0.212766,0.045425,0.167212,0.001903,0.101502,0.831579,1
0.903544,2,0.234043,0.02663,0.209908,0.001718,0.130502,0.83114,0
0.903544,2,0.255319,0.058725,0.299762,0.002732,0.189021,0.809649,1
0.903544,2,0.276596,0.035457,0.37831,0.002304,0.251683,0.695614,0
0.903544,2,0.297872,0.023838,0.388426,0.001585,0.29363,0.58114,0
0.903544,2,0.319149,0.029212,0.446296,0.00194,0.346712,0.565351,0
0.903544,2,0.340426,0.03963,0.479024,0.002613,0.394355,0.482018,0
0.903544,2,0.361702,0.044884,0.500149,0.002991,0.420249,0.489474,1
0.903544,2,0.382979,0.064039,0.544778,0.004524,0.440963,0.536404,1
0.903544,2,0.404255,0.073796,0.559506,0.005299,0.447178,0.485088,1
0.903544,2,0.425532,0.077879,0.552217,0.005187,0.445624,0.491667,1
0.903544,2,0.446809,0.064249,0.535109,0.004032,0.446919,0.499123,1
0.903544,2,0.468085,0.087336,0.524844,0.005806,0.460901,0.490351,1
0.903544,2,0.489362,0.087426,0.519786,0.00581,0.464008,0.502632,1
0.903544,2,0.510638,0.084724,0.516215,0.005625,0.461937,0.501754,1
0.903544,2,0.531915,0.086075,0.510116,0.005717,0.460642,0.503509,1
0.903544,2,0.553191,0.087426,0.503868,0.0058,0.473071,0.483772,1
0.903544,2,0.574468,0.084454,0.499702,0.00564,0.477732,0.482456,1
0.903544,2,0.595745,0.083373,0.494049,0.005492,0.475919,0.461842,1
0.903544,2,0.617021,0.07923,0.492859,0.005401,0.472553,0.476754,1
0.903544,2,0.638298,0.082353,0.481404,0.005598,0.470999,0.501316,1
0.903544,2,0.659574,0.080461,0.492711,0.005368,0.467374,0.520175,1
0.903544,2,0.680851,0.07893,0.490033,0.005305,0.467115,0.538596,1
0.903544,2,0.702128,0.087336,0.491967,0.005827,0.474107,0.482018,1
0.903544,2,0.723404,0.069293,0.502529,0.004668,0.484982,0.435526,1
0.903544,2,0.744681,0.055212,0.498066,0.003741,0.480062,0.435526,0
0.903544,2,0.765957,0.06641,0.557275,0.004481,0.476437,0.463596,1
0.903544,2,0.787234,0.0789,0.56144,0.005322,0.510357,0.425877,1
0.903544,2,0.808511,0.049388,0.519786,0.003351,0.496116,0.427632,0
0.903544,2,0.829787,0.042813,0.469057,0.002896,0.449508,0.382456,0
0.903544,2,0.851064,0.042602,0.454478,0.002892,0.406784,0.411404,0
0.903544,2,0.87234,0.040771,0.43127,0.002775,0.36898,0.428509,0
0.903544,2,0.893617,0.038639,0.399881,0.002621,0.332988,0.430702,0
0.903544,2,0.914894,0.033926,0.364177,0.002293,0.301398,0.443421,0
0.903544,2,0.93617,0.040861,0.402112,0.002727,0.279648,0.559649,0
0.903544,2,0.957447,0.043383,0.428146,0.002879,0.272398,0.538158,0
0.903544,2,0.978723,0.084724,0.443172,0.005642,0.374417,0.492982,1
0.903544,2,1.0,0.061997,0.427403,0.004184,0.365096,0.519298,1
0.903588,3,0.0,0.081092,0.43737,0.005453,0.320818,0.555263,1
0.903588,3,0.021277,0.063708,0.413121,0.004281,0.28638,0.627632,1
0.903588,3,0.042553,0.064909,0.384409,0.004283,0.331952,0.570614,1
0.903588,3,0.06383,0.045515,0.339334,0.003087,0.297773,0.580702,0
0.903588,3,0.085106,0.040861,0.281613,0.002732,0.250647,0.6,0
0.903588,3,0.106383,0.035517,0.238471,0.002356,0.204816,0.675877,0
0.903588,3,0.12766,0.030203,0.186105,0.001994,0.163646,0.662281,0
0.903588,3,0.148936,0.036057,0.169741,0.002362,0.132574,0.746053,0
0.903588,3,0.170213,0.044464,0.164386,0.002894,0.120404,0.809649,0
0.903588,3,0.191489,0.029152,0.155162,0.00189,0.105645,0.755702,0
0.903588,3,0.212766,0.040951,0.18194,0.002659,0.117297,0.781579,0
0.903588,3,0.234043,0.038009,0.223594,0.002468,0.162092,0.759211,0
0.903588,3,0.255319,0.068422,0.314341,0.00447,0.203004,0.735526,1
0.903588,3,0.276596,0.06527,0.347962,0.002439,0.267219,0.628509,1
0.903588,3,0.297872,0.033415,0.357632,0.002246,0.303729,0.480263,0
0.903588,3,0.319149,0.042933,0.388575,0.002898,0.363801,0.476316,0
0.903588,3,0.340426,0.047616,0.47233,0.003226,0.411445,0.447807,0
0.903588,3,0.361702,0.077189,0.499256,0.00522,0.440704,0.460965,1
0.903588,3,0.382979,0.087877,0.551175,0.00585,0.45624,0.490789,1
0.903588,3,0.404255,0.087426,0.57349,0.005754,0.452874,0.544737,1
0.903588,3,0.425532,0.085475,0.565308,0.005775,0.457276,0.554386,1
0.903588,3,0.446809,0.087426,0.553704,0.005777,0.467633,0.552193,1
0.903588,3,0.468085,0.087426,0.549539,0.005752,0.467633,0.512281,1
0.903588,3,0.489362,0.087426,0.553109,0.005739,0.472553,0.527632,1
0.903588,3,0.510638,0.087426,0.552217,0.005731,0.468151,0.547368,1
0.903588,3,0.531915,0.089078,0.552068,0.005843,0.466598,0.517544,1
0.903588,3,0.553191,0.088297,0.551175,0.005779,0.474883,0.54693,1
0.903588,3,0.574468,0.097214,0.55296,0.006334,0.473071,0.643421,1
0.903588,3,0.595745,0.106671,0.549836,0.006932,0.465562,0.639035,1
0.903588,3,0.617021,0.126786,0.547456,0.008247,0.46116,0.639035,1
0.903588,3,0.638298,0.116729,0.543142,0.007592,0.44899,0.682895,1
0.903588,3,0.659574,0.095533,0.54463,0.006182,0.426981,0.673246,1
0.903588,3,0.680851,0.09238,0.542844,0.00596,0.453133,0.616228,1
0.903588,3,0.702128,0.090609,0.541654,0.005831,0.465303,0.633772,1
0.903588,3,0.723404,0.088868,0.532728,0.0058,0.480839,0.535965,1
0.903588,3,0.744681,0.087306,0.535257,0.005779,0.493268,0.554386,1
0.903588,3,0.765957,0.050709,0.553407,0.003388,0.491455,0.568421,0
0.903588,3,0.787234,0.072925,0.567391,0.004886,0.518902,0.515351,1
0.903588,3,0.808511,0.043113,0.529456,0.002912,0.494045,0.45,0
0.903588,3,0.829787,0.042963,0.486165,0.002898,0.452615,0.440351,0
0.903588,3,0.851064,0.043593,0.459685,0.002941,0.409373,0.454825,0
0.903588,3,0.87234,0.042002,0.435287,0.002844,0.373382,0.470614,0
0.903588,3,0.893617,0.037889,0.394377,0.002528,0.334801,0.482895,0
0.903588,3,0.914894,0.028402,0.367599,0.001903,0.304764,0.508333,0
0.903588,3,0.93617,0.042302,0.407319,0.002798,0.287416,0.625,0
0.903588,3,0.957447,0.043833,0.423683,0.002879,0.2768,0.610965,0
0.903588,3,0.978723,0.087937,0.436328,0.005796,0.369239,0.575877,1
0.903588,3,1.0,0.047256,0.43127,0.003143,0.362248,0.581579,0
0.903633,4,0.0,0.047526,0.418923,0.003164,0.323925,0.630702,0
0.903633,4,0.021277,0.046535,0.395567,0.003093,0.286639,0.628509,0
0.903633,4,0.042553,0.046806,0.365516,0.003126,0.329363,0.553509,0
0.903633,4,0.06383,0.043743,0.311514,0.002923,0.299327,0.588158,0
0.903633,4,0.085106,0.035367,0.260637,0.00237,0.24521,0.639474,0
0.903633,4,0.106383,0.034046,0.215858,0.00225,0.204816,0.719298,0
0.903633,4,0.12766,0.024589,0.175543,0.001612,0.160798,0.747368,0
0.903633,4,0.148936,0.023898,0.15055,0.00156,0.13361,0.785965,0
0.903633,4,0.170213,0.02648,0.141178,0.001716,0.115484,0.802193,0
0.903633,4,0.191489,0.027801,0.149658,0.001797,0.10927,0.780702,0
0.903633,4,0.212766,0.034376,0.177031,0.002216,0.122216,0.827632,0
0.903633,4,0.234043,0.033866,0.21809,0.002189,0.155101,0.752193,0
0.903633,4,0.255319,0.043173,0.299464,0.002808,0.213361,0.698246,0
0.903633,4,0.276596,0.041492,0.370872,0.002723,0.283273,0.60307,0
0.903633,4,0.297872,0.027621,0.385004,0.001834,0.317711,0.58114,0
0.903633,4,0.319149,0.043533,0.443767,0.00291,0.374935,0.482456,0
0.903633,4,0.340426,0.05257,0.482148,0.00354,0.418695,0.469737,0
0.903633,4,0.361702,0.059385,0.516513,0.003984,0.439927,0.545175,0
0.903633,4,0.382979,0.087426,0.573193,0.005791,0.454169,0.579386,1
0.903633,4,0.404255,0.087426,0.592978,0.005733,0.445883,0.614474,1
0.903633,4,0.425532,0.087426,0.582118,0.005715,0.440963,0.666228,1
0.903633,4,0.446809,0.085475,0.576614,0.005592,0.44407,0.684211,1
0.903633,4,0.468085,0.089348,0.578251,0.005783,0.44899,0.629386,1
0.903633,4,0.489362,0.087426,0.58197,0.00564,0.454169,0.632018,1
0.903633,4,0.510638,0.123454,0.579143,0.00785,0.445883,0.673246,1
0.903633,4,0.531915,0.134802,0.578697,0.008168,0.445365,0.664035,1
0.903633,4,0.553191,0.150414,0.580333,0.009884,0.451838,0.639035,1
0.903633,4,0.574468,0.150354,0.579887,0.009884,0.451838,0.652193,1
0.903633,4,0.595745,0.150414,0.580333,0.009852,0.449767,0.643421,1
0.903633,4,0.617021,0.116729,0.574085,0.007698,0.44407,0.627632,1
0.903633,4,0.638298,0.087426,0.568581,0.00576,0.442517,0.62807,1
0.903633,4,0.659574,0.087426,0.571854,0.005708,0.442258,0.661842,1
0.903633,4,0.680851,0.087426,0.565754,0.005737,0.444847,0.632456,1
0.903633,4,0.702128,0.083614,0.559952,0.005519,0.455463,0.627632,1
0.903633,4,0.723404,0.062808,0.54091,0.004188,0.468928,0.568421,0
0.903633,4,0.744681,0.046325,0.538976,0.003103,0.47566,0.534211,0
0.903633,4,0.765957,0.056023,0.564713,0.003766,0.48291,0.497807,0
0.903633,4,0.787234,0.07851,0.577804,0.005293,0.511911,0.433333,1
0.903633,4,0.808511,0.053321,0.535555,0.003625,0.501813,0.335088,0
0.903633,4,0.829787,0.042422,0.494049,0.002898,0.461419,0.357018,0
0.903633,4,0.851064,0.042843,0.461619,0.002921,0.417141,0.357456,0
0.903633,4,0.87234,0.041762,0.437816,0.002856,0.375453,0.408772,0
0.903633,4,0.893617,0.041371,0.406873,0.002808,0.346194,0.458333,0
0.903633,4,0.914894,0.04002,0.373996,0.0027,0.302952,0.462281,0
0.903633,4,0.93617,0.043563,0.41208,0.00291,0.298032,0.544737,0
0.903633,4,0.957447,0.043983,0.426361,0.002916,0.287934,0.516228,0
0.903633,4,0.978723,0.085595,0.436626,0.005698,0.375971,0.456579,1
0.903633,4,1.0,0.054702,0.435436,0.003683,0.36898,0.537719,0
0.906774,5,0.0,0.043623,0.420113,0.002933,0.329622,0.540789,0
0.906774,5,0.021277,0.042813,0.396608,0.002875,0.288452,0.522807,0
0.906774,5,0.042553,0.043533,0.359714,0.002931,0.334801,0.469737,0
0.906774,5,0.06383,0.048697,0.306903,0.003268,0.308648,0.507456,0
0.906774,5,0.085106,0.034016,0.255727,0.002291,0.257639,0.529825,0
0.906774,5,0.106383,0.031224,0.21199,0.002088,0.210513,0.604825,0
0.906774,5,0.12766,0.031134,0.178816,0.002073,0.168566,0.625439,0
0.906774,5,0.148936,0.02579,0.156799,0.00171,0.137235,0.666228,0
0.906774,5,0.170213,0.034796,0.145939,0.002295,0.115484,0.667982,0
0.906774,5,0.191489,0.030443,0.151592,0.002017,0.106163,0.677193,0
0.906774,5,0.212766,0.034316,0.181196,0.00227,0.118591,0.669737,0
0.906774,5,0.234043,0.03969,0.218834,0.002644,0.151994,0.626316,0
0.906774,5,0.255319,0.045935,0.299316,0.003089,0.221906,0.626754,0
0.906774,5,0.276596,0.049628,0.370277,0.003342,0.300363,0.548684,0
0.906774,5,0.297872,0.047136,0.382178,0.003189,0.342828,0.578509,0
0.906774,5,0.319149,0.086135,0.440345,0.005748,0.408856,0.516228,1
0.906774,5,0.340426,0.089768,0.483487,0.005912,0.461678,0.47807,1
0.906774,5,0.361702,0.090429,0.51324,0.005939,0.490937,0.425,1
0.906774,5,0.382979,0.09202,0.574829,0.006064,0.500777,0.389474,1
0.906774,5,0.404255,0.093191,0.598929,0.006232,0.508286,0.436404,1
0.906774,5,0.425532,0.093041,0.599375,0.00623,0.512429,0.454386,1
0.906774,5,0.446809,0.090549,0.593276,0.006032,0.5145,0.375,1
0.906774,5,0.468085,0.090999,0.595061,0.006026,0.515536,0.413596,1
0.906774,5,0.489362,0.132731,0.606516,0.008866,0.52175,0.441228,1
0.906774,5,0.510638,0.138015,0.611871,0.009321,0.518902,0.45,1
0.906774,5,0.531915,0.137895,0.611871,0.00931,0.522786,0.442105,1
0.906774,5,0.553191,0.150114,0.615739,0.01021,0.536251,0.392982,1
0.906774,5,0.574468,0.150624,0.623921,0.010237,0.533402,0.392105,1
0.906774,5,0.595745,0.173202,0.622583,0.011741,0.530036,0.452193,1
0.906774,5,0.617021,0.160142,0.617376,0.010931,0.527965,0.410088,1
0.906774,5,0.638298,0.19698,0.618417,0.013446,0.530036,0.412719,1
0.906774,5,0.659574,0.207788,0.622583,0.014179,0.527965,0.430263,1
0.906774,5,0.680851,0.150444,0.618863,0.01023,0.533661,0.451754,1
0.906774,5,0.702128,0.152756,0.616037,0.01037,0.546608,0.485088,1
0.906774,5,0.723404,0.137024,0.596549,0.009289,0.560849,0.485088,1
0.906774,5,0.744681,0.13216,0.596697,0.008959,0.575608,0.457456,1
0.906774,5,0.765957,0.126666,0.605772,0.008646,0.578198,0.455263,1
0.906774,5,0.787234,0.179747,0.631806,0.012237,0.570948,0.46886,1
0.906774,5,0.808511,0.084484,0.592234,0.005744,0.531072,0.507456,0
0.906774,5,0.829787,0.069503,0.553407,0.004649,0.488866,0.514912,0
0.906774,5,0.851064,0.049988,0.519042,0.003363,0.446142,0.467982,0
0.906774,5,0.87234,0.047556,0.48557,0.003205,0.410409,0.465351,0
0.906774,5,0.893617,0.043323,0.439899,0.002921,0.365355,0.452632,0
0.906774,5,0.914894,0.03993,0.393187,0.002698,0.323925,0.48114,0
0.906774,5,0.93617,0.072535,0.427105,0.004863,0.300621,0.581579,0
0.906774,5,0.957447,0.043053,0.439899,0.002906,0.295702,0.528509,0
0.906774,5,0.978723,0.068392,0.445701,0.004674,0.387882,0.448684,0
0.906774,5,1.0,0.060376,0.432907,0.004142,0.375453,0.433333,0
0.906818,6,0.0,0.05209,0.409253,0.003571,0.321336,0.462281,0
0.906818,6,0.021277,0.042993,0.382624,0.002941,0.283532,0.425877,0
0.906818,6,0.042553,0.044073,0.341714,0.003043,0.321854,0.376754,0
0.906818,6,0.06383,0.034856,0.283993,0.002393,0.296479,0.496491,0
0.906818,6,0.085106,0.029032,0.23371,0.001969,0.243397,0.545175,0
0.906818,6,0.106383,0.029602,0.19161,0.002002,0.196271,0.503509,0
0.906818,6,0.12766,0.027411,0.157989,0.001847,0.153288,0.600877,0
0.906818,6,0.148936,0.02681,0.140583,0.001791,0.124806,0.625,0
0.906818,6,0.170213,0.022217,0.131657,0.001475,0.105386,0.676754,0
0.906818,6,0.191489,0.021556,0.138203,0.001421,0.100725,0.697368,0
0.906818,6,0.212766,0.027351,0.165278,0.001811,0.112636,0.650877,0
0.906818,6,0.234043,0.030803,0.201131,0.002069,0.14552,0.599123,0
0.906818,6,0.255319,0.044164,0.2831,0.002979,0.215432,0.572368,0
0.906818,6,0.276596,0.044013,0.3554,0.002991,0.285862,0.486842,0
0.906818,6,0.297872,0.017834,0.371764,0.002048,0.328845,0.42807,0
0.906818,6,0.319149,0.042542,0.434692,0.002906,0.391248,0.43114,0
0.906818,6,0.340426,0.061096,0.485867,0.004155,0.438892,0.449123,0
0.906818,6,0.361702,0.083854,0.524695,0.00564,0.472553,0.478947,0
0.906818,6,0.382979,0.086826,0.585242,0.005825,0.484982,0.451316,1
0.906818,6,0.404255,0.087997,0.606367,0.005816,0.481098,0.500439,1
0.906818,6,0.425532,0.152546,0.604731,0.010241,0.479285,0.420614,1
0.906818,6,0.446809,0.152756,0.60607,0.01032,0.48058,0.454825,1
0.906818,6,0.468085,0.135853,0.611871,0.00919,0.484723,0.442544,1
0.906818,6,0.489362,0.150114,0.618863,0.010195,0.488089,0.435526,1
0.906818,6,0.510638,0.150114,0.615888,0.010185,0.480321,0.496491,1
0.906818,6,0.531915,0.162093,0.616483,0.010999,0.460124,0.543421,1
0.906818,6,0.553191,0.154377,0.60964,0.010559,0.470999,0.507018,1
0.906818,6,0.574468,0.160802,0.601012,0.010999,0.462714,0.486404,1
0.906818,6,0.595745,0.166747,0.59521,0.011479,0.455205,0.550439,1
0.906818,6,0.617021,0.156029,0.588069,0.01053,0.447954,0.619737,1
0.906818,6,0.638298,0.146421,0.580036,0.009609,0.440445,0.592982,1
0.906818,6,0.659574,0.084574,0.574085,0.005621,0.437079,0.63114,0
0.906818,6,0.680851,0.149814,0.56873,0.009944,0.44174,0.604386,1
0.906818,6,0.702128,0.067792,0.565457,0.00452,0.450803,0.572807,0
0.906818,6,0.723404,0.072295,0.545076,0.004807,0.477214,0.559649,0
0.906818,6,0.744681,0.067882,0.540018,0.004522,0.486794,0.529825,0
0.906818,6,0.765957,0.075477,0.553258,0.005037,0.498964,0.538158,0
0.906818,6,0.787234,0.076078,0.559506,0.005073,0.520715,0.489035,0
0.906818,6,0.808511,0.044674,0.52172,0.002995,0.494562,0.431579,0
0.906818,6,0.829787,0.042903,0.480363,0.002902,0.455722,0.427632,0
0.906818,6,0.851064,0.042002,0.452693,0.002846,0.413775,0.448684,0
0.906818,6,0.87234,0.042092,0.427105,0.002848,0.386328,0.474123,0
0.906818,6,0.893617,0.041011,0.389319,0.002757,0.33739,0.536842,0
0.906818,6,0.914894,0.035127,0.350491,0.002345,0.298032,0.585965,0
0.906818,6,0.93617,0.059535,0.401071,0.004111,0.286639,0.575,0
0.906818,6,0.957447,0.042392,0.422196,0.002885,0.279389,0.482456,0
0.906818,6,0.978723,0.075147,0.444213,0.005141,0.381668,0.491228,0
0.906818,6,1.0,0.060706,0.428741,0.004111,0.378301,0.50614,0
0.906863,7,0.0,0.051459,0.395716,0.003149,0.33972,0.50307,0
0.906863,7,0.021277,0.050588,0.382624,0.00333,0.296996,0.497368,0
0.906863,7,0.042553,0.044254,0.342011,0.003022,0.333506,0.445614,0
0.906863,7,0.06383,0.041071,0.283993,0.002796,0.295702,0.525439,0
0.906863,7,0.085106,0.03915,0.229694,0.002715,0.247022,0.565789,0
0.906863,7,0.106383,0.031344,0.178965,0.002108,0.205852,0.592982,0
0.906863,7,0.12766,0.029302,0.141773,0.001951,0.154583,0.692544,0
0.906863,7,0.148936,0.023898,0.121095,0.001548,0.124288,0.726316,0
0.906863,7,0.170213,0.025609,0.101904,0.00167,0.096323,0.744737,0
0.906863,7,0.191489,0.024078,0.100863,0.001564,0.079492,0.75,0
0.906863,7,0.212766,0.024619,0.10726,0.001597,0.075091,0.780263,0
0.906863,7,0.234043,0.02633,0.117078,0.001708,0.083635,0.775439,0
0.906863,7,0.255319,0.027321,0.152336,0.001774,0.107198,0.746053,0
0.906863,7,0.276596,0.030924,0.194734,0.001924,0.136199,0.702193,0
0.906863,7,0.297872,0.031824,0.230735,0.002077,0.154324,0.716228,0
0.906863,7,0.319149,0.040711,0.287266,0.00269,0.192905,0.675,0
0.906863,7,0.340426,0.043293,0.332937,0.002856,0.227861,0.664912,0
0.906863,7,0.361702,0.044374,0.364772,0.002946,0.256085,0.638158,0
0.906863,7,0.382979,0.060196,0.409402,0.004128,0.280684,0.630263,0
0.906863,7,0.404255,0.058214,0.418179,0.003866,0.280425,0.651316,0
0.906863,7,0.425532,0.049778,0.405832,0.00329,0.277317,0.642105,0
0.906863,7,0.446809,0.045575,0.398988,0.003078,0.26696,0.681579,0
0.906863,7,0.468085,0.048097,0.391401,0.003162,0.258415,0.710526,0
0.906863,7,0.489362,0.047256,0.386343,0.003168,0.257639,0.709211,0
0.906863,7,0.510638,0.044824,0.384261,0.002941,0.247799,0.704386,0
0.906863,7,0.531915,0.040261,0.376079,0.002605,0.234076,0.689912,0
0.906863,7,0.553191,0.037348,0.369384,0.002445,0.220611,0.689474,0
0.906863,7,0.574468,0.041011,0.363285,0.002686,0.214138,0.667544,0
0.906863,7,0.595745,0.041431,0.362987,0.002719,0.204298,0.679386,0
0.906863,7,0.617021,0.03978,0.359863,0.002601,0.193682,0.698246,0
0.906863,7,0.638298,0.037769,0.35421,0.00247,0.188762,0.727632,0
0.906863,7,0.659574,0.038489,0.354954,0.002516,0.193941,0.678509,0
0.906863,7,0.680851,0.037258,0.352574,0.002445,0.203521,0.689912,0
0.906863,7,0.702128,0.033265,0.358673,0.002183,0.224236,0.648684,0
0.906863,7,0.723404,0.037378,0.34945,0.002455,0.251683,0.593421,0
0.906863,7,0.744681,0.042242,0.36864,0.002819,0.285603,0.564912,0
0.906863,7,0.765957,0.062628,0.424874,0.004148,0.338167,0.532895,1
0.906863,7,0.787234,0.075447,0.453585,0.005021,0.396168,0.535526,1
0.906863,7,0.808511,0.071574,0.431122,0.004578,0.397721,0.502632,1
0.906863,7,0.829787,0.048097,0.396608,0.003336,0.36898,0.522368,1
0.906863,7,0.851064,0.047166,0.374442,0.003008,0.341533,0.538158,1
0.906863,7,0.87234,0.042392,0.347218,0.002829,0.313827,0.527632,0
0.906863,7,0.893617,0.040291,0.326391,0.002686,0.28405,0.568421,0
0.906863,7,0.914894,0.035577,0.30482,0.00236,0.261781,0.58114,0
0.906863,7,0.93617,0.043623,0.329961,0.002898,0.255567,0.566667,1
0.906863,7,0.957447,0.041702,0.334871,0.0028,0.258415,0.506579,0
0.906863,7,0.978723,0.070373,0.339929,0.004967,0.357069,0.428509,1
0.906863,7,1.0,0.045064,0.308093,0.003054,0.352926,0.448684,1
0.906907,1,0.0,0.041281,0.28429,0.002796,0.313827,0.465789,0
0.906907,1,0.021277,0.037529,0.238024,0.00252,0.268255,0.514912,0
0.906907,1,0.042553,0.041011,0.206932,0.002767,0.31564,0.453947,0
0.906907,1,0.06383,0.031464,0.173609,0.002221,0.283532,0.498246,0
0.906907,1,0.085106,0.027981,0.135525,0.001847,0.233299,0.555263,0
0.906907,1,0.106383,0.0266,0.110235,0.001716,0.185137,0.592544,0
0.906907,1,0.12766,0.024859,0.08554,0.001643,0.144226,0.640789,0
0.906907,1,0.148936,0.021436,0.072151,0.001342,0.109529,0.668421,0
0.906907,1,0.170213,0.021496,0.067539,0.001359,0.081823,0.685526,0
0.906907,1,0.191489,0.022097,0.068432,0.001381,0.063956,0.693421,0
0.906907,1,0.212766,0.021857,0.070663,0.001394,0.048679,0.699561,0
0.906907,1,0.234043,0.020265,0.07349,0.001327,0.045054,0.692982,0
0.906907,1,0.255319,0.023718,0.098631,0.001554,0.045054,0.699561,0
0.906907,1,0.276596,0.024859,0.126748,0.001629,0.066028,0.694737,0
0.906907,1,0.297872,0.022847,0.158286,0.001483,0.06784,0.761842,0
0.906907,1,0.319149,0.027051,0.201577,0.001743,0.103573,0.698684,0
0.906907,1,0.340426,0.029542,0.242785,0.001888,0.146556,0.630263,0
0.906907,1,0.361702,0.029602,0.277893,0.001965,0.184878,0.567544,0
0.906907,1,0.382979,0.030984,0.317316,0.002173,0.204557,0.584211,0
0.906907,1,0.404255,0.034106,0.331449,0.002273,0.217245,0.56886,0
0.906907,1,0.425532,0.032725,0.329961,0.002183,0.227343,0.575439,0
0.906907,1,0.446809,0.031524,0.321184,0.00214,0.2232,0.561842,0
0.906907,1,0.468085,0.030623,0.311812,0.00204,0.223459,0.567544,0
0.906907,1,0.489362,0.030773,0.310176,0.002044,0.225531,0.571053,0
0.906907,1,0.510638,0.030173,0.301696,0.002019,0.223718,0.572368,0
0.906907,1,0.531915,0.029873,0.29396,0.001988,0.210772,0.585088,0
0.906907,1,0.553191,0.031764,0.284142,0.00211,0.205852,0.585088,0
0.906907,1,0.574468,0.029753,0.26867,0.001978,0.190575,0.569298,0
0.906907,1,0.595745,0.027981,0.262273,0.001861,0.177369,0.617544,0
0.906907,1,0.617021,0.027111,0.255876,0.001795,0.170637,0.659649,0
0.906907,1,0.638298,0.027171,0.249926,0.001791,0.166494,0.648246,0
0.906907,1,0.659574,0.027471,0.247099,0.001803,0.166753,0.624123,0
0.906907,1,0.680851,0.027231,0.236239,0.001805,0.175298,0.583772,0
0.906907,1,0.702128,0.028221,0.246504,0.001884,0.200932,0.529825,0
0.906907,1,0.723404,0.028011,0.243082,0.001882,0.230968,0.503509,0
0.906907,1,0.744681,0.034316,0.281018,0.002368,0.283532,0.507456,0
0.906907,1,0.765957,0.042122,0.332639,0.002927,0.343604,0.455263,1
0.906907,1,0.787234,0.056203,0.367301,0.004123,0.431901,0.398246,1
0.906907,1,0.808511,0.044284,0.346772,0.003043,0.453392,0.340351,1
0.906907,1,0.829787,0.048487,0.327284,0.003334,0.438374,0.363596,1
0.906907,1,0.851064,0.041221,0.311812,0.002987,0.412998,0.357018,1
0.906907,1,0.87234,0.03987,0.297679,0.002655,0.386069,0.398684,1
0.906907,1,0.893617,0.032605,0.270604,0.002223,0.342569,0.429825,0
0.906907,1,0.914894,0.030533,0.246653,0.002063,0.298032,0.450877,0
0.906907,1,0.93617,0.036508,0.279976,0.002362,0.270844,0.498246,1
0.906907,1,0.957447,0.030173,0.285778,0.002036,0.254272,0.476316,0
0.906907,1,0.978723,0.042843,0.293216,0.002973,0.328586,0.403509,1
0.906907,1,1.0,0.034346,0.26748,0.00221,0.317452,0.409211,1
0.906951,2,0.0,0.028251,0.248884,0.001899,0.284568,0.410088,0
0.906951,2,0.021277,0.027861,0.221809,0.001853,0.260746,0.424123,0
0.906951,2,0.042553,0.029693,0.188039,0.002032,0.317193,0.358333,0
0.906951,2,0.06383,0.029753,0.164534,0.002117,0.292077,0.402632,0
0.906951,2,0.085106,0.027081,0.131806,0.001822,0.25738,0.45307,0
0.906951,2,0.106383,0.02615,0.102499,0.001741,0.216727,0.513596,0
0.906951,2,0.12766,0.024499,0.079887,0.001649,0.177628,0.521491,0
0.906951,2,0.148936,0.022727,0.068878,0.001525,0.143967,0.581579,0
0.906951,2,0.170213,0.025489,0.057126,0.00168,0.124806,0.582895,0
0.906951,2,0.191489,0.023838,0.064267,0.001595,0.115484,0.594298,0
0.906951,2,0.212766,0.025219,0.073193,0.001606,0.128431,0.575877,0
0.906951,2,0.234043,0.025579,0.072597,0.001745,0.161056,0.482895,0
0.906951,2,0.255319,0.033956,0.109491,0.002401,0.240808,0.460965,1
0.906951,2,0.276596,0.041942,0.144451,0.002948,0.352926,0.353947,1
0.906951,2,0.297872,0.035817,0.164237,0.002536,0.421802,0.258333,1
0.906951,2,0.319149,0.044194,0.207081,0.003149,0.493268,0.205702,1
0.906951,2,0.340426,0.049207,0.255132,0.003538,0.523822,0.219737,1
0.906951,2,0.361702,0.042452,0.278935,0.002979,0.515018,0.220614,1
0.906951,2,0.382979,0.046505,0.334424,0.003469,0.516313,0.237719,1
0.906951,2,0.404255,0.043293,0.35659,0.003045,0.507509,0.247807,1
0.906951,2,0.425532,0.042963,0.355103,0.003012,0.494303,0.25307,1
0.906951,2,0.446809,0.043203,0.35064,0.003018,0.489902,0.229825,1
0.906951,2,0.468085,0.042452,0.34454,0.002958,0.478767,0.282456,1
0.906951,2,0.489362,0.043023,0.340226,0.002987,0.475401,0.267982,1
0.906951,2,0.510638,0.043353,0.335614,0.003008,0.46349,0.317982,1
0.906951,2,0.531915,0.043953,0.322821,0.003039,0.451579,0.314474,1
0.906951,2,0.553191,0.043473,0.313597,0.00301,0.456758,0.305263,1
0.906951,2,0.574468,0.043233,0.305713,0.003012,0.454687,0.292982,1
0.906951,2,0.595745,0.043563,0.297233,0.003022,0.444329,0.318421,1
0.906951,2,0.617021,0.042242,0.287861,0.002927,0.434231,0.283333,1
0.906951,2,0.638298,0.042542,0.285034,0.002948,0.430606,0.325877,1
0.906951,2,0.659574,0.042933,0.285778,0.002966,0.441999,0.305702,1
0.906951,2,0.680851,0.047166,0.286224,0.003278,0.472553,0.240351,1
0.906951,2,0.702128,0.062387,0.307647,0.00436,0.512429,0.257456,1
0.906951,2,0.723404,0.06602,0.325796,0.004639,0.56551,0.239474,1
0.906951,2,0.744681,0.085715,0.368492,0.006032,0.621958,0.209649,1
0.906951,2,0.765957,0.09241,0.418477,0.006473,0.660539,0.114912,1
0.906951,2,0.787234,0.09229,0.438709,0.006518,0.67245,0.152632,1
0.906951,2,0.808511,0.085985,0.407319,0.006059,0.646556,0.197368,1
0.906951,2,0.829787,0.076618,0.377715,0.005407,0.60668,0.2,1
0.906951,2,0.851064,0.05209,0.355549,0.00365,0.560073,0.27807,1
0.906951,2,0.87234,0.043023,0.335466,0.003078,0.510875,0.295614,0
0.906951,2,0.893617,0.041041,0.313895,0.00284,0.453651,0.309649,0
0.906951,2,0.914894,0.032275,0.286224,0.002225,0.404195,0.397368,0
0.906951,2,0.93617,0.037889,0.315829,0.002586,0.362248,0.433333,0
0.906951,2,0.957447,0.035007,0.325052,0.002383,0.327033,0.425439,0
0.906951,2,0.978723,0.068362,0.34454,0.004639,0.424133,0.457018,1
0.906951,2,1.0,0.046205,0.340821,0.003118,0.4174,0.482018,1
0.906995,3,0.0,0.042963,0.326837,0.002914,0.376489,0.394737,0
0.906995,3,0.021277,0.038519,0.308837,0.002628,0.342828,0.386842,0
0.906995,3,0.042553,0.049478,0.280125,0.003382,0.400311,0.351316,1
0.906995,3,0.06383,0.038099,0.241892,0.002607,0.37131,0.325,0
0.906995,3,0.085106,0.036358,0.20485,0.002486,0.320818,0.432018,0
0.906995,3,0.106383,0.038099,0.169741,0.002561,0.273175,0.475,0
0.906995,3,0.12766,0.033025,0.142666,0.002219,0.227602,0.492105,0
0.906995,3,0.148936,0.027711,0.123475,0.001861,0.190057,0.508333,0
0.906995,3,0.170213,0.0396,0.12169,0.002636,0.16753,0.587719,0
0.906995,3,0.191489,0.031644,0.129426,0.002108,0.161056,0.601754,0
0.906995,3,0.212766,0.034316,0.152484,0.002289,0.176075,0.567982,0
0.906995,3,0.234043,0.042602,0.195478,0.002854,0.216209,0.540789,0
0.906995,3,0.255319,0.047346,0.277447,0.003216,0.308907,0.529825,1
0.906995,3,0.276596,0.061547,0.344392,0.004225,0.416882,0.341667,1
0.906995,3,0.297872,0.066921,0.357185,0.005079,0.480321,0.345614,1
0.906995,3,0.319149,0.086165,0.422493,0.006186,0.549456,0.349123,1
0.906995,3,0.340426,0.089168,0.462511,0.006219,0.579492,0.303509,1
0.906995,3,0.361702,0.090128,0.496727,0.006186,0.578457,0.276316,1
0.906995,3,0.382979,0.142909,0.555489,0.009846,0.590627,0.324561,1
0.906995,3,0.404255,0.174493,0.572746,0.012023,0.577162,0.340789,1
0.906995,3,0.425532,0.163024,0.56382,0.011225,0.577421,0.312719,1
0.906995,3,0.446809,0.139756,0.548646,0.00962,0.581564,0.333333,1
0.906995,3,0.468085,0.101507,0.545076,0.006957,0.584153,0.34693,1
0.906995,3,0.489362,0.090699,0.541208,0.006155,0.583376,0.311842,1
0.906995,3,0.510638,0.098985,0.542844,0.00672,0.588814,0.324561,1
0.906995,3,0.531915,0.089288,0.533026,0.006012,0.585966,0.315351,1
0.906995,3,0.553191,0.088807,0.517406,0.005989,0.595287,0.342105,1
0.906995,3,0.574468,0.079801,0.501041,0.005399,0.595805,0.270614,1
0.906995,3,0.595745,0.070794,0.489884,0.004809,0.589332,0.269737,1
0.906995,3,0.617021,0.063528,0.481404,0.004348,0.572501,0.378947,0
0.906995,3,0.638298,0.042272,0.471437,0.002892,0.549456,0.403947,0
0.906995,3,0.659574,0.053321,0.469206,0.003652,0.56784,0.335088,0
0.906995,3,0.680851,0.041401,0.471586,0.002875,0.602538,0.253509,0
0.906995,3,0.702128,0.074817,0.479173,0.005129,0.649404,0.20614,1
0.906995,3,0.723404,0.058905,0.48676,0.341808,0.699637,0.186404,0
0.906995,3,0.744681,0.057614,0.510562,0.011223,0.755567,0.210526,0
0.906995,3,0.765957,0.058514,0.523207,0.358386,0.793889,0.212281,0
0.906995,3,0.787234,0.089678,0.55058,0.006136,0.839461,0.047807,1
0.906995,3,0.808511,0.089738,0.517852,0.006153,0.834801,0.066667,1
0.906995,3,0.829787,0.07905,0.489289,0.005459,0.797773,0.092544,1
0.906995,3,0.851064,0.053921,0.463999,0.003762,0.755567,0.066228,0
0.906995,3,0.87234,0.059175,0.438114,0.004128,0.713102,0.142982,0
0.906995,3,0.893617,0.051399,0.404939,0.00356,0.657949,0.165789,0
0.906995,3,0.914894,0.042092,0.372806,0.002929,0.601243,0.185965,0
0.906995,3,0.93617,0.125015,0.419369,0.008631,0.534697,0.285088,1
0.906995,3,0.957447,0.043203,0.43975,0.002997,0.478767,0.299123,0
0.906995,3,0.978723,0.087486,0.451651,0.006055,0.544278,0.307456,1
0.906995,3,1.0,0.072805,0.449717,0.005002,0.525634,0.341228,1
0.90704,4,0.0,0.062477,0.436924,0.004265,0.485241,0.378947,0
0.90704,4,0.021277,0.048817,0.411931,0.003328,0.447695,0.35,0
0.90704,4,0.042553,0.058004,0.3795,0.003976,0.49508,0.262719,0
0.90704,4,0.06383,0.042482,0.324308,0.002927,0.469964,0.267544,0
0.90704,4,0.085106,0.044464,0.273282,0.003047,0.414293,0.354386,0
0.90704,4,0.106383,0.041431,0.229098,0.002827,0.366649,0.42807,0
0.90704,4,0.12766,0.040951,0.188783,0.002763,0.323666,0.480702,0
0.90704,4,0.148936,0.037919,0.171675,0.002547,0.291041,0.520175,0
0.90704,4,0.170213,0.036958,0.162005,0.00247,0.257897,0.568421,0
0.90704,4,0.191489,0.034346,0.164832,0.002291,0.256603,0.601754,0
0.90704,4,0.212766,0.038789,0.195775,0.002584,0.268255,0.581579,0
0.90704,4,0.234043,0.041642,0.239512,0.002792,0.318488,0.531579,0
0.90704,4,0.255319,0.06575,0.323713,0.004483,0.424133,0.444737,0
0.90704,4,0.276596,0.07878,0.388277,0.005409,0.555412,0.342544,1
0.90704,4,0.297872,0.031794,0.387682,0.002212,0.639047,0.196053,0
0.90704,4,0.319149,0.06641,0.441386,0.004634,0.739254,0.176316,0
0.90704,4,0.340426,0.088417,0.47114,0.00613,0.778871,0.175439,1
0.90704,4,0.361702,0.086466,0.486909,0.005976,0.773951,0.201754,1
0.90704,4,0.382979,0.115798,0.537935,0.008014,0.7768,0.200439,1
0.90704,4,0.404255,0.091389,0.549836,0.006321,0.768255,0.221491,1
0.90704,4,0.425532,0.084875,0.531985,0.005881,0.75479,0.247368,1
0.90704,4,0.446809,0.061367,0.507587,0.004225,0.720352,0.232895,0
0.90704,4,0.468085,0.082593,0.502231,0.005679,0.718022,0.285088,1
0.90704,4,0.489362,0.085055,0.5,0.00581,0.716986,0.294737,1
0.90704,4,0.510638,0.053381,0.482594,0.003658,0.695236,0.260965,0
0.90704,4,0.531915,0.046896,0.470098,0.003228,0.671414,0.226316,0
0.90704,4,0.553191,0.070373,0.47114,0.004834,0.688503,0.274561,1
0.90704,4,0.574468,0.070223,0.465486,0.004823,0.701191,0.243421,1
0.90704,4,0.595745,0.068002,0.46623,0.004661,0.693682,0.251754,1
0.90704,4,0.617021,0.072415,0.46385,0.00495,0.681771,0.266228,1
0.90704,4,0.638298,0.075147,0.457453,0.005135,0.676075,0.272368,1
0.90704,4,0.659574,0.076948,0.462511,0.005249,0.677628,0.244737,1
0.90704,4,0.680851,0.047676,0.463999,0.003288,0.702486,0.198684,0
0.90704,4,0.702128,0.075477,0.47947,0.005245,0.743915,0.187719,1
0.90704,4,0.723404,0.084214,0.497471,0.005872,0.794925,0.132018,1
0.90704,4,0.744681,0.083313,0.533472,0.005806,0.847229,0.124561,1
0.90704,4,0.765957,0.086946,0.573341,0.005974,0.875712,0.151754,1
0.90704,4,0.787234,0.124475,0.602202,0.008594,0.91507,0.104386,1
0.90704,4,0.808511,0.102408,0.575424,0.007094,0.906266,0.126316,1
0.90704,4,0.829787,0.093161,0.540315,0.00645,0.874935,0.126754,1
0.90704,4,0.851064,0.090879,0.518596,0.0063,0.828068,0.116667,1
0.90704,4,0.87234,0.112946,0.498215,0.007796,0.781978,0.198684,1
0.90704,4,0.893617,0.125105,0.461619,0.008604,0.731745,0.208772,1
0.90704,4,0.914894,0.082623,0.426659,0.0057,0.661056,0.270175,1
0.90704,4,0.93617,0.074607,0.464743,0.00511,0.597359,0.380702,1
0.90704,4,0.957447,0.072145,0.473966,0.004933,0.537804,0.309211,1
0.90704,4,0.978723,0.098325,0.489586,0.006764,0.596841,0.36886,1
0.90704,4,1.0,0.076648,0.486462,0.005197,0.563439,0.419298,1
0.907084,5,0.0,0.073766,0.467272,0.004954,0.513465,0.446053,1
0.907084,5,0.021277,0.071785,0.450164,0.004763,0.472035,0.475877,1
0.907084,5,0.042553,0.072685,0.412229,0.004863,0.525117,0.390351,1
0.907084,5,0.06383,0.064939,0.362541,0.00436,0.491973,0.474561,0
0.907084,5,0.085106,0.062628,0.310919,0.004196,0.445106,0.511404,0
0.907084,5,0.106383,0.044734,0.259893,0.003004,0.389436,0.521491,0
0.907084,5,0.12766,0.043803,0.221214,0.002931,0.343345,0.551754,0
0.907084,5,0.148936,0.043263,0.196519,0.002896,0.306059,0.522368,0
0.907084,5,0.170213,0.043563,0.180899,0.002912,0.275505,0.6,0
0.907084,5,0.191489,0.044104,0.188188,0.002921,0.267219,0.608333,0
0.907084,5,0.212766,0.044644,0.218834,0.002968,0.284309,0.592544,0
0.907084,5,0.234043,0.046595,0.261381,0.003116,0.328586,0.603509,0
0.907084,5,0.255319,0.067431,0.357929,0.004553,0.440186,0.477632,0
0.907084,5,0.276596,0.087847,0.425617,0.005926,0.554117,0.421491,1
0.907084,5,0.297872,0.059025,0.418179,0.004073,0.629467,0.286842,0
0.907084,5,0.319149,0.06635,0.466825,0.004591,0.716468,0.240351,0
0.907084,5,0.340426,0.087967,0.499405,0.006045,0.748835,0.257895,1
0.907084,5,0.361702,0.088207,0.513984,0.006074,0.737183,0.208772,1
0.907084,5,0.382979,0.087757,0.551324,0.006045,0.735629,0.248246,1
0.907084,5,0.404255,0.087637,0.56144,0.006026,0.724236,0.257018,1
0.907084,5,0.425532,0.086075,0.541059,0.005941,0.717504,0.257018,1
0.907084,5,0.446809,0.070043,0.520083,0.00485,0.711548,0.206579,0
0.907084,5,0.468085,0.05296,0.508182,0.0037,0.705334,0.213158,0
0.907084,5,0.489362,0.080371,0.497917,0.005575,0.703263,0.27807,1
0.907084,5,0.510638,0.070253,0.489735,0.004836,0.685655,0.265351,0
0.907084,5,0.531915,0.087547,0.48319,0.005966,0.679441,0.301316,1
0.907084,5,0.553191,0.088267,0.476941,0.005955,0.685914,0.341228,1
0.907084,5,0.574468,0.088357,0.469354,0.005947,0.6797,0.360965,1
0.907084,5,0.595745,0.091299,0.464594,0.00614,0.669083,0.359649,1
0.907084,5,0.617021,0.088868,0.459387,0.005958,0.669601,0.412719,1
0.907084,5,0.638298,0.07842,0.451503,0.005262,0.612895,0.365789,1
0.907084,5,0.659574,0.06593,0.448527,0.00447,0.646556,0.296053,0
0.907084,5,0.680851,0.049267,0.455668,0.003407,0.650181,0.297368,0
0.907084,5,0.702128,0.076979,0.474412,0.005297,0.674262,0.280263,1
0.907084,5,0.723404,0.091149,0.493603,0.00625,0.705593,0.297368,1
0.907084,5,0.744681,0.096944,0.543291,0.006633,0.747799,0.254825,1
0.907084,5,0.765957,0.127987,0.596697,0.008758,0.776541,0.271491,1
0.907084,5,0.787234,0.187102,0.611425,0.01281,0.816157,0.237281,1
0.907084,5,0.808511,0.109253,0.585838,0.007526,0.814863,0.193421,1
0.907084,5,0.829787,0.093071,0.552663,0.006415,0.787157,0.205702,1
0.907084,5,0.851064,0.107482,0.533472,0.007312,0.755826,0.312281,1
0.907084,5,0.87234,0.108563,0.50967,0.00737,0.710513,0.308772,1
0.907084,5,0.893617,0.071815,0.466677,0.004888,0.665717,0.297368,0
0.907084,5,0.914894,0.069953,0.423386,0.004782,0.609529,0.289912,0
0.907084,5,0.93617,0.074997,0.470693,0.005154,0.548679,0.435965,0
0.907084,5,0.957447,0.05233,0.477685,0.003627,0.49508,0.315789,0
0.907084,5,0.978723,0.095803,0.486314,0.006687,0.564992,0.358333,1
0.907084,5,1.0,0.097154,0.482297,0.00667,0.534438,0.451316,1
0.907128,6,0.0,0.088777,0.464743,0.005995,0.49275,0.507456,1
0.907128,6,0.021277,0.077819,0.440791,0.005243,0.459347,0.512719,0
0.907128,6,0.042553,0.084274,0.40717,0.005696,0.514241,0.486404,1
0.907128,6,0.06383,0.075778,0.355549,0.005108,0.477473,0.523684,0
0.907128,6,0.085106,0.067371,0.298572,0.004495,0.427499,0.570175,0
0.907128,6,0.106383,0.046565,0.251711,0.003114,0.374158,0.500439,0
0.907128,6,0.12766,0.044434,0.209759,0.002985,0.326774,0.521491,0
0.907128,6,0.148936,0.044584,0.1867,0.002991,0.29855,0.523246,0
0.907128,6,0.170213,0.049478,0.172716,0.003284,0.277576,0.636404,0
0.907128,6,0.191489,0.042933,0.170039,0.00284,0.263335,0.645614,0
0.907128,6,0.212766,0.046145,0.195031,0.003058,0.276023,0.660965,0
0.907128,6,0.234043,0.045455,0.238024,0.003039,0.307613,0.587281,0
0.907128,6,0.255319,0.056323,0.326986,0.003814,0.396686,0.532018,0
0.907128,6,0.276596,0.074937,0.398542,0.005091,0.490678,0.48114,0
0.907128,6,0.297872,0.07893,0.394674,0.005376,0.566287,0.399561,1
0.907128,6,0.319149,0.090459,0.448676,0.006132,0.646556,0.352632,1
0.907128,6,0.340426,0.13135,0.465784,0.008943,0.691611,0.289035,1
0.907128,6,0.361702,0.11901,0.493157,0.008176,0.685914,0.307456,1
0.907128,6,0.382979,0.152456,0.536447,0.010453,0.695495,0.300439,1
0.907128,6,0.404255,0.150054,0.549985,0.01026,0.677887,0.324123,1
0.907128,6,0.425532,0.132941,0.535406,0.009067,0.670119,0.382895,1
0.907128,6,0.446809,0.100516,0.516067,0.006834,0.663905,0.389474,1
0.907128,6,0.468085,0.096343,0.504314,0.006529,0.652771,0.390789,1
0.907128,6,0.489362,0.095292,0.496281,0.00645,0.649404,0.400877,1
0.907128,6,0.510638,0.091329,0.489884,0.006186,0.632833,0.414912,1
0.907128,6,0.531915,0.09178,0.491223,0.006186,0.606939,0.491667,1
0.907128,6,0.553191,0.097274,0.487057,0.006577,0.608234,0.496491,1
0.907128,6,0.574468,0.091089,0.4759,0.006186,0.627654,0.398246,1
0.907128,6,0.595745,0.090639,0.467123,0.006059,0.611859,0.483333,1
0.907128,6,0.617021,0.089138,0.463255,0.005937,0.601761,0.484211,1
0.907128,6,0.638298,0.088297,0.463255,0.005858,0.573796,0.54693,1
0.907128,6,0.659574,0.087667,0.463701,0.005847,0.572242,0.567982,1
0.907128,6,0.680851,0.087426,0.4759,0.005841,0.57768,0.551316,0
0.907128,6,0.702128,0.089138,0.495983,0.005908,0.597877,0.52193,1
0.907128,6,0.723404,0.089318,0.510414,0.005901,0.624288,0.459211,1
0.907128,6,0.744681,0.090279,0.545968,0.005949,0.656655,0.49386,1
0.907128,6,0.765957,0.090038,0.566052,0.005901,0.678405,0.403509,1
0.907128,6,0.787234,0.094872,0.573788,0.006346,0.71854,0.344298,1
0.907128,6,0.808511,0.090729,0.54091,0.00613,0.732522,0.27807,1
0.907128,6,0.829787,0.090189,0.510562,0.006076,0.707923,0.326754,1
0.907128,6,0.851064,0.089138,0.488545,0.006001,0.679959,0.371053,1
0.907128,6,0.87234,0.088117,0.468908,0.005964,0.652512,0.422368,1
0.907128,6,0.893617,0.081782,0.440048,0.005544,0.599171,0.457895,0
0.907128,6,0.914894,0.053951,0.407766,0.003702,0.554635,0.414474,0
0.907128,6,0.93617,0.075447,0.460131,0.005158,0.535474,0.433772,0
0.907128,6,0.957447,0.075237,0.481702,0.005137,0.5,0.472368,0
0.907128,6,0.978723,0.081992,0.490777,0.005642,0.582859,0.396491,0
0.907128,6,1.0,0.07845,0.479173,0.005336,0.555412,0.432456,0
0.907172,7,0.0,0.077489,0.446593,0.005212,0.516313,0.460526,0
0.907172,7,0.021277,0.076588,0.436626,0.005093,0.46608,0.489474,0
0.907172,7,0.042553,0.081302,0.397054,0.005436,0.508545,0.469298,0
0.907172,7,0.06383,0.075477,0.343648,0.005021,0.473589,0.575,0
0.907172,7,0.085106,0.071845,0.284737,0.004744,0.425686,0.663158,0
0.907172,7,0.106383,0.055542,0.235198,0.003621,0.373382,0.740789,0
0.907172,7,0.12766,0.049418,0.188783,0.003195,0.329622,0.701754,0
0.907172,7,0.148936,0.043383,0.160666,0.002833,0.28638,0.677193,0
0.907172,7,0.170213,0.032305,0.137757,0.002119,0.247799,0.665351,0
0.907172,7,0.191489,0.027681,0.128831,0.00182,0.222165,0.676754,0
0.907172,7,0.212766,0.031224,0.137905,0.002052,0.228379,0.676316,0
0.907172,7,0.234043,0.031524,0.147426,0.002075,0.232522,0.686404,0
0.907172,7,0.255319,0.040411,0.187295,0.002659,0.256862,0.692544,0
0.907172,7,0.276596,0.043203,0.228652,0.002842,0.292077,0.682018,0
0.907172,7,0.297872,0.038009,0.276703,0.002516,0.303988,0.712281,0
0.907172,7,0.319149,0.070614,0.343201,0.004601,0.359658,0.655263,0
0.907172,7,0.340426,0.082413,0.401964,0.00539,0.414811,0.654825,1
0.907172,7,0.361702,0.096493,0.44213,0.0063,0.44174,0.676316,1
0.907172,7,0.382979,0.102198,0.486314,0.006685,0.473848,0.622807,1
0.907172,7,0.404255,0.103939,0.495388,0.006761,0.462714,0.605263,1
0.907172,7,0.425532,0.103429,0.477834,0.006757,0.457535,0.614912,1
0.907172,7,0.446809,0.103669,0.466974,0.006755,0.452615,0.622368,1
0.907172,7,0.468085,0.103579,0.447486,0.006745,0.433195,0.637719,1
0.907172,7,0.489362,0.102978,0.436626,0.006712,0.427758,0.664474,1
0.907172,7,0.510638,0.101447,0.417882,0.006624,0.405748,0.650439,1
0.907172,7,0.531915,0.096043,0.396162,0.006265,0.392543,0.662719,1
0.907172,7,0.553191,0.091269,0.376525,0.005939,0.389694,0.669737,1
0.907172,7,0.574468,0.085505,0.360904,0.005552,0.366649,0.704825,1
0.907172,7,0.595745,0.077039,0.351235,0.00499,0.352926,0.714035,0
0.907172,7,0.617021,0.075988,0.335763,0.004915,0.33506,0.757456,0
0.907172,7,0.638298,0.074787,0.334424,0.004817,0.318747,0.74693,0
0.907172,7,0.659574,0.075057,0.336805,0.004836,0.324961,0.728947,0
0.907172,7,0.680851,0.075117,0.345135,0.004842,0.321336,0.717982,0
0.907172,7,0.702128,0.074697,0.364029,0.004836,0.339979,0.671053,0
0.907172,7,0.723404,0.057344,0.371467,0.003762,0.357328,0.652193,0
0.907172,7,0.744681,0.06644,0.414758,0.004383,0.398239,0.607018,0
0.907172,7,0.765957,0.09205,0.48319,0.006122,0.456758,0.563596,1
0.907172,7,0.787234,0.104449,0.521571,0.006936,0.524081,0.443421,1
0.907172,7,0.808511,0.106791,0.497471,0.007137,0.559037,0.405702,1
0.907172,7,0.829787,0.102708,0.461767,0.006907,0.539617,0.431579,1
0.907172,7,0.851064,0.100967,0.439601,0.006813,0.520974,0.453947,1
0.907172,7,0.87234,0.098775,0.420411,0.006645,0.489902,0.507456,1
0.907172,7,0.893617,0.100216,0.391699,0.006664,0.467633,0.541667,1
0.907172,7,0.914894,0.093311,0.363285,0.006174,0.429311,0.6,1
0.907172,7,0.93617,0.089048,0.385153,0.005862,0.416624,0.595175,1
0.907172,7,0.957447,0.090999,0.394228,0.005985,0.401088,0.552632,1
0.907172,7,0.978723,0.100757,0.386046,0.006701,0.485241,0.471491,1
0.907172,7,1.0,0.093911,0.36864,0.006248,0.464267,0.517982,1
0.907216,1,0.0,0.09181,0.340524,0.006105,0.433972,0.528947,1
0.907216,1,0.021277,0.080942,0.303184,0.005378,0.38581,0.554386,1
0.907216,1,0.042553,0.083554,0.272687,0.005573,0.437597,0.482456,1
0.907216,1,0.06383,0.067341,0.22776,0.004476,0.396427,0.559649,0
0.907216,1,0.085106,0.054521,0.191758,0.003587,0.346453,0.619737,0
0.907216,1,0.106383,0.05224,0.162452,0.00344,0.310202,0.611842,0
0.907216,1,0.12766,0.043923,0.129872,0.002902,0.259451,0.591667,0
0.907216,1,0.148936,0.043263,0.120946,0.002856,0.217245,0.637281,0
0.907216,1,0.170213,0.036988,0.103392,0.002426,0.185396,0.725877,0
0.907216,1,0.191489,0.040231,0.098929,0.002609,0.165717,0.792544,0
0.907216,1,0.212766,0.046836,0.098334,0.003008,0.160539,0.77807,0
0.907216,1,0.234043,0.044914,0.103541,0.002894,0.152512,0.806579,0
0.907216,1,0.255319,0.044974,0.124814,0.002898,0.159244,0.810526,0
0.907216,1,0.276596,0.051429,0.160071,0.003311,0.170637,0.823684,0
0.907216,1,0.297872,0.036988,0.187295,0.0023,0.165199,0.851754,0
0.907216,1,0.319149,0.064789,0.245165,0.003945,0.200414,0.852632,0
0.907216,1,0.340426,0.079771,0.294258,0.005073,0.249612,0.825877,1
0.907216,1,0.361702,0.083974,0.33249,0.00533,0.288969,0.81886,1
0.907216,1,0.382979,0.089078,0.374442,0.005336,0.311756,0.778509,1
0.907216,1,0.404255,0.087306,0.397501,0.004815,0.323149,0.807456,1
0.907216,1,0.425532,0.076438,0.38679,0.004655,0.31564,0.773684,0
0.907216,1,0.446809,0.075027,0.374591,0.004117,0.306577,0.783772,0
0.907216,1,0.468085,0.067011,0.357929,0.00383,0.303988,0.788158,0
0.907216,1,0.489362,0.062177,0.340524,0.004005,0.30347,0.752193,0
0.907216,1,0.510638,0.049418,0.332639,0.003199,0.305541,0.748684,0
0.907216,1,0.531915,0.048607,0.310473,0.003155,0.295443,0.732895,0
0.907216,1,0.553191,0.049538,0.294406,0.003228,0.298291,0.664035,0
0.907216,1,0.574468,0.046866,0.277298,0.003074,0.282755,0.648684,0
0.907216,1,0.595745,0.054762,0.263612,0.003577,0.277835,0.667105,0
0.907216,1,0.617021,0.032094,0.254686,0.002119,0.288452,0.605702,0
0.907216,1,0.638298,0.045334,0.252157,0.002995,0.282755,0.594298,0
0.907216,1,0.659574,0.036208,0.247992,0.00241,0.303729,0.52807,0
0.907216,1,0.680851,0.051729,0.25543,0.003434,0.310461,0.582018,0
0.907216,1,0.702128,0.050468,0.272538,0.003365,0.350078,0.527193,0
0.907216,1,0.723404,0.046205,0.284737,0.003097,0.375971,0.523684,0
0.907216,1,0.744681,0.062357,0.34335,0.004188,0.410668,0.501316,0
0.907216,1,0.765957,0.086436,0.416989,0.005804,0.455463,0.525877,1
0.907216,1,0.787234,0.10472,0.472925,0.006973,0.526929,0.44693,1
0.907216,1,0.808511,0.103939,0.461619,0.006936,0.561367,0.454386,1
0.907216,1,0.829787,0.096253,0.440196,0.006481,0.562403,0.444737,1
0.907216,1,0.851064,0.09199,0.423088,0.006194,0.548938,0.457456,1
0.907216,1,0.87234,0.093041,0.404195,0.006203,0.525634,0.5,1
0.907216,1,0.893617,0.095082,0.37593,0.006259,0.484982,0.618421,1
0.907216,1,0.914894,0.087306,0.340077,0.005702,0.451838,0.617544,1
0.907216,1,0.93617,0.080221,0.359863,0.005216,0.418695,0.662719,1
0.907216,1,0.957447,0.076438,0.361351,0.004971,0.399793,0.617544,1
0.907216,1,0.978723,0.094392,0.370425,0.006182,0.460642,0.573684,1
0.907216,1,1.0,0.085625,0.339036,0.005611,0.442517,0.582895,1
0.907261,2,0.0,0.083554,0.321779,0.005478,0.400311,0.608772,1
0.907261,2,0.021277,0.07941,0.290241,0.00521,0.375712,0.608772,1
0.907261,2,0.042553,0.081092,0.259447,0.005322,0.424392,0.547807,1
0.907261,2,0.06383,0.072295,0.234603,0.004749,0.399275,0.577193,1
0.907261,2,0.085106,0.054672,0.200238,0.003579,0.361989,0.630263,0
0.907261,2,0.106383,0.049958,0.171526,0.003253,0.323408,0.654386,0
0.907261,2,0.12766,0.044674,0.157691,0.002906,0.280943,0.677193,0
0.907261,2,0.148936,0.038669,0.141476,0.002505,0.25246,0.691667,0
0.907261,2,0.170213,0.044374,0.138947,0.002871,0.232004,0.722807,0
0.907261,2,0.191489,0.043233,0.153972,0.002786,0.219575,0.781579,0
0.907261,2,0.212766,0.046025,0.18551,0.00296,0.244433,0.786842,0
0.907261,2,0.234043,0.051699,0.241,0.003332,0.280425,0.793421,0
0.907261,2,0.255319,0.079891,0.335763,0.005158,0.375453,0.712719,1
0.907261,2,0.276596,0.086886,0.422642,0.005621,0.461678,0.650877,1
0.907261,2,0.297872,0.085295,0.413567,0.005548,0.527447,0.599561,1
0.907261,2,0.319149,0.087667,0.466379,0.00565,0.592957,0.572368,1
0.907261,2,0.340426,0.089918,0.481107,0.00576,0.642413,0.483772,1
0.907261,2,0.361702,0.089768,0.477983,0.005789,0.646556,0.452632,1
0.907261,2,0.382979,0.089618,0.529604,0.005796,0.649922,0.448684,1
0.907261,2,0.404255,0.127957,0.543737,0.008375,0.629208,0.536404,1
0.907261,2,0.425532,0.107061,0.527075,0.007067,0.6261,0.504386,1
0.907261,2,0.446809,0.138826,0.510414,0.009173,0.627136,0.450439,1
0.907261,2,0.468085,0.150024,0.505356,0.00983,0.630243,0.496053,1
0.907261,2,0.489362,0.153357,0.495537,0.009975,0.641895,0.496053,1
0.907261,2,0.510638,0.160802,0.495686,0.010507,0.641636,0.525877,1
0.907261,2,0.531915,0.151585,0.484082,0.009813,0.631279,0.457456,1
0.907261,2,0.553191,0.164075,0.47947,0.010692,0.633351,0.511404,1
0.907261,2,0.574468,0.158911,0.474412,0.010411,0.627654,0.444737,1
0.907261,2,0.595745,0.154678,0.468164,0.010089,0.624288,0.473246,1
0.907261,2,0.617021,0.150024,0.460726,0.009769,0.601761,0.513596,1
0.907261,2,0.638298,0.156929,0.442874,0.010268,0.592957,0.47807,1
0.907261,2,0.659574,0.15804,0.457602,0.010299,0.583118,0.555263,1
0.907261,2,0.680851,0.159121,0.463701,0.010386,0.610823,0.554825,1
0.907261,2,0.702128,0.164015,0.475751,0.010704,0.635422,0.555702,1
0.907261,2,0.723404,0.162483,0.481404,0.01065,0.671155,0.489474,1
0.907261,2,0.744681,0.162604,0.505356,0.010704,0.724495,0.436842,1
0.907261,2,0.765957,0.169509,0.545076,0.011107,0.738995,0.465351,1
0.907261,2,0.787234,0.18413,0.57111,0.011961,0.745728,0.482018,1
0.907261,2,0.808511,0.177645,0.538976,0.011608,0.723718,0.475877,1
0.907261,2,0.829787,0.163744,0.501488,0.01076,0.700932,0.441667,1
0.907261,2,0.851064,0.112015,0.469949,0.00738,0.669083,0.453947,1
0.907261,2,0.87234,0.10493,0.45061,0.006903,0.626359,0.492544,0
0.907261,2,0.893617,0.089918,0.415799,0.005899,0.58985,0.497807,0
0.907261,2,0.914894,0.086766,0.376376,0.005758,0.540135,0.489035,0
0.907261,2,0.93617,0.093431,0.423683,0.006192,0.493009,0.555702,0
0.907261,2,0.957447,0.087667,0.444511,0.00581,0.450026,0.543421,0
0.907261,2,0.978723,0.097904,0.453585,0.006498,0.525117,0.500877,0
0.907261,2,1.0,0.099135,0.454775,0.006541,0.510098,0.556579,0
0.907305,3,0.0,0.09205,0.441386,0.006061,0.469187,0.553509,0
0.907305,3,0.021277,0.090008,0.427998,0.005916,0.431642,0.588596,0
0.907305,3,0.042553,0.09265,0.394823,0.006103,0.481875,0.566228,0
0.907305,3,0.06383,0.091389,0.343499,0.005989,0.453133,0.568421,0
0.907305,3,0.085106,0.082052,0.282803,0.005349,0.398239,0.65307,0
0.907305,3,0.106383,0.063738,0.236834,0.004136,0.357328,0.734649,0
0.907305,3,0.12766,0.050618,0.19994,0.003263,0.316934,0.707895,0
0.907305,3,0.148936,0.045755,0.172419,0.002968,0.280166,0.694737,0
0.907305,3,0.170213,0.050438,0.160369,0.003263,0.261781,0.740789,0
0.907305,3,0.191489,0.047106,0.166022,0.003041,0.251683,0.761842,0
0.907305,3,0.212766,0.051669,0.189676,0.003322,0.274987,0.798246,0
0.907305,3,0.234043,0.050528,0.234008,0.003255,0.301139,0.761842,0
0.907305,3,0.255319,0.072475,0.328325,0.004703,0.386846,0.636404,0
0.907305,3,0.276596,0.074817,0.407617,0.004873,0.470223,0.587281,0
0.907305,3,0.297872,0.076258,0.405237,0.004973,0.53159,0.565789,0
0.907305,3,0.319149,0.087667,0.458792,0.005683,0.597618,0.550439,0
0.907305,3,0.340426,0.089618,0.475007,0.005783,0.625324,0.43114,0
0.907305,3,0.361702,0.089438,0.480958,0.00582,0.633868,0.445614,0
0.907305,3,0.382979,0.090339,0.531687,0.005887,0.649922,0.382456,0
0.907305,3,0.404255,0.122193,0.542398,0.008062,0.65536,0.428947,1
0.907305,3,0.425532,0.120031,0.53258,0.008,0.65769,0.382895,1
0.907305,3,0.446809,0.110754,0.519786,0.007374,0.651217,0.41886,0
0.907305,3,0.468085,0.111625,0.516067,0.007455,0.66261,0.407895,0
0.907305,3,0.489362,0.107872,0.520232,0.007214,0.672708,0.379825,0
0.907305,3,0.510638,0.125045,0.511901,0.008417,0.669342,0.397368,1
0.907305,3,0.531915,0.119161,0.504463,0.007943,0.668566,0.390351,1
0.907305,3,0.553191,0.123604,0.500595,0.008238,0.67711,0.376754,1
0.907305,3,0.574468,0.125946,0.498512,0.008405,0.686691,0.280263,1
0.907305,3,0.595745,0.137204,0.497471,0.008928,0.679959,0.309649,1
0.907305,3,0.617021,0.117179,0.488694,0.007808,0.66986,0.353947,1
0.907305,3,0.638298,0.102258,0.479768,0.00689,0.642672,0.36886,0
0.907305,3,0.659574,0.097274,0.483636,0.006516,0.647074,0.434211,0
0.907305,3,0.680851,0.102858,0.492264,0.006944,0.650181,0.383772,0
0.907305,3,0.702128,0.102258,0.492413,0.006911,0.665458,0.35614,0
0.907305,3,0.723404,0.097454,0.486016,0.006701,0.688762,0.32807,0
0.907305,3,0.744681,0.096734,0.496281,0.00656,0.711807,0.345175,0
0.907305,3,0.765957,0.100667,0.524695,0.006809,0.699379,0.362719,1
0.907305,3,0.787234,0.106761,0.554746,0.007231,0.702745,0.334649,1
0.907305,3,0.808511,0.101087,0.524695,0.006568,0.684102,0.338158,1
0.907305,3,0.829787,0.089948,0.487801,0.006115,0.648369,0.372807,0
0.907305,3,0.851064,0.073286,0.459982,0.00479,0.611082,0.371053,0
0.907305,3,0.87234,0.066891,0.436031,0.00451,0.577939,0.399123,0
0.907305,3,0.893617,0.050168,0.398691,0.003403,0.535992,0.335965,0
0.907305,3,0.914894,0.045665,0.367301,0.003126,0.49275,0.373246,0
0.907305,3,0.93617,0.059835,0.416245,0.004067,0.457017,0.501316,0
0.907305,3,0.957447,0.067191,0.432461,0.00484,0.433972,0.464474,0
0.907305,3,0.978723,0.082112,0.446296,0.00585,0.520715,0.399123,0
0.907305,3,1.0,0.084064,0.445701,0.00581,0.516572,0.474123,0
0.907349,4,0.0,0.082803,0.435138,0.005648,0.479803,0.511404,0
0.907349,4,0.021277,0.075417,0.420411,0.005025,0.448472,0.540789,0
0.907349,4,0.042553,0.084274,0.385302,0.005814,0.504661,0.426316,0
0.907349,4,0.06383,0.080581,0.331003,0.00538,0.47566,0.441228,0
0.907349,4,0.085106,0.058845,0.278786,0.004107,0.425168,0.524123,0
0.907349,4,0.106383,0.053291,0.229991,0.003571,0.376489,0.54693,0
0.907349,4,0.12766,0.047676,0.191015,0.003182,0.329881,0.553947,0
0.907349,4,0.148936,0.042332,0.167807,0.002815,0.300363,0.578947,0
0.907349,4,0.170213,0.037589,0.155906,0.002474,0.277835,0.591228,0
0.907349,4,0.191489,0.050408,0.162005,0.003322,0.268514,0.688158,0
0.907349,4,0.212766,0.045214,0.18551,0.002968,0.280943,0.651754,0
0.907349,4,0.234043,0.047166,0.234454,0.003126,0.3058,0.623246,0
0.907349,4,0.255319,0.058995,0.334127,0.003955,0.386069,0.524561,0
0.907349,4,0.276596,0.073496,0.416245,0.004909,0.475142,0.511842,0
0.907349,4,0.297872,0.073736,0.408658,0.004927,0.510098,0.488596,0
0.907349,4,0.319149,0.080851,0.455817,0.005403,0.579234,0.481579,0
0.907349,4,0.340426,0.072025,0.471437,0.004805,0.603055,0.45307,0
0.907349,4,0.361702,0.069022,0.474264,0.004647,0.596064,0.437719,0
0.907349,4,0.382979,0.068692,0.518298,0.00463,0.590886,0.425877,0
0.907349,4,0.404255,0.069052,0.526927,0.004639,0.575608,0.456579,0
0.907349,4,0.425532,0.043083,0.515769,0.002919,0.568358,0.37193,0
0.907349,4,0.446809,0.053441,0.504909,0.003623,0.568099,0.487281,0
0.907349,4,0.468085,0.051789,0.49152,0.003484,0.558519,0.450439,0
0.907349,4,0.489362,0.055332,0.486165,0.003735,0.553599,0.427632,0
0.907349,4,0.510638,0.043833,0.481553,0.002964,0.535733,0.424123,0
0.907349,4,0.531915,0.059865,0.474859,0.004013,0.531849,0.502632,0
0.907349,4,0.553191,0.063498,0.479322,0.004227,0.539099,0.47807,0
0.907349,4,0.574468,0.069653,0.474412,0.004632,0.544278,0.498246,0
0.907349,4,0.595745,0.069773,0.468164,0.004639,0.537804,0.496053,0
0.907349,4,0.617021,0.058154,0.460428,0.003889,0.53651,0.494737,0
0.907349,4,0.638298,0.049988,0.458197,0.003351,0.522527,0.498246,0
0.907349,4,0.659574,0.048757,0.457751,0.003278,0.513723,0.503947,0
0.907349,4,0.680851,0.055512,0.459982,0.00372,0.512947,0.519298,0
0.907349,4,0.702128,0.060736,0.467272,0.004065,0.522527,0.489912,0
0.907349,4,0.723404,0.05278,0.465486,0.003542,0.522786,0.511842,0
0.907349,4,0.744681,0.043023,0.472776,0.002894,0.525117,0.442982,0
0.907349,4,0.765957,0.046325,0.495983,0.003122,0.51942,0.497368,0
0.907349,4,0.787234,0.062057,0.536745,0.004136,0.550233,0.482018,0
0.907349,4,0.808511,0.059745,0.516364,0.003992,0.568617,0.423684,0
0.907349,4,0.829787,0.062658,0.48438,0.004194,0.554635,0.437281,1
0.907349,4,0.851064,0.066681,0.45418,0.004454,0.5145,0.454386,1
0.907349,4,0.87234,0.063558,0.43737,0.00426,0.501554,0.422807,1
0.907349,4,0.893617,0.05314,0.408509,0.003562,0.474366,0.396053,0
0.907349,4,0.914894,0.051459,0.375186,0.003486,0.448213,0.425877,0
0.907349,4,0.93617,0.051939,0.423981,0.003513,0.419731,0.409649,0
0.907349,4,0.957447,0.055662,0.441833,0.003781,0.403677,0.401754,0
0.907349,4,0.978723,0.076018,0.449717,0.005195,0.499741,0.451754,1
0.907349,4,1.0,0.081632,0.453436,0.005532,0.480839,0.370175,1
0.907393,5,0.0,0.07833,0.43856,0.005316,0.44899,0.430702,1
0.907393,5,0.021277,0.071995,0.416096,0.004861,0.4029,0.464474,1
0.907393,5,0.042553,0.076798,0.386046,0.005206,0.455722,0.43114,1
0.907393,5,0.06383,0.064009,0.339185,0.004333,0.428017,0.457895,1
0.907393,5,0.085106,0.050348,0.286076,0.003386,0.380373,0.530263,0
0.907393,5,0.106383,0.045845,0.231925,0.003074,0.329622,0.549123,0
0.907393,5,0.12766,0.043233,0.193246,0.002902,0.284568,0.540789,0
0.907393,5,0.148936,0.042722,0.168105,0.002867,0.250129,0.526316,0
0.907393,5,0.170213,0.029633,0.158435,0.002044,0.217504,0.491667,0
0.907393,5,0.191489,0.040231,0.161857,0.002715,0.216986,0.561404,0
0.907393,5,0.212766,0.042963,0.185808,0.002879,0.237701,0.514474,0
0.907393,5,0.234043,0.044104,0.233264,0.002977,0.272916,0.479825,0
0.907393,5,0.255319,0.074367,0.334127,0.005052,0.345676,0.438158,1
0.907393,5,0.276596,0.087156,0.420113,0.005906,0.428793,0.403947,1
0.907393,5,0.297872,0.064549,0.412229,0.004433,0.477991,0.362719,1
0.907393,5,0.319149,0.072505,0.459685,0.004992,0.550751,0.289035,1
0.907393,5,0.340426,0.089378,0.478429,0.006122,0.569394,0.354825,1
0.907393,5,0.361702,0.089378,0.479917,0.00614,0.570171,0.327193,1
0.907393,5,0.382979,0.091119,0.495388,0.006259,0.574832,0.321491,1
0.907393,5,0.404255,0.09244,0.512943,0.0063,0.566028,0.349123,1
0.907393,5,0.425532,0.09244,0.511306,0.006294,0.562144,0.344298,1
0.907393,5,0.446809,0.090999,0.502231,0.006223,0.567064,0.327632,1
0.907393,5,0.468085,0.101657,0.49524,0.006982,0.56059,0.164912,1
0.907393,5,0.489362,0.090849,0.487801,0.00628,0.556189,0.291228,1
0.907393,5,0.510638,0.085955,0.483636,0.005899,0.533143,0.287281,1
0.907393,5,0.531915,0.10472,0.478875,0.007162,0.543242,0.307456,1
0.907393,5,0.553191,0.068092,0.477239,0.004695,0.55101,0.319737,1
0.907393,5,0.574468,0.081002,0.473371,0.005567,0.555153,0.32193,1
0.907393,5,0.595745,0.060286,0.471586,0.00415,0.537027,0.335965,0
0.907393,5,0.617021,0.084364,0.466379,0.005783,0.540135,0.352632,1
0.907393,5,0.638298,0.076228,0.46266,0.005204,0.519938,0.362719,1
0.907393,5,0.659574,0.076618,0.464594,0.005206,0.51709,0.332018,1
0.907393,5,0.680851,0.076618,0.46266,0.005206,0.512429,0.316228,1
0.907393,5,0.702128,0.076558,0.464594,0.005206,0.509322,0.314474,1
0.907393,5,0.723404,0.076228,0.456858,0.005166,0.51709,0.324561,1
0.907393,5,0.744681,0.076498,0.476346,0.005206,0.520974,0.377193,1
0.907393,5,0.765957,0.077549,0.50967,0.005249,0.516572,0.435965,1
0.907393,5,0.787234,0.078179,0.542398,0.00532,0.539617,0.379386,1
0.907393,5,0.808511,0.085385,0.521125,0.005845,0.564474,0.297807,1
0.907393,5,0.829787,0.075928,0.491818,0.005168,0.55334,0.284211,1
0.907393,5,0.851064,0.076378,0.472627,0.005185,0.533143,0.285088,1
0.907393,5,0.87234,0.075898,0.451503,0.005141,0.503366,0.316667,1
0.907393,5,0.893617,0.075027,0.414162,0.005104,0.473071,0.371491,1
0.907393,5,0.914894,0.049808,0.381583,0.003446,0.437856,0.336404,0
0.907393,5,0.93617,0.053441,0.433799,0.003727,0.417141,0.435088,0
0.907393,5,0.957447,0.044554,0.448081,0.003093,0.398498,0.378509,0
0.907393,5,0.978723,0.079921,0.461767,0.005613,0.501036,0.335088,1
0.907393,5,1.0,0.079801,0.45418,0.005544,0.490161,0.385526,1
0.907438,6,0.0,0.074937,0.441684,0.005145,0.446401,0.473246,1
0.907438,6,0.021277,0.074607,0.419369,0.005079,0.410668,0.504825,1
0.907438,6,0.042553,0.07863,0.389467,0.005374,0.467115,0.431579,1
0.907438,6,0.06383,0.06605,0.33368,0.004514,0.439151,0.437719,0
0.907438,6,0.085106,0.048307,0.275216,0.00329,0.386069,0.45,0
0.907438,6,0.106383,0.049718,0.224636,0.00338,0.339979,0.49693,0
0.907438,6,0.12766,0.042783,0.185957,0.002889,0.29622,0.520614,0
0.907438,6,0.148936,0.041972,0.165724,0.002831,0.26696,0.503947,0
0.907438,6,0.170213,0.041852,0.158435,0.002819,0.24521,0.531579,0
0.907438,6,0.191489,0.042662,0.167658,0.00286,0.235629,0.554825,0
0.907438,6,0.212766,0.048367,0.196519,0.003234,0.256862,0.596491,0
0.907438,6,0.234043,0.050318,0.243231,0.003378,0.283791,0.527632,0
0.907438,6,0.255319,0.07842,0.340375,0.005287,0.36406,0.467982,1
0.907438,6,0.276596,0.085115,0.419667,0.005742,0.450026,0.4,1
0.907438,6,0.297872,0.07914,0.416394,0.005395,0.475401,0.365351,1
0.907438,6,0.319149,0.085235,0.467123,0.005806,0.537286,0.342105,1
0.907438,6,0.340426,0.086135,0.474115,0.005874,0.556447,0.341667,1
0.907438,6,0.361702,0.086556,0.494644,0.005891,0.558001,0.361842,1
0.907438,6,0.382979,0.085205,0.533621,0.005802,0.548679,0.297807,1
0.907438,6,0.404255,0.089138,0.543588,0.006072,0.547644,0.373246,1
0.907438,6,0.425532,0.086616,0.536001,0.005893,0.524858,0.427632,1
0.907438,6,0.446809,0.089138,0.522761,0.006059,0.53884,0.389474,1
0.907438,6,0.468085,0.089438,0.512794,0.00607,0.53884,0.352193,1
0.907438,6,0.489362,0.089138,0.508033,0.00603,0.532367,0.380263,1
0.907438,6,0.510638,0.091059,0.506099,0.00618,0.517349,0.407456,1
0.907438,6,0.531915,0.089138,0.496281,0.006022,0.516054,0.417544,1
0.907438,6,0.553191,0.0919,0.490479,0.006226,0.523045,0.396053,1
0.907438,6,0.574468,0.09172,0.485867,0.006215,0.532367,0.376316,1
0.907438,6,0.595745,0.090098,0.482148,0.006091,0.523045,0.382018,1
0.907438,6,0.617021,0.082653,0.471288,0.00559,0.513465,0.439912,1
0.907438,6,0.638298,0.077339,0.452693,0.005206,0.501554,0.423246,1
0.907438,6,0.659574,0.07869,0.454775,0.005318,0.487053,0.416228,1
0.907438,6,0.680851,0.085055,0.452098,0.005773,0.483169,0.408333,1
0.907438,6,0.702128,0.076468,0.452098,0.005189,0.496375,0.354386,1
0.907438,6,0.723404,0.075027,0.443767,0.005089,0.484205,0.344737,1
0.907438,6,0.744681,0.075507,0.444957,0.005137,0.489643,0.263158,1
0.907438,6,0.765957,0.075537,0.468611,0.005162,0.472812,0.330702,1
0.907438,6,0.787234,0.076438,0.501339,0.005206,0.49275,0.312281,1
0.907438,6,0.808511,0.075627,0.471883,0.00517,0.511652,0.26886,1
0.907438,6,0.829787,0.075027,0.443618,0.005123,0.493009,0.322368,1
0.907438,6,0.851064,0.075027,0.426361,0.005118,0.468928,0.367105,1
0.907438,6,0.87234,0.075027,0.40598,0.005133,0.445106,0.4,1
0.907438,6,0.893617,0.062658,0.383666,0.004319,0.40523,0.401316,0
0.907438,6,0.914894,0.043563,0.350193,0.003027,0.369498,0.371053,0
0.907438,6,0.93617,0.057764,0.405385,0.004003,0.359658,0.47807,0
0.907438,6,0.957447,0.045034,0.437072,0.003122,0.360694,0.388596,0
0.907438,6,0.978723,0.07935,0.450759,0.005573,0.471258,0.317544,1
0.907438,6,1.0,0.080611,0.45299,0.005617,0.470223,0.377632,1
0.907482,7,0.0,0.075838,0.422791,0.005214,0.423615,0.432456,1
0.907482,7,0.021277,0.075027,0.408509,0.005114,0.383739,0.46886,1
0.907482,7,0.042553,0.077219,0.373252,0.005282,0.426204,0.400439,1
0.907482,7,0.06383,0.063408,0.31568,0.004331,0.387882,0.407018,0
0.907482,7,0.085106,0.061697,0.263612,0.004217,0.345935,0.40307,0
0.907482,7,0.106383,0.048037,0.2108,0.003261,0.294666,0.46886,0
0.907482,7,0.12766,0.043803,0.17108,0.00296,0.251683,0.495175,0
0.907482,7,0.148936,0.041792,0.142666,0.002821,0.210513,0.501754,0
0.907482,7,0.170213,0.042933,0.126004,0.002889,0.182807,0.534211,0
0.907482,7,0.191489,0.043383,0.12407,0.002896,0.169083,0.577632,0
0.907482,7,0.212766,0.043023,0.120797,0.002879,0.162869,0.567982,0
0.907482,7,0.234043,0.043413,0.13136,0.002914,0.164682,0.572807,0
0.907482,7,0.255319,0.055032,0.177328,0.003671,0.185396,0.570614,0
0.907482,7,0.276596,0.061967,0.22047,0.004146,0.216727,0.560088,0
0.907482,7,0.297872,0.064819,0.262422,0.00436,0.232781,0.528509,0
0.907482,7,0.319149,0.084664,0.325498,0.005798,0.273433,0.514035,1
0.907482,7,0.340426,0.085295,0.371318,0.00585,0.304247,0.540789,1
0.907482,7,0.361702,0.086706,0.400179,0.005802,0.329363,0.554825,1
0.907482,7,0.382979,0.086976,0.434841,0.005806,0.352149,0.449123,1
0.907482,7,0.404255,0.089288,0.443023,0.005945,0.361212,0.501754,1
0.907482,7,0.425532,0.090068,0.435882,0.006016,0.36639,0.555263,1
0.907482,7,0.446809,0.087757,0.420708,0.005872,0.367944,0.544737,1
0.907482,7,0.468085,0.090068,0.409402,0.006018,0.361989,0.546491,1
0.907482,7,0.489362,0.090459,0.399732,0.006018,0.367685,0.579386,1
0.907482,7,0.510638,0.090068,0.387533,0.005939,0.360953,0.607018,1
0.907482,7,0.531915,0.090068,0.378756,0.005933,0.360435,0.57193,1
0.907482,7,0.553191,0.075627,0.367748,0.005014,0.351631,0.569298,1
0.907482,7,0.574468,0.050288,0.353615,0.003336,0.338426,0.59693,0
0.907482,7,0.595745,0.061367,0.347813,0.004061,0.334283,0.591667,0
0.907482,7,0.617021,0.049147,0.338887,0.003257,0.326774,0.602632,0
0.907482,7,0.638298,0.062958,0.330854,0.004165,0.324184,0.601754,0
0.907482,7,0.659574,0.062808,0.333234,0.004163,0.318747,0.642544,0
0.907482,7,0.680851,0.067491,0.329515,0.00446,0.323925,0.60614,0
0.907482,7,0.702128,0.083493,0.336805,0.005517,0.33972,0.609211,1
0.907482,7,0.723404,0.076408,0.325796,0.005054,0.369757,0.570614,1
0.907482,7,0.744681,0.074847,0.347962,0.004979,0.386328,0.579386,1
0.907482,7,0.765957,0.063919,0.399137,0.004256,0.393837,0.554825,0
0.907482,7,0.787234,0.081692,0.444362,0.005484,0.411704,0.514035,1
0.907482,7,0.808511,0.057464,0.427551,0.003874,0.401864,0.500439,0
0.907482,7,0.829787,0.044314,0.387087,0.002991,0.386587,0.434649,0
0.907482,7,0.851064,0.047286,0.365516,0.003184,0.360953,0.553509,0
0.907482,7,0.87234,0.067371,0.347516,0.004489,0.352149,0.575877,1
0.907482,7,0.893617,0.055872,0.329664,0.003695,0.316416,0.602193,0
0.907482,7,0.914894,0.043053,0.307944,0.00285,0.283014,0.57193,0
0.907482,7,0.93617,0.047706,0.334276,0.003155,0.272657,0.660526,0
0.907482,7,0.957447,0.045965,0.339929,0.003029,0.28405,0.572368,0
0.907482,7,0.978723,0.075477,0.349301,0.005029,0.382703,0.508333,1
0.907482,7,1.0,0.051429,0.329069,0.003446,0.385293,0.50614,0
0.907526,1,0.0,0.059325,0.30601,0.003953,0.352408,0.507895,0
0.907526,1,0.021277,0.042632,0.263761,0.002865,0.307354,0.492982,0
0.907526,1,0.042553,0.046415,0.233413,0.003126,0.355515,0.489912,0
0.907526,1,0.06383,0.042873,0.198007,0.002881,0.3203,0.515351,0
0.907526,1,0.085106,0.040471,0.160964,0.002717,0.283532,0.507456,0
0.907526,1,0.106383,0.037438,0.129128,0.002503,0.228638,0.588158,0
0.907526,1,0.12766,0.037529,0.105177,0.002482,0.190575,0.619298,0
0.907526,1,0.148936,0.034286,0.093871,0.002258,0.161056,0.646053,0
0.907526,1,0.170213,0.038609,0.084945,0.00253,0.13361,0.707895,0
0.907526,1,0.191489,0.037859,0.083755,0.002472,0.121699,0.717544,0
0.907526,1,0.212766,0.029602,0.082565,0.001932,0.107716,0.721491,0
0.907526,1,0.234043,0.024318,0.085838,0.001552,0.096582,0.766228,0
0.907526,1,0.255319,0.037649,0.112615,0.001656,0.09218,0.787719,0
0.907526,1,0.276596,0.033986,0.141922,0.001656,0.117038,0.778947,0
0.907526,1,0.297872,0.023598,0.169592,0.001579,0.11419,0.817544,0
0.907526,1,0.319149,0.038729,0.218387,0.001716,0.137494,0.822807,0
0.907526,1,0.340426,0.03966,0.272687,0.002536,0.170896,0.775877,0
0.907526,1,0.361702,0.043473,0.322523,0.002813,0.190057,0.675439,0
0.907526,1,0.382979,0.042002,0.360458,0.002752,0.197566,0.701754,0
0.907526,1,0.404255,0.042002,0.382773,0.00273,0.213879,0.759649,0
0.907526,1,0.425532,0.042002,0.383517,0.002518,0.232004,0.771491,0
0.907526,1,0.446809,0.042002,0.382475,0.002563,0.24262,0.759649,0
0.907526,1,0.468085,0.042002,0.38679,0.002711,0.248835,0.675439,0
0.907526,1,0.489362,0.044764,0.396311,0.002914,0.255049,0.732895,0
0.907526,1,0.510638,0.046565,0.40241,0.003014,0.258415,0.747368,0
0.907526,1,0.531915,0.049388,0.403303,0.003174,0.258933,0.806579,0
0.907526,1,0.553191,0.05275,0.395418,0.003373,0.252201,0.799123,1
0.907526,1,0.574468,0.051249,0.39393,0.003207,0.247022,0.81886,1
0.907526,1,0.595745,0.051009,0.39512,0.00302,0.237442,0.817982,1
0.907526,1,0.617021,0.056503,0.391253,0.003596,0.234335,0.851316,1
0.907526,1,0.638298,0.048517,0.392443,0.003085,0.232004,0.834649,0
0.907526,1,0.659574,0.045905,0.390211,0.002927,0.231745,0.817105,0
0.907526,1,0.680851,0.043893,0.390806,0.002821,0.236924,0.722368,0
0.907526,1,0.702128,0.043083,0.397947,0.002796,0.254531,0.658333,0
0.907526,1,0.723404,0.040981,0.403154,0.002686,0.276282,0.611842,0
0.907526,1,0.744681,0.045425,0.433502,0.002991,0.299327,0.654386,0
0.907526,1,0.765957,0.069683,0.490628,0.004576,0.336872,0.649561,1
0.907526,1,0.787234,0.078029,0.52053,0.005112,0.372346,0.635088,1
0.907526,1,0.808511,0.068992,0.505802,0.004541,0.389953,0.600877,1
0.907526,1,0.829787,0.048427,0.478727,0.003201,0.379855,0.571053,1
