date,day,period,nswprice,nswdemand,vicprice,vicdemand,transfer,class
0.0,2,0.0,0.056443,0.439155,0.003467,0.422915,0.414912,1
0.0,2,0.021277,0.051699,0.415055,0.003467,0.422915,0.414912,1
0.0,2,0.042553,0.051489,0.385004,0.003467,0.422915,0.414912,1
0.0,2,0.06383,0.045485,0.314639,0.003467,0.422915,0.414912,1
0.0,2,0.085106,0.042482,0.251116,0.003467,0.422915,0.414912,0
0.0,2,0.106383,0.041161,0.207528,0.003467,0.422915,0.414912,0
0.0,2,0.12766,0.041161,0.171824,0.003467,0.422915,0.414912,0
0.0,2,0.148936,0.041161,0.152782,0.003467,0.422915,0.414912,0
0.0,2,0.170213,0.041161,0.13493,0.003467,0.422915,0.414912,0
0.0,2,0.191489,0.041161,0.140583,0.003467,0.422915,0.414912,0
0.0,2,0.212766,0.044374,0.168997,0.003467,0.422915,0.414912,1
0.0,2,0.234043,0.049868,0.212437,0.003467,0.422915,0.414912,1
0.0,2,0.255319,0.051489,0.298721,0.003467,0.422915,0.414912,1
0.0,2,0.276596,0.042482,0.39036,0.003467,0.422915,0.414912,0
0.0,2,0.297872,0.040861,0.402261,0.003467,0.422915,0.414912,0
0.0,2,0.319149,0.040711,0.462214,0.003467,0.422915,0.414912,0
0.0,2,0.340426,0.040861,0.488248,0.003467,0.422915,0.414912,0
0.0,2,0.361702,0.040711,0.493306,0.003467,0.422915,0.414912,0
0.0,2,0.382979,0.041041,0.53258,0.003467,0.422915,0.414912,0
0.0,2,0.404255,0.041161,0.546415,0.003467,0.422915,0.414912,0
0.0,2,0.425532,0.044374,0.53496,0.003467,0.422915,0.414912,1
0.0,2,0.446809,0.044374,0.51681,0.003467,0.422915,0.414912,1
0.0,2,0.468085,0.044374,0.513984,0.003467,0.422915,0.414912,1
0.0,2,0.489362,0.045485,0.513835,0.003467,0.422915,0.414912,1
0.0,2,0.510638,0.044374,0.505356,0.003467,0.422915,0.414912,1
0.0,2,0.531915,0.044374,0.497917,0.003467,0.422915,0.414912,1
0.0,2,0.553191,0.042482,0.499554,0.003467,0.422915,0.414912,0
0.0,2,0.574468,0.044374,0.491669,0.003467,0.422915,0.414912,1
0.0,2,0.595745,0.044374,0.489735,0.003467,0.422915,0.414912,1
0.0,2,0.617021,0.042482,0.47709,0.003467,0.422915,0.414912,0
0.0,2,0.638298,0.040861,0.466825,0.003467,0.422915,0.414912,0
0.0,2,0.659574,0.041161,0.478132,0.003467,0.422915,0.414912,0
0.0,2,0.680851,0.041161,0.484975,0.003467,0.422915,0.414912,0
0.0,2,0.702128,0.041161,0.503124,0.003467,0.422915,0.414912,0
0.0,2,0.723404,0.042482,0.55296,0.003467,0.422915,0.414912,0
0.0,2,0.744681,0.044374,0.612318,0.003467,0.422915,0.414912,1
0.0,2,0.765957,0.041041,0.587623,0.003467,0.422915,0.414912,0
0.0,2,0.787234,0.040711,0.546861,0.003467,0.422915,0.414912,0
0.0,2,0.808511,0.040711,0.497025,0.003467,0.422915,0.414912,0
0.0,2,0.829787,0.040861,0.470693,0.003467,0.422915,0.414912,0
0.0,2,0.851064,0.041041,0.446296,0.003467,0.422915,0.414912,0
0.0,2,0.87234,0.042482,0.412229,0.003467,0.422915,0.414912,0
0.0,2,0.893617,0.041161,0.368789,0.003467,0.422915,0.414912,0
0.0,2,0.914894,0.051489,0.34573,0.003467,0.422915,0.414912,1
0.0,2,0.93617,0.056443,0.40479,0.003467,0.422915,0.414912,1
0.0,2,0.957447,0.054642,0.42889,0.003467,0.422915,0.414912,1
0.0,2,0.978723,0.059235,0.445254,0.003467,0.422915,0.414912,1
0.0,2,1.0,0.054642,0.44094,0.003467,0.422915,0.414912,1
4.4e-05,3,0.0,0.059235,0.442874,0.003467,0.422915,0.414912,1
4.4e-05,3,0.021277,0.056443,0.41089,0.003467,0.422915,0.414912,1
4.4e-05,3,0.042553,0.051489,0.378905,0.003467,0.422915,0.414912,1
4.4e-05,3,0.06383,0.044374,0.316721,0.003467,0.422915,0.414912,0
4.4e-05,3,0.085106,0.041041,0.257959,0.003467,0.422915,0.414912,0
4.4e-05,3,0.106383,0.041161,0.214073,0.003467,0.422915,0.414912,0
4.4e-05,3,0.12766,0.041161,0.178816,0.003467,0.422915,0.414912,0
4.4e-05,3,0.148936,0.040951,0.151889,0.003467,0.422915,0.414912,0
4.4e-05,3,0.170213,0.041011,0.1385,0.003467,0.422915,0.414912,0
4.4e-05,3,0.191489,0.041041,0.142071,0.003467,0.422915,0.414912,0
4.4e-05,3,0.212766,0.042482,0.171675,0.003467,0.422915,0.414912,0
4.4e-05,3,0.234043,0.051489,0.214519,0.003467,0.422915,0.414912,1
4.4e-05,3,0.255319,0.051489,0.30244,0.003467,0.422915,0.414912,1
4.4e-05,3,0.276596,0.051489,0.393038,0.003467,0.422915,0.414912,1
4.4e-05,3,0.297872,0.040861,0.395567,0.003467,0.422915,0.414912,0
4.4e-05,3,0.319149,0.040861,0.456561,0.003467,0.422915,0.414912,0
4.4e-05,3,0.340426,0.040861,0.487504,0.003467,0.422915,0.414912,0
4.4e-05,3,0.361702,0.040861,0.488991,0.003467,0.422915,0.414912,0
4.4e-05,3,0.382979,0.041041,0.52886,0.003467,0.422915,0.414912,0
4.4e-05,3,0.404255,0.041041,0.533323,0.003467,0.422915,0.414912,0
4.4e-05,3,0.425532,0.041041,0.519935,0.003467,0.422915,0.414912,0
4.4e-05,3,0.446809,0.042362,0.502529,0.003467,0.422915,0.414912,0
4.4e-05,3,0.468085,0.042482,0.491818,0.003467,0.422915,0.414912,0
4.4e-05,3,0.489362,0.044374,0.486909,0.003467,0.422915,0.414912,0
4.4e-05,3,0.510638,0.044374,0.480363,0.003467,0.422915,0.414912,0
4.4e-05,3,0.531915,0.042482,0.477388,0.003467,0.422915,0.414912,0
4.4e-05,3,0.553191,0.042482,0.477388,0.003467,0.422915,0.414912,0
4.4e-05,3,0.574468,0.042482,0.47114,0.003467,0.422915,0.414912,0
4.4e-05,3,0.595745,0.041041,0.462065,0.003467,0.422915,0.414912,0
4.4e-05,3,0.617021,0.040861,0.445403,0.003467,0.422915,0.414912,0
4.4e-05,3,0.638298,0.040861,0.442428,0.003467,0.422915,0.414912,0
4.4e-05,3,0.659574,0.040861,0.450759,0.003467,0.422915,0.414912,0
4.4e-05,3,0.680851,0.040861,0.455965,0.003467,0.422915,0.414912,0
4.4e-05,3,0.702128,0.040861,0.484677,0.003467,0.422915,0.414912,0
4.4e-05,3,0.723404,0.041041,0.53377,0.003467,0.422915,0.414912,0
4.4e-05,3,0.744681,0.041041,0.604136,0.003467,0.422915,0.414912,0
4.4e-05,3,0.765957,0.040861,0.587028,0.003467,0.422915,0.414912,0
4.4e-05,3,0.787234,0.040711,0.552812,0.003467,0.422915,0.414912,0
4.4e-05,3,0.808511,0.040711,0.51086,0.003467,0.422915,0.414912,0
4.4e-05,3,0.829787,0.040861,0.480065,0.003467,0.422915,0.414912,0
4.4e-05,3,0.851064,0.041041,0.452246,0.003467,0.422915,0.414912,0
4.4e-05,3,0.87234,0.041041,0.431568,0.003467,0.422915,0.414912,0
4.4e-05,3,0.893617,0.041041,0.3856,0.003467,0.422915,0.414912,0
4.4e-05,3,0.914894,0.041041,0.350342,0.003467,0.422915,0.414912,0
4.4e-05,3,0.93617,0.056443,0.409104,0.003467,0.422915,0.414912,1
4.4e-05,3,0.957447,0.055362,0.435138,0.003467,0.422915,0.414912,1
4.4e-05,3,0.978723,0.059235,0.456412,0.003467,0.422915,0.414912,1
4.4e-05,3,1.0,0.054642,0.449866,0.003467,0.422915,0.414912,1
8.8e-05,4,0.0,0.054642,0.44823,0.003467,0.422915,0.414912,1
8.8e-05,4,0.021277,0.054642,0.429485,0.003467,0.422915,0.414912,1
8.8e-05,4,0.042553,0.051489,0.399286,0.003467,0.422915,0.414912,1
8.8e-05,4,0.06383,0.041041,0.331449,0.003467,0.422915,0.414912,0
8.8e-05,4,0.085106,0.041041,0.271794,0.003467,0.422915,0.414912,0
8.8e-05,4,0.106383,0.041041,0.228206,0.003467,0.422915,0.414912,0
8.8e-05,4,0.12766,0.041041,0.183576,0.003467,0.422915,0.414912,0
8.8e-05,4,0.148936,0.041041,0.162452,0.003467,0.422915,0.414912,0
8.8e-05,4,0.170213,0.046956,0.151592,0.003467,0.422915,0.414912,1
8.8e-05,4,0.191489,0.046956,0.147724,0.003467,0.422915,0.414912,1
8.8e-05,4,0.212766,0.046956,0.174353,0.003467,0.422915,0.414912,1
8.8e-05,4,0.234043,0.047106,0.2169,0.003467,0.422915,0.414912,1
8.8e-05,4,0.255319,0.049868,0.307349,0.003467,0.422915,0.414912,1
8.8e-05,4,0.276596,0.047106,0.403451,0.003467,0.422915,0.414912,1
8.8e-05,4,0.297872,0.046956,0.407766,0.003467,0.422915,0.414912,1
8.8e-05,4,0.319149,0.041161,0.465486,0.003467,0.422915,0.414912,0
8.8e-05,4,0.340426,0.040711,0.490777,0.003467,0.422915,0.414912,0
8.8e-05,4,0.361702,0.041161,0.493603,0.003467,0.422915,0.414912,0
8.8e-05,4,0.382979,0.045515,0.519786,0.003467,0.422915,0.414912,1
8.8e-05,4,0.404255,0.046956,0.531836,0.003467,0.422915,0.414912,1
8.8e-05,4,0.425532,0.046956,0.520976,0.003467,0.422915,0.414912,1
8.8e-05,4,0.446809,0.047106,0.490925,0.003467,0.422915,0.414912,1
8.8e-05,4,0.468085,0.047106,0.49762,0.003467,0.422915,0.414912,1
8.8e-05,4,0.489362,0.047106,0.490479,0.003467,0.422915,0.414912,1
8.8e-05,4,0.510638,0.047106,0.482892,0.003467,0.422915,0.414912,1
8.8e-05,4,0.531915,0.047436,0.475751,0.003467,0.422915,0.414912,1
8.8e-05,4,0.553191,0.047436,0.474412,0.003467,0.422915,0.414912,1
8.8e-05,4,0.574468,0.047106,0.466825,0.003467,0.422915,0.414912,1
8.8e-05,4,0.595745,0.047106,0.458792,0.003467,0.422915,0.414912,1
8.8e-05,4,0.617021,0.047106,0.446742,0.003467,0.422915,0.414912,1
8.8e-05,4,0.638298,0.046956,0.439601,0.003467,0.422915,0.414912,1
8.8e-05,4,0.659574,0.046956,0.442428,0.003467,0.422915,0.414912,1
8.8e-05,4,0.680851,0.042482,0.450461,0.003467,0.422915,0.414912,0
8.8e-05,4,0.702128,0.042482,0.468015,0.003467,0.422915,0.414912,0
8.8e-05,4,0.723404,0.046956,0.510562,0.003467,0.422915,0.414912,1
8.8e-05,4,0.744681,0.046956,0.592086,0.003467,0.422915,0.414912,1
8.8e-05,4,0.765957,0.046956,0.584796,0.003467,0.422915,0.414912,1
8.8e-05,4,0.787234,0.042482,0.558018,0.003467,0.422915,0.414912,0
8.8e-05,4,0.808511,0.040711,0.52053,0.003467,0.422915,0.414912,0
8.8e-05,4,0.829787,0.040711,0.493454,0.003467,0.422915,0.414912,0
8.8e-05,4,0.851064,0.042482,0.473817,0.003467,0.422915,0.414912,0
8.8e-05,4,0.87234,0.041882,0.453585,0.003467,0.422915,0.414912,0
8.8e-05,4,0.893617,0.046956,0.407468,0.003467,0.422915,0.414912,1
8.8e-05,4,0.914894,0.046956,0.371169,0.003467,0.422915,0.414912,1
8.8e-05,4,0.93617,0.056443,0.422345,0.003467,0.422915,0.414912,1
8.8e-05,4,0.957447,0.051699,0.442577,0.003467,0.422915,0.414912,1
8.8e-05,4,0.978723,0.075868,0.46385,0.003467,0.422915,0.414912,1
8.8e-05,4,1.0,0.075267,0.462065,0.003467,0.422915,0.414912,1
0.000133,5,0.0,0.075868,0.459833,0.003467,0.422915,0.414912,1
0.000133,5,0.021277,0.075868,0.434543,0.003467,0.422915,0.414912,1
0.000133,5,0.042553,0.074517,0.395567,0.003467,0.422915,0.414912,1
0.000133,5,0.06383,0.075267,0.327879,0.003467,0.422915,0.414912,1
0.000133,5,0.085106,0.075868,0.273282,0.003467,0.422915,0.414912,1
0.000133,5,0.106383,0.074517,0.232223,0.003467,0.422915,0.414912,1
0.000133,5,0.12766,0.073976,0.187295,0.003467,0.422915,0.414912,1
0.000133,5,0.148936,0.073976,0.164237,0.003467,0.422915,0.414912,1
0.000133,5,0.170213,0.076948,0.154418,0.003467,0.422915,0.414912,1
0.000133,5,0.191489,0.074367,0.159625,0.003467,0.422915,0.414912,1
0.000133,5,0.212766,0.074367,0.182981,0.003467,0.422915,0.414912,1
0.000133,5,0.234043,0.076948,0.226867,0.003467,0.422915,0.414912,1
0.000133,5,0.255319,0.077999,0.314192,0.003467,0.422915,0.414912,1
0.000133,5,0.276596,0.077039,0.401517,0.003467,0.422915,0.414912,1
0.000133,5,0.297872,0.089798,0.405832,0.003467,0.422915,0.414912,1
0.000133,5,0.319149,0.089798,0.457751,0.003467,0.422915,0.414912,1
0.000133,5,0.340426,0.089798,0.496727,0.003467,0.422915,0.414912,1
0.000133,5,0.361702,0.089798,0.500595,0.003467,0.422915,0.414912,1
0.000133,5,0.382979,0.149664,0.542101,0.003467,0.422915,0.414912,1
0.000133,5,0.404255,0.089798,0.550878,0.003467,0.422915,0.414912,1
0.000133,5,0.425532,0.089798,0.535257,0.003467,0.422915,0.414912,1
0.000133,5,0.446809,0.089798,0.516662,0.003467,0.422915,0.414912,1
0.000133,5,0.468085,0.047676,0.50476,0.003467,0.422915,0.414912,0
0.000133,5,0.489362,0.146902,0.495537,0.003467,0.422915,0.414912,1
0.000133,5,0.510638,0.193287,0.485272,0.003467,0.422915,0.414912,1
0.000133,5,0.531915,0.193287,0.482594,0.003467,0.422915,0.414912,1
0.000133,5,0.553191,0.194548,0.473371,0.003467,0.422915,0.414912,1
0.000133,5,0.574468,0.193287,0.468164,0.003467,0.422915,0.414912,1
0.000133,5,0.595745,0.139636,0.461619,0.003467,0.422915,0.414912,1
0.000133,5,0.617021,0.149664,0.456709,0.003467,0.422915,0.414912,1
0.000133,5,0.638298,0.089798,0.439453,0.003467,0.422915,0.414912,1
0.000133,5,0.659574,0.089798,0.438411,0.003467,0.422915,0.414912,1
0.000133,5,0.680851,0.06626,0.441684,0.003467,0.422915,0.414912,0
0.000133,5,0.702128,0.089798,0.458792,0.003467,0.422915,0.414912,1
0.000133,5,0.723404,0.089798,0.499554,0.003467,0.422915,0.414912,1
0.000133,5,0.744681,0.077039,0.54939,0.003467,0.422915,0.414912,0
0.000133,5,0.765957,0.047586,0.53377,0.003467,0.422915,0.414912,0
0.000133,5,0.787234,0.076948,0.505504,0.003467,0.422915,0.414912,0
0.000133,5,0.808511,0.076948,0.458346,0.003467,0.422915,0.414912,0
0.000133,5,0.829787,0.074036,0.429485,0.003467,0.422915,0.414912,0
0.000133,5,0.851064,0.047586,0.399137,0.003467,0.422915,0.414912,0
0.000133,5,0.87234,0.047586,0.376525,0.003467,0.422915,0.414912,0
0.000133,5,0.893617,0.072835,0.352127,0.003467,0.422915,0.414912,0
0.000133,5,0.914894,0.047586,0.309283,0.003467,0.422915,0.414912,0
0.000133,5,0.93617,0.072835,0.381434,0.003467,0.422915,0.414912,0
0.000133,5,0.957447,0.074367,0.408956,0.003467,0.422915,0.414912,0
0.000133,5,0.978723,0.093611,0.43856,0.003467,0.422915,0.414912,1
0.000133,5,1.0,0.149664,0.435436,0.003467,0.422915,0.414912,1
0.000177,6,0.0,0.076948,0.436924,0.003467,0.422915,0.414912,0
0.000177,6,0.021277,0.074336,0.407468,0.003467,0.422915,0.414912,0
0.000177,6,0.042553,0.077039,0.368343,0.003467,0.422915,0.414912,0
0.000177,6,0.06383,0.072835,0.304522,0.003467,0.422915,0.414912,0
0.000177,6,0.085106,0.071905,0.246355,0.003467,0.422915,0.414912,0
0.000177,6,0.106383,0.046956,0.196816,0.003467,0.422915,0.414912,0
0.000177,6,0.12766,0.046956,0.152633,0.003467,0.422915,0.414912,0
0.000177,6,0.148936,0.046806,0.127343,0.003467,0.422915,0.414912,0
0.000177,6,0.170213,0.046956,0.11083,0.003467,0.422915,0.414912,0
0.000177,6,0.191489,0.046956,0.101607,0.003467,0.422915,0.414912,0
0.000177,6,0.212766,0.046956,0.105326,0.003467,0.422915,0.414912,0
0.000177,6,0.234043,0.062417,0.120649,0.003467,0.422915,0.414912,0
0.000177,6,0.255319,0.062417,0.149807,0.003467,0.422915,0.414912,0
0.000177,6,0.276596,0.072145,0.176882,0.003467,0.422915,0.414912,0
0.000177,6,0.297872,0.047106,0.214073,0.003467,0.422915,0.414912,0
0.000177,6,0.319149,0.080581,0.286224,0.003467,0.422915,0.414912,0
0.000177,6,0.340426,0.072145,0.344243,0.003467,0.422915,0.414912,0
0.000177,6,0.361702,0.080581,0.385897,0.003467,0.422915,0.414912,0
0.000177,6,0.382979,0.080581,0.423535,0.003467,0.422915,0.414912,0
0.000177,6,0.404255,0.072745,0.428593,0.003467,0.422915,0.414912,0
0.000177,6,0.425532,0.047376,0.416989,0.003467,0.422915,0.414912,0
0.000177,6,0.446809,0.047256,0.403154,0.003467,0.422915,0.414912,0
0.000177,6,0.468085,0.072145,0.382624,0.003467,0.422915,0.414912,0
0.000177,6,0.489362,0.047256,0.371021,0.003467,0.422915,0.414912,0
0.000177,6,0.510638,0.072145,0.354508,0.003467,0.422915,0.414912,0
0.000177,6,0.531915,0.047256,0.337102,0.003467,0.422915,0.414912,0
0.000177,6,0.553191,0.047256,0.325796,0.003467,0.422915,0.414912,0
0.000177,6,0.574468,0.072145,0.313746,0.003467,0.422915,0.414912,0
0.000177,6,0.595745,0.047256,0.296489,0.003467,0.422915,0.414912,0
0.000177,6,0.617021,0.047256,0.287266,0.003467,0.422915,0.414912,0
0.000177,6,0.638298,0.072145,0.284588,0.003467,0.422915,0.414912,1
0.000177,6,0.659574,0.072745,0.287266,0.003467,0.422915,0.414912,1
0.000177,6,0.680851,0.080581,0.291431,0.003467,0.422915,0.414912,1
0.000177,6,0.702128,0.080581,0.318209,0.003467,0.422915,0.414912,1
0.000177,6,0.723404,0.072745,0.363136,0.003467,0.422915,0.414912,1
0.000177,6,0.744681,0.080581,0.44942,0.003467,0.422915,0.414912,1
0.000177,6,0.765957,0.072745,0.458048,0.003467,0.422915,0.414912,1
0.000177,6,0.787234,0.072145,0.428444,0.003467,0.422915,0.414912,1
0.000177,6,0.808511,0.047256,0.385302,0.003467,0.422915,0.414912,0
0.000177,6,0.829787,0.047256,0.351532,0.003467,0.422915,0.414912,0
0.000177,6,0.851064,0.047256,0.32535,0.003467,0.422915,0.414912,0
0.000177,6,0.87234,0.047256,0.309432,0.003467,0.422915,0.414912,0
0.000177,6,0.893617,0.047106,0.282059,0.003467,0.422915,0.414912,0
0.000177,6,0.914894,0.047106,0.259447,0.003467,0.422915,0.414912,0
0.000177,6,0.93617,0.072145,0.29753,0.003467,0.422915,0.414912,1
0.000177,6,0.957447,0.047106,0.31687,0.003467,0.422915,0.414912,0
0.000177,6,0.978723,0.047256,0.3374,0.003467,0.422915,0.414912,0
0.000177,6,1.0,0.047256,0.316572,0.003467,0.422915,0.414912,0
0.000221,7,0.0,0.047106,0.30244,0.003467,0.422915,0.414912,0
0.000221,7,0.021277,0.047106,0.259,0.003467,0.422915,0.414912,0
0.000221,7,0.042553,0.047106,0.234157,0.003467,0.422915,0.414912,0
0.000221,7,0.06383,0.047106,0.182089,0.003467,0.422915,0.414912,0
0.000221,7,0.085106,0.046956,0.140732,0.003467,0.422915,0.414912,0
0.000221,7,0.106383,0.062417,0.111425,0.003467,0.422915,0.414912,1
0.000221,7,0.12766,0.062417,0.087176,0.003467,0.422915,0.414912,1
0.000221,7,0.148936,0.062417,0.07349,0.003467,0.422915,0.414912,1
0.000221,7,0.170213,0.062417,0.058167,0.003467,0.422915,0.414912,1
0.000221,7,0.191489,0.062417,0.052812,0.003467,0.422915,0.414912,1
0.000221,7,0.212766,0.063889,0.064267,0.003467,0.422915,0.414912,1
0.000221,7,0.234043,0.062417,0.074383,0.003467,0.422915,0.414912,1
0.000221,7,0.255319,0.062417,0.090747,0.003467,0.422915,0.414912,1
0.000221,7,0.276596,0.046956,0.091937,0.003467,0.422915,0.414912,0
0.000221,7,0.297872,0.046956,0.127938,0.003467,0.422915,0.414912,0
0.000221,7,0.319149,0.047256,0.180452,0.003467,0.422915,0.414912,0
0.000221,7,0.340426,0.047256,0.230884,0.003467,0.422915,0.414912,0
0.000221,7,0.361702,0.047256,0.277298,0.003467,0.422915,0.414912,0
0.000221,7,0.382979,0.047376,0.327581,0.003467,0.422915,0.414912,0
0.000221,7,0.404255,0.047376,0.351235,0.003467,0.422915,0.414912,0
0.000221,7,0.425532,0.047256,0.355251,0.003467,0.422915,0.414912,0
0.000221,7,0.446809,0.047256,0.345582,0.003467,0.422915,0.414912,0
0.000221,7,0.468085,0.071694,0.337251,0.003467,0.422915,0.414912,1
0.000221,7,0.489362,0.054131,0.323416,0.003467,0.422915,0.414912,0
0.000221,7,0.510638,0.071694,0.308242,0.003467,0.422915,0.414912,1
0.000221,7,0.531915,0.069383,0.281018,0.003467,0.422915,0.414912,1
0.000221,7,0.553191,0.047256,0.263612,0.003467,0.422915,0.414912,0
0.000221,7,0.574468,0.047256,0.244868,0.003467,0.422915,0.414912,0
0.000221,7,0.595745,0.047256,0.235049,0.003467,0.422915,0.414912,0
0.000221,7,0.617021,0.047106,0.231479,0.003467,0.422915,0.414912,0
0.000221,7,0.638298,0.047256,0.23252,0.003467,0.422915,0.414912,0
0.000221,7,0.659574,0.047106,0.240405,0.003467,0.422915,0.414912,0
0.000221,7,0.680851,0.047256,0.240702,0.003467,0.422915,0.414912,0
0.000221,7,0.702128,0.047256,0.263761,0.003467,0.422915,0.414912,0
0.000221,7,0.723404,0.047286,0.311068,0.003467,0.422915,0.414912,0
0.000221,7,0.744681,0.047436,0.387682,0.003467,0.422915,0.414912,0
0.000221,7,0.765957,0.069383,0.403898,0.003467,0.422915,0.414912,1
0.000221,7,0.787234,0.047376,0.383071,0.003467,0.422915,0.414912,0
0.000221,7,0.808511,0.047256,0.366706,0.003467,0.422915,0.414912,0
0.000221,7,0.829787,0.047256,0.346772,0.003467,0.422915,0.414912,0
0.000221,7,0.851064,0.047256,0.328771,0.003467,0.422915,0.414912,0
0.000221,7,0.87234,0.047106,0.311068,0.003467,0.422915,0.414912,0
0.000221,7,0.893617,0.047106,0.280571,0.003467,0.422915,0.414912,0
0.000221,7,0.914894,0.047106,0.252455,0.003467,0.422915,0.414912,0
0.000221,7,0.93617,0.047106,0.287414,0.003467,0.422915,0.414912,0
0.000221,7,0.957447,0.047256,0.298869,0.003467,0.422915,0.414912,0
0.000221,7,0.978723,0.047256,0.316424,0.003467,0.422915,0.414912,0
0.000221,7,1.0,0.047106,0.293663,0.003467,0.422915,0.414912,0
0.000265,1,0.0,0.047106,0.282654,0.003467,0.422915,0.414912,0
0.000265,1,0.021277,0.047106,0.247694,0.003467,0.422915,0.414912,0
0.000265,1,0.042553,0.047106,0.233859,0.003467,0.422915,0.414912,0
0.000265,1,0.06383,0.046956,0.185808,0.003467,0.422915,0.414912,0
0.000265,1,0.085106,0.046956,0.154865,0.003467,0.422915,0.414912,0
0.000265,1,0.106383,0.046956,0.127789,0.003467,0.422915,0.414912,0
0.000265,1,0.12766,0.046956,0.112169,0.003467,0.422915,0.414912,0
0.000265,1,0.148936,0.046806,0.101309,0.003467,0.422915,0.414912,0
0.000265,1,0.170213,0.046806,0.10235,0.003467,0.422915,0.414912,0
0.000265,1,0.191489,0.046806,0.110533,0.003467,0.422915,0.414912,0
0.000265,1,0.212766,0.046806,0.143112,0.003467,0.422915,0.414912,0
0.000265,1,0.234043,0.047256,0.187742,0.003467,0.422915,0.414912,0
0.000265,1,0.255319,0.047256,0.27953,0.003467,0.422915,0.414912,0
0.000265,1,0.276596,0.047106,0.367599,0.003467,0.422915,0.414912,0
0.000265,1,0.297872,0.10475,0.375483,0.003467,0.422915,0.414912,1
0.000265,1,0.319149,0.10475,0.435882,0.003467,0.422915,0.414912,1
0.000265,1,0.340426,0.155878,0.465338,0.003467,0.422915,0.414912,1
0.000265,1,0.361702,0.153206,0.469652,0.003467,0.422915,0.414912,1
0.000265,1,0.382979,0.10475,0.512348,0.003467,0.422915,0.414912,1
0.000265,1,0.404255,0.10475,0.529753,0.003467,0.422915,0.414912,1
0.000265,1,0.425532,0.10475,0.519042,0.003467,0.422915,0.414912,1
0.000265,1,0.446809,0.074817,0.498959,0.003467,0.422915,0.414912,1
0.000265,1,0.468085,0.10475,0.495091,0.003467,0.422915,0.414912,1
0.000265,1,0.489362,0.10475,0.492711,0.003467,0.422915,0.414912,1
0.000265,1,0.510638,0.13105,0.488545,0.003467,0.422915,0.414912,1
0.000265,1,0.531915,0.10475,0.476346,0.003467,0.422915,0.414912,1
0.000265,1,0.553191,0.10475,0.478578,0.003467,0.422915,0.414912,1
0.000265,1,0.574468,0.13105,0.478429,0.003467,0.422915,0.414912,1
0.000265,1,0.595745,0.13105,0.473222,0.003467,0.422915,0.414912,1
0.000265,1,0.617021,0.13105,0.467718,0.003467,0.422915,0.414912,1
0.000265,1,0.638298,0.13105,0.457007,0.003467,0.422915,0.414912,1
0.000265,1,0.659574,0.13105,0.472925,0.003467,0.422915,0.414912,1
0.000265,1,0.680851,0.179596,0.489289,0.003467,0.422915,0.414912,1
0.000265,1,0.702128,0.179596,0.53734,0.003467,0.422915,0.414912,1
0.000265,1,0.723404,0.209229,0.591639,0.003467,0.422915,0.414912,1
0.000265,1,0.744681,0.194548,0.651592,0.003467,0.422915,0.414912,1
0.000265,1,0.765957,0.193287,0.629575,0.003467,0.422915,0.414912,1
0.000265,1,0.787234,0.179596,0.597292,0.003467,0.422915,0.414912,1
0.000265,1,0.808511,0.179596,0.558316,0.003467,0.422915,0.414912,1
0.000265,1,0.829787,0.13105,0.526034,0.003467,0.422915,0.414912,1
0.000265,1,0.851064,0.155878,0.497025,0.003467,0.422915,0.414912,1
0.000265,1,0.87234,0.10475,0.471883,0.003467,0.422915,0.414912,1
0.000265,1,0.893617,0.109283,0.427998,0.003467,0.422915,0.414912,1
0.000265,1,0.914894,0.10475,0.3795,0.003467,0.422915,0.414912,1
0.000265,1,0.93617,0.088327,0.425022,0.003467,0.422915,0.414912,0
0.000265,1,0.957447,0.088327,0.448825,0.003467,0.422915,0.414912,0
0.000265,1,0.978723,0.109283,0.468462,0.003467,0.422915,0.414912,1
0.000265,1,1.0,0.077039,0.46385,0.003467,0.422915,0.414912,0
0.00031,2,0.0,0.077039,0.459685,0.003467,0.422915,0.414912,0
0.00031,2,0.021277,0.088327,0.438857,0.003467,0.422915,0.414912,0
0.00031,2,0.042553,0.047256,0.409551,0.003467,0.422915,0.414912,0
0.00031,2,0.06383,0.047106,0.341416,0.003467,0.422915,0.414912,0
0.00031,2,0.085106,0.047106,0.279232,0.003467,0.422915,0.414912,0
0.00031,2,0.106383,0.046956,0.236686,0.003467,0.422915,0.414912,0
0.00031,2,0.12766,0.046956,0.193692,0.003467,0.422915,0.414912,0
0.00031,2,0.148936,0.062417,0.167361,0.003467,0.422915,0.414912,0
0.00031,2,0.170213,0.077999,0.157542,0.003467,0.422915,0.414912,0
0.00031,2,0.191489,0.077999,0.158137,0.003467,0.422915,0.414912,0
0.00031,2,0.212766,0.077999,0.186105,0.003467,0.422915,0.414912,0
0.00031,2,0.234043,0.083794,0.233115,0.003467,0.422915,0.414912,0
0.00031,2,0.255319,0.085415,0.323862,0.003467,0.422915,0.414912,0
0.00031,2,0.276596,0.162093,0.436626,0.003467,0.422915,0.414912,1
0.00031,2,0.297872,0.162093,0.447188,0.003467,0.422915,0.414912,1
0.00031,2,0.319149,0.179596,0.505802,0.003467,0.422915,0.414912,1
0.00031,2,0.340426,0.179596,0.528265,0.003467,0.422915,0.414912,1
0.00031,2,0.361702,0.179596,0.523654,0.003467,0.422915,0.414912,1
0.00031,2,0.382979,0.179596,0.558762,0.003467,0.422915,0.414912,1
0.00031,2,0.404255,0.179596,0.5723,0.003467,0.422915,0.414912,1
0.00031,2,0.425532,0.162093,0.553704,0.003467,0.422915,0.414912,1
0.00031,2,0.446809,0.10475,0.533621,0.003467,0.422915,0.414912,0
0.00031,2,0.468085,0.162093,0.516513,0.003467,0.422915,0.414912,1
0.00031,2,0.489362,0.143389,0.509223,0.003467,0.422915,0.414912,1
0.00031,2,0.510638,0.13105,0.497173,0.003467,0.422915,0.414912,1
0.00031,2,0.531915,0.143389,0.499851,0.003467,0.422915,0.414912,1
0.00031,2,0.553191,0.143389,0.502083,0.003467,0.422915,0.414912,1
0.00031,2,0.574468,0.143389,0.491372,0.003467,0.422915,0.414912,1
0.00031,2,0.595745,0.143389,0.479768,0.003467,0.422915,0.414912,1
0.00031,2,0.617021,0.13105,0.47471,0.003467,0.422915,0.414912,1
0.00031,2,0.638298,0.13105,0.468015,0.003467,0.422915,0.414912,1
0.00031,2,0.659574,0.13105,0.484826,0.003467,0.422915,0.414912,1
0.00031,2,0.680851,0.162093,0.498959,0.003467,0.422915,0.414912,1
0.00031,2,0.702128,0.179596,0.540762,0.003467,0.422915,0.414912,1
0.00031,2,0.723404,0.194548,0.612169,0.003467,0.422915,0.414912,1
0.00031,2,0.744681,0.194548,0.678667,0.003467,0.422915,0.414912,1
0.00031,2,0.765957,0.194548,0.665873,0.003467,0.422915,0.414912,1
0.00031,2,0.787234,0.188904,0.635228,0.003467,0.422915,0.414912,1
0.00031,2,0.808511,0.179596,0.585242,0.003467,0.422915,0.414912,1
0.00031,2,0.829787,0.179596,0.562035,0.003467,0.422915,0.414912,1
0.00031,2,0.851064,0.143389,0.535852,0.003467,0.422915,0.414912,1
0.00031,2,0.87234,0.121713,0.508033,0.003467,0.422915,0.414912,0
0.00031,2,0.893617,0.10475,0.463106,0.003467,0.422915,0.414912,0
0.00031,2,0.914894,0.10475,0.422047,0.003467,0.422915,0.414912,0
0.00031,2,0.93617,0.13105,0.458941,0.003467,0.422915,0.414912,1
0.00031,2,0.957447,0.121713,0.470098,0.003467,0.422915,0.414912,0
0.00031,2,0.978723,0.090759,0.488396,0.003467,0.422915,0.414912,0
0.00031,2,1.0,0.121713,0.480661,0.003467,0.422915,0.414912,0
0.000354,3,0.0,0.121713,0.486314,0.003467,0.422915,0.414912,0
0.000354,3,0.021277,0.121713,0.459387,0.003467,0.422915,0.414912,0
0.000354,3,0.042553,0.085415,0.431419,0.003467,0.422915,0.414912,0
0.000354,3,0.06383,0.083794,0.363582,0.003467,0.422915,0.414912,0
0.000354,3,0.085106,0.083794,0.311068,0.003467,0.422915,0.414912,0
0.000354,3,0.106383,0.080581,0.258554,0.003467,0.422915,0.414912,0
0.000354,3,0.12766,0.077999,0.217197,0.003467,0.422915,0.414912,0
0.000354,3,0.148936,0.077999,0.186998,0.003467,0.422915,0.414912,0
0.000354,3,0.170213,0.062417,0.175245,0.003467,0.422915,0.414912,0
0.000354,3,0.191489,0.062417,0.173312,0.003467,0.422915,0.414912,0
0.000354,3,0.212766,0.077999,0.202321,0.003467,0.422915,0.414912,0
0.000354,3,0.234043,0.077999,0.243529,0.003467,0.422915,0.414912,0
0.000354,3,0.255319,0.121713,0.345284,0.003467,0.422915,0.414912,0
0.000354,3,0.276596,0.140267,0.451503,0.003467,0.422915,0.414912,1
0.000354,3,0.297872,0.162093,0.461321,0.003467,0.422915,0.414912,1
0.000354,3,0.319149,0.193287,0.525588,0.003467,0.422915,0.414912,1
0.000354,3,0.340426,0.179596,0.544183,0.003467,0.422915,0.414912,1
0.000354,3,0.361702,0.162093,0.533323,0.003467,0.422915,0.414912,1
0.000354,3,0.382979,0.140267,0.563672,0.003467,0.422915,0.414912,1
0.000354,3,0.404255,0.119731,0.567986,0.003467,0.422915,0.414912,0
0.000354,3,0.425532,0.119731,0.551175,0.003467,0.422915,0.414912,0
0.000354,3,0.446809,0.119731,0.529902,0.003467,0.422915,0.414912,0
0.000354,3,0.468085,0.089798,0.518298,0.003467,0.422915,0.414912,0
0.000354,3,0.489362,0.119731,0.503422,0.003467,0.422915,0.414912,0
0.000354,3,0.510638,0.119731,0.492264,0.003467,0.422915,0.414912,0
0.000354,3,0.531915,0.089798,0.481702,0.003467,0.422915,0.414912,0
0.000354,3,0.553191,0.089798,0.472925,0.003467,0.422915,0.414912,0
0.000354,3,0.574468,0.089798,0.468908,0.003467,0.422915,0.414912,0
0.000354,3,0.595745,0.089798,0.456412,0.003467,0.422915,0.414912,0
0.000354,3,0.617021,0.089798,0.441238,0.003467,0.422915,0.414912,0
0.000354,3,0.638298,0.089798,0.43499,0.003467,0.422915,0.414912,0
0.000354,3,0.659574,0.045214,0.450164,0.003467,0.422915,0.414912,0
0.000354,3,0.680851,0.089798,0.463106,0.003467,0.422915,0.414912,0
0.000354,3,0.702128,0.119731,0.500149,0.003467,0.422915,0.414912,1
0.000354,3,0.723404,0.203525,0.570217,0.003467,0.422915,0.414912,1
0.000354,3,0.744681,0.203525,0.645492,0.003467,0.422915,0.414912,1
0.000354,3,0.765957,0.203525,0.632699,0.003467,0.422915,0.414912,1
0.000354,3,0.787234,0.193287,0.604582,0.003467,0.422915,0.414912,1
0.000354,3,0.808511,0.162093,0.565605,0.003467,0.422915,0.414912,1
0.000354,3,0.829787,0.140267,0.540315,0.003467,0.422915,0.414912,1
0.000354,3,0.851064,0.119731,0.519786,0.003467,0.422915,0.414912,1
0.000354,3,0.87234,0.119731,0.488694,0.003467,0.422915,0.414912,1
0.000354,3,0.893617,0.119731,0.44823,0.003467,0.422915,0.414912,1
0.000354,3,0.914894,0.119731,0.399732,0.003467,0.422915,0.414912,1
0.000354,3,0.93617,0.140267,0.448825,0.003467,0.422915,0.414912,1
0.000354,3,0.957447,0.13105,0.464296,0.003467,0.422915,0.414912,1
0.000354,3,0.978723,0.134622,0.487652,0.003467,0.422915,0.414912,1
0.000354,3,1.0,0.121713,0.488545,0.003467,0.422915,0.414912,1
0.000398,4,0.0,0.140267,0.49033,0.003467,0.422915,0.414912,1
0.000398,4,0.021277,0.121713,0.463999,0.003467,0.422915,0.414912,1
0.000398,4,0.042553,0.111024,0.428741,0.003467,0.422915,0.414912,0
0.000398,4,0.06383,0.090759,0.366855,0.003467,0.422915,0.414912,0
0.000398,4,0.085106,0.077999,0.307349,0.003467,0.422915,0.414912,0
0.000398,4,0.106383,0.077999,0.261232,0.003467,0.422915,0.414912,0
0.000398,4,0.12766,0.062417,0.215115,0.003467,0.422915,0.414912,0
0.000398,4,0.148936,0.077999,0.186254,0.003467,0.422915,0.414912,0
0.000398,4,0.170213,0.074877,0.170336,0.003467,0.422915,0.414912,0
0.000398,4,0.191489,0.074877,0.171526,0.003467,0.422915,0.414912,0
0.000398,4,0.212766,0.081122,0.199494,0.003467,0.422915,0.414912,0
0.000398,4,0.234043,0.081122,0.241595,0.003467,0.422915,0.414912,0
0.000398,4,0.255319,0.114057,0.338143,0.003467,0.422915,0.414912,0
0.000398,4,0.276596,0.13105,0.44332,0.003467,0.422915,0.414912,1
0.000398,4,0.297872,0.13105,0.45537,0.003467,0.422915,0.414912,1
0.000398,4,0.319149,0.149634,0.524695,0.003467,0.422915,0.414912,1
0.000398,4,0.340426,0.149634,0.543737,0.003467,0.422915,0.414912,1
0.000398,4,0.361702,0.13105,0.536894,0.003467,0.422915,0.414912,1
0.000398,4,0.382979,0.110724,0.57706,0.003467,0.422915,0.414912,0
0.000398,4,0.404255,0.110724,0.586581,0.003467,0.422915,0.414912,0
0.000398,4,0.425532,0.107752,0.571407,0.003467,0.422915,0.414912,0
0.000398,4,0.446809,0.107752,0.552812,0.003467,0.422915,0.414912,0
0.000398,4,0.468085,0.107752,0.537043,0.003467,0.422915,0.414912,0
0.000398,4,0.489362,0.074817,0.530646,0.003467,0.422915,0.414912,0
0.000398,4,0.510638,0.074817,0.523951,0.003467,0.422915,0.414912,0
0.000398,4,0.531915,0.074817,0.514579,0.003467,0.422915,0.414912,0
0.000398,4,0.553191,0.074817,0.500149,0.003467,0.422915,0.414912,0
0.000398,4,0.574468,0.107752,0.502678,0.003467,0.422915,0.414912,0
0.000398,4,0.595745,0.074817,0.495537,0.003467,0.422915,0.414912,0
0.000398,4,0.617021,0.074817,0.488545,0.003467,0.422915,0.414912,0
0.000398,4,0.638298,0.107752,0.48557,0.003467,0.422915,0.414912,0
0.000398,4,0.659574,0.107752,0.496578,0.003467,0.422915,0.414912,0
0.000398,4,0.680851,0.107752,0.517852,0.003467,0.422915,0.414912,0
0.000398,4,0.702128,0.121713,0.557126,0.003467,0.422915,0.414912,1
0.000398,4,0.723404,0.149664,0.616483,0.003467,0.422915,0.414912,1
0.000398,4,0.744681,0.149664,0.678667,0.003467,0.422915,0.414912,1
0.000398,4,0.765957,0.149664,0.670485,0.003467,0.422915,0.414912,1
0.000398,4,0.787234,0.149664,0.646534,0.003467,0.422915,0.414912,1
0.000398,4,0.808511,0.149664,0.608599,0.003467,0.422915,0.414912,1
0.000398,4,0.829787,0.134622,0.578697,0.003467,0.422915,0.414912,1
0.000398,4,0.851064,0.121713,0.560399,0.003467,0.422915,0.414912,1
0.000398,4,0.87234,0.110724,0.528265,0.003467,0.422915,0.414912,0
0.000398,4,0.893617,0.107752,0.475602,0.003467,0.422915,0.414912,0
0.000398,4,0.914894,0.107752,0.430527,0.003467,0.422915,0.414912,0
0.000398,4,0.93617,0.121713,0.477388,0.003467,0.422915,0.414912,1
0.000398,4,0.957447,0.13093,0.49033,0.003467,0.422915,0.414912,1
0.000398,4,0.978723,0.13093,0.500446,0.003467,0.422915,0.414912,1
0.000398,4,1.0,0.13093,0.489586,0.003467,0.422915,0.414912,1
0.000442,5,0.0,0.13093,0.485421,0.003467,0.422915,0.414912,1
0.000442,5,0.021277,0.121713,0.461619,0.003467,0.422915,0.414912,1
0.000442,5,0.042553,0.111024,0.433948,0.003467,0.422915,0.414912,1
0.000442,5,0.06383,0.090759,0.364177,0.003467,0.422915,0.414912,0
0.000442,5,0.085106,0.081122,0.308688,0.003467,0.422915,0.414912,0
0.000442,5,0.106383,0.081122,0.262571,0.003467,0.422915,0.414912,0
0.000442,5,0.12766,0.081122,0.217197,0.003467,0.422915,0.414912,0
0.000442,5,0.148936,0.081122,0.190866,0.003467,0.422915,0.414912,0
0.000442,5,0.170213,0.081122,0.176138,0.003467,0.422915,0.414912,0
0.000442,5,0.191489,0.081122,0.175245,0.003467,0.422915,0.414912,0
0.000442,5,0.212766,0.081122,0.203511,0.003467,0.422915,0.414912,0
0.000442,5,0.234043,0.121713,0.246504,0.003467,0.422915,0.414912,1
0.000442,5,0.255319,0.134622,0.339334,0.003467,0.422915,0.414912,1
0.000442,5,0.276596,0.14447,0.444511,0.003467,0.422915,0.414912,1
0.000442,5,0.297872,0.044134,0.459833,0.003467,0.422915,0.414912,0
0.000442,5,0.319149,0.07926,0.526778,0.003467,0.422915,0.414912,0
0.000442,5,0.340426,0.13105,0.546712,0.003467,0.422915,0.414912,1
0.000442,5,0.361702,0.13096,0.543886,0.003467,0.422915,0.414912,1
0.000442,5,0.382979,0.178095,0.576317,0.003467,0.422915,0.414912,1
0.000442,5,0.404255,0.168338,0.582565,0.003467,0.422915,0.414912,1
0.000442,5,0.425532,0.168338,0.564713,0.003467,0.422915,0.414912,1
0.000442,5,0.446809,0.149634,0.545076,0.003467,0.422915,0.414912,1
0.000442,5,0.468085,0.149634,0.530943,0.003467,0.422915,0.414912,1
0.000442,5,0.489362,0.149634,0.529009,0.003467,0.422915,0.414912,1
0.000442,5,0.510638,0.146391,0.519786,0.003467,0.422915,0.414912,1
0.000442,5,0.531915,0.13105,0.510562,0.003467,0.422915,0.414912,1
0.000442,5,0.553191,0.13093,0.492859,0.003467,0.422915,0.414912,1
0.000442,5,0.574468,0.13105,0.481851,0.003467,0.422915,0.414912,1
0.000442,5,0.595745,0.045214,0.469057,0.003467,0.422915,0.414912,0
0.000442,5,0.617021,0.13105,0.457751,0.003467,0.422915,0.414912,1
0.000442,5,0.638298,0.13105,0.451651,0.003467,0.422915,0.414912,1
0.000442,5,0.659574,0.149634,0.459982,0.003467,0.422915,0.414912,1
0.000442,5,0.680851,0.168338,0.472776,0.003467,0.422915,0.414912,1
0.000442,5,0.702128,0.168338,0.511009,0.003467,0.422915,0.414912,1
0.000442,5,0.723404,0.134622,0.567242,0.003467,0.422915,0.414912,1
0.000442,5,0.744681,0.092951,0.619756,0.003467,0.422915,0.414912,0
0.000442,5,0.765957,0.149634,0.592086,0.003467,0.422915,0.414912,1
0.000442,5,0.787234,0.13093,0.573341,0.003467,0.422915,0.414912,1
0.000442,5,0.808511,0.121713,0.528414,0.003467,0.422915,0.414912,0
0.000442,5,0.829787,0.045214,0.504017,0.003467,0.422915,0.414912,0
0.000442,5,0.851064,0.11874,0.480363,0.003467,0.422915,0.414912,0
0.000442,5,0.87234,0.076498,0.464743,0.003467,0.422915,0.414912,0
0.000442,5,0.893617,0.044134,0.423535,0.003467,0.422915,0.414912,0
0.000442,5,0.914894,0.076498,0.378608,0.003467,0.422915,0.414912,0
0.000442,5,0.93617,0.129248,0.43618,0.003467,0.422915,0.414912,1
0.000442,5,0.957447,0.090759,0.464445,0.003467,0.422915,0.414912,0
0.000442,5,0.978723,0.13093,0.489735,0.003467,0.422915,0.414912,1
0.000442,5,1.0,0.121713,0.484231,0.003467,0.422915,0.414912,1
0.000487,6,0.0,0.076498,0.478727,0.003467,0.422915,0.414912,0
0.000487,6,0.021277,0.044224,0.447337,0.003467,0.422915,0.414912,0
0.000487,6,0.042553,0.044073,0.412824,0.003467,0.422915,0.414912,0
0.000487,6,0.06383,0.045214,0.339929,0.003467,0.422915,0.414912,0
0.000487,6,0.085106,0.044104,0.280571,0.003467,0.422915,0.414912,0
0.000487,6,0.106383,0.045214,0.227611,0.003467,0.422915,0.414912,0
0.000487,6,0.12766,0.074877,0.185808,0.003467,0.422915,0.414912,0
0.000487,6,0.148936,0.074877,0.153377,0.003467,0.422915,0.414912,0
0.000487,6,0.170213,0.044104,0.132996,0.003467,0.422915,0.414912,0
0.000487,6,0.191489,0.067311,0.123326,0.003467,0.422915,0.414912,0
0.000487,6,0.212766,0.068302,0.126897,0.003467,0.422915,0.414912,0
0.000487,6,0.234043,0.068302,0.141922,0.003467,0.422915,0.414912,0
0.000487,6,0.255319,0.068302,0.171526,0.003467,0.422915,0.414912,0
0.000487,6,0.276596,0.07932,0.209461,0.003467,0.422915,0.414912,0
0.000487,6,0.297872,0.084364,0.254389,0.003467,0.422915,0.414912,0
0.000487,6,0.319149,0.084364,0.328176,0.003467,0.422915,0.414912,0
0.000487,6,0.340426,0.084364,0.394674,0.003467,0.422915,0.414912,0
0.000487,6,0.361702,0.102978,0.431866,0.003467,0.422915,0.414912,0
0.000487,6,0.382979,0.119731,0.468164,0.003467,0.422915,0.414912,1
0.000487,6,0.404255,0.119731,0.468164,0.003467,0.422915,0.414912,1
0.000487,6,0.425532,0.119731,0.453288,0.003467,0.422915,0.414912,1
0.000487,6,0.446809,0.117029,0.435733,0.003467,0.422915,0.414912,1
0.000487,6,0.468085,0.084544,0.420857,0.003467,0.422915,0.414912,0
0.000487,6,0.489362,0.084364,0.405088,0.003467,0.422915,0.414912,0
0.000487,6,0.510638,0.084364,0.395716,0.003467,0.422915,0.414912,0
0.000487,6,0.531915,0.07932,0.379649,0.003467,0.422915,0.414912,0
0.000487,6,0.553191,0.07932,0.368045,0.003467,0.422915,0.414912,0
0.000487,6,0.574468,0.07932,0.355995,0.003467,0.422915,0.414912,0
0.000487,6,0.595745,0.07932,0.347813,0.003467,0.422915,0.414912,0
0.000487,6,0.617021,0.07932,0.336805,0.003467,0.422915,0.414912,0
0.000487,6,0.638298,0.07932,0.338292,0.003467,0.422915,0.414912,0
0.000487,6,0.659574,0.084364,0.344689,0.003467,0.422915,0.414912,0
0.000487,6,0.680851,0.085895,0.356442,0.003467,0.422915,0.414912,0
0.000487,6,0.702128,0.085895,0.405385,0.003467,0.422915,0.414912,0
0.000487,6,0.723404,0.07932,0.467272,0.003467,0.422915,0.414912,0
0.000487,6,0.744681,0.102258,0.536745,0.003467,0.422915,0.414912,1
0.000487,6,0.765957,0.108262,0.53734,0.003467,0.422915,0.414912,1
0.000487,6,0.787234,0.099045,0.507587,0.003467,0.422915,0.414912,1
0.000487,6,0.808511,0.099045,0.462362,0.003467,0.422915,0.414912,1
0.000487,6,0.829787,0.099045,0.424278,0.003467,0.422915,0.414912,1
0.000487,6,0.851064,0.084364,0.400922,0.003467,0.422915,0.414912,1
0.000487,6,0.87234,0.07932,0.378756,0.003467,0.422915,0.414912,0
0.000487,6,0.893617,0.076168,0.347367,0.003467,0.422915,0.414912,0
0.000487,6,0.914894,0.076168,0.316275,0.003467,0.422915,0.414912,0
0.000487,6,0.93617,0.07932,0.35302,0.003467,0.422915,0.414912,0
0.000487,6,0.957447,0.076168,0.365665,0.003467,0.422915,0.414912,0
0.000487,6,0.978723,0.068302,0.381137,0.003467,0.422915,0.414912,0
0.000487,6,1.0,0.045214,0.349003,0.003467,0.422915,0.414912,0
0.000531,7,0.0,0.044224,0.335019,0.003467,0.422915,0.414912,0
0.000531,7,0.021277,0.045214,0.290539,0.003467,0.422915,0.414912,0
0.000531,7,0.042553,0.044104,0.264207,0.003467,0.422915,0.414912,0
0.000531,7,0.06383,0.044104,0.211693,0.003467,0.422915,0.414912,0
0.000531,7,0.085106,0.044104,0.171378,0.003467,0.422915,0.414912,0
0.000531,7,0.106383,0.044104,0.1385,0.003467,0.422915,0.414912,0
0.000531,7,0.12766,0.044104,0.112764,0.003467,0.422915,0.414912,0
0.000531,7,0.148936,0.044104,0.090598,0.003467,0.422915,0.414912,0
0.000531,7,0.170213,0.06518,0.081077,0.003467,0.422915,0.414912,0
0.000531,7,0.191489,0.06518,0.073639,0.003467,0.422915,0.414912,0
0.000531,7,0.212766,0.067311,0.081523,0.003467,0.422915,0.414912,0
0.000531,7,0.234043,0.067311,0.089259,0.003467,0.422915,0.414912,0
0.000531,7,0.255319,0.067311,0.112318,0.003467,0.422915,0.414912,0
0.000531,7,0.276596,0.067311,0.131657,0.003467,0.422915,0.414912,0
0.000531,7,0.297872,0.068302,0.15427,0.003467,0.422915,0.414912,0
0.000531,7,0.319149,0.080731,0.207825,0.003467,0.422915,0.414912,1
0.000531,7,0.340426,0.080731,0.268224,0.003467,0.422915,0.414912,1
0.000531,7,0.361702,0.084064,0.315977,0.003467,0.422915,0.414912,1
0.000531,7,0.382979,0.084064,0.365814,0.003467,0.422915,0.414912,1
0.000531,7,0.404255,0.080731,0.387385,0.003467,0.422915,0.414912,1
0.000531,7,0.425532,0.083824,0.385748,0.003467,0.422915,0.414912,1
0.000531,7,0.446809,0.085895,0.370277,0.003467,0.422915,0.414912,1
0.000531,7,0.468085,0.085895,0.354061,0.003467,0.422915,0.414912,1
0.000531,7,0.489362,0.084064,0.33859,0.003467,0.422915,0.414912,1
0.000531,7,0.510638,0.084064,0.327135,0.003467,0.422915,0.414912,1
0.000531,7,0.531915,0.084064,0.311812,0.003467,0.422915,0.414912,1
0.000531,7,0.553191,0.080731,0.292621,0.003467,0.422915,0.414912,1
0.000531,7,0.574468,0.080731,0.275513,0.003467,0.422915,0.414912,1
0.000531,7,0.595745,0.080731,0.261976,0.003467,0.422915,0.414912,1
0.000531,7,0.617021,0.080731,0.249926,0.003467,0.422915,0.414912,1
0.000531,7,0.638298,0.080731,0.259149,0.003467,0.422915,0.414912,1
0.000531,7,0.659574,0.080731,0.26986,0.003467,0.422915,0.414912,1
0.000531,7,0.680851,0.080731,0.292621,0.003467,0.422915,0.414912,1
0.000531,7,0.702128,0.071664,0.349301,0.003467,0.422915,0.414912,0
0.000531,7,0.723404,0.108262,0.418328,0.003467,0.422915,0.414912,1
0.000531,7,0.744681,0.084064,0.491223,0.003467,0.422915,0.414912,1
0.000531,7,0.765957,0.080731,0.505951,0.003467,0.422915,0.414912,1
0.000531,7,0.787234,0.07932,0.478578,0.003467,0.422915,0.414912,1
0.000531,7,0.808511,0.045214,0.461024,0.003467,0.422915,0.414912,0
0.000531,7,0.829787,0.045214,0.431419,0.003467,0.422915,0.414912,0
0.000531,7,0.851064,0.068302,0.407022,0.003467,0.422915,0.414912,0
0.000531,7,0.87234,0.045214,0.389021,0.003467,0.422915,0.414912,0
0.000531,7,0.893617,0.045214,0.352574,0.003467,0.422915,0.414912,0
0.000531,7,0.914894,0.068302,0.313448,0.003467,0.422915,0.414912,0
0.000531,7,0.93617,0.068302,0.340821,0.003467,0.422915,0.414912,0
0.000531,7,0.957447,0.07932,0.352871,0.003467,0.422915,0.414912,1
0.000531,7,0.978723,0.068302,0.35778,0.003467,0.422915,0.414912,0
0.000531,7,1.0,0.044224,0.328622,0.003467,0.422915,0.414912,0
0.000575,1,0.0,0.044104,0.322821,0.003467,0.422915,0.414912,0
0.000575,1,0.021277,0.043983,0.287712,0.003467,0.422915,0.414912,0
0.000575,1,0.042553,0.043983,0.264058,0.003467,0.422915,0.414912,0
0.000575,1,0.06383,0.043983,0.225082,0.003467,0.422915,0.414912,0
0.000575,1,0.085106,0.043833,0.184915,0.003467,0.422915,0.414912,0
0.000575,1,0.106383,0.043833,0.153079,0.003467,0.422915,0.414912,0
0.000575,1,0.12766,0.043833,0.136715,0.003467,0.422915,0.414912,0
0.000575,1,0.148936,0.044104,0.119905,0.003467,0.422915,0.414912,0
0.000575,1,0.170213,0.043833,0.12288,0.003467,0.422915,0.414912,0
0.000575,1,0.191489,0.045515,0.126599,0.003467,0.422915,0.414912,0
0.000575,1,0.212766,0.045515,0.15784,0.003467,0.422915,0.414912,0
0.000575,1,0.234043,0.081122,0.207528,0.003467,0.422915,0.414912,1
0.000575,1,0.255319,0.088507,0.301993,0.003467,0.422915,0.414912,1
0.000575,1,0.276596,0.119731,0.407766,0.003467,0.422915,0.414912,1
0.000575,1,0.297872,0.045214,0.433204,0.003467,0.422915,0.414912,0
0.000575,1,0.319149,0.045515,0.496876,0.003467,0.422915,0.414912,0
0.000575,1,0.340426,0.119731,0.5241,0.003467,0.422915,0.414912,1
0.000575,1,0.361702,0.13105,0.523505,0.003467,0.422915,0.414912,1
0.000575,1,0.382979,0.137294,0.558762,0.003467,0.422915,0.414912,1
0.000575,1,0.404255,0.138675,0.572449,0.003467,0.422915,0.414912,1
0.000575,1,0.425532,0.162093,0.558465,0.003467,0.422915,0.414912,1
0.000575,1,0.446809,0.162093,0.533175,0.003467,0.422915,0.414912,1
0.000575,1,0.468085,0.162093,0.524249,0.003467,0.422915,0.414912,1
0.000575,1,0.489362,0.119731,0.517554,0.003467,0.422915,0.414912,1
0.000575,1,0.510638,0.119731,0.505802,0.003467,0.422915,0.414912,1
0.000575,1,0.531915,0.119731,0.494644,0.003467,0.422915,0.414912,1
0.000575,1,0.553191,0.119731,0.49762,0.003467,0.422915,0.414912,1
0.000575,1,0.574468,0.119731,0.487801,0.003467,0.422915,0.414912,1
0.000575,1,0.595745,0.094272,0.475454,0.003467,0.422915,0.414912,1
0.000575,1,0.617021,0.094272,0.46504,0.003467,0.422915,0.414912,1
0.000575,1,0.638298,0.119731,0.461619,0.003467,0.422915,0.414912,1
0.000575,1,0.659574,0.119731,0.469206,0.003467,0.422915,0.414912,1
0.000575,1,0.680851,0.121713,0.484528,0.003467,0.422915,0.414912,1
0.000575,1,0.702128,0.137294,0.52291,0.003467,0.422915,0.414912,1
0.000575,1,0.723404,0.119731,0.603987,0.003467,0.422915,0.414912,1
0.000575,1,0.744681,0.112526,0.677477,0.003467,0.422915,0.414912,1
0.000575,1,0.765957,0.119731,0.6626,0.003467,0.422915,0.414912,1
0.000575,1,0.787234,0.107001,0.627938,0.003467,0.422915,0.414912,1
0.000575,1,0.808511,0.094272,0.580482,0.003467,0.422915,0.414912,1
0.000575,1,0.829787,0.045515,0.562928,0.003467,0.422915,0.414912,0
0.000575,1,0.851064,0.094272,0.530497,0.003467,0.422915,0.414912,1
0.000575,1,0.87234,0.090759,0.50848,0.003467,0.422915,0.414912,1
0.000575,1,0.893617,0.045515,0.461619,0.003467,0.422915,0.414912,0
0.000575,1,0.914894,0.094272,0.41922,0.003467,0.422915,0.414912,1
0.000575,1,0.93617,0.134622,0.458792,0.003467,0.422915,0.414912,1
0.000575,1,0.957447,0.134622,0.463255,0.003467,0.422915,0.414912,1
0.000575,1,0.978723,0.121713,0.476049,0.003467,0.422915,0.414912,1
0.000575,1,1.0,0.121713,0.471288,0.003467,0.422915,0.414912,1
0.000619,2,0.0,0.121652,0.472032,0.003467,0.422915,0.414912,1
0.000619,2,0.021277,0.119731,0.456263,0.003467,0.422915,0.414912,1
0.000619,2,0.042553,0.094272,0.430675,0.003467,0.422915,0.414912,0
0.000619,2,0.06383,0.081122,0.371913,0.003467,0.422915,0.414912,0
0.000619,2,0.085106,0.045214,0.312109,0.003467,0.422915,0.414912,0
0.000619,2,0.106383,0.074877,0.261232,0.003467,0.422915,0.414912,0
0.000619,2,0.12766,0.074877,0.221065,0.003467,0.422915,0.414912,0
0.000619,2,0.148936,0.074877,0.185659,0.003467,0.422915,0.414912,0
0.000619,2,0.170213,0.081122,0.170485,0.003467,0.422915,0.414912,0
0.000619,2,0.191489,0.081122,0.165278,0.003467,0.422915,0.414912,0
0.000619,2,0.212766,0.087366,0.19637,0.003467,0.422915,0.414912,0
0.000619,2,0.234043,0.088387,0.246206,0.003467,0.422915,0.414912,0
0.000619,2,0.255319,0.129248,0.340524,0.003467,0.422915,0.414912,1
0.000619,2,0.276596,0.13105,0.448676,0.003467,0.422915,0.414912,1
0.000619,2,0.297872,0.044224,0.471586,0.003467,0.422915,0.414912,0
0.000619,2,0.319149,0.095773,0.541952,0.003467,0.422915,0.414912,0
0.000619,2,0.340426,0.095773,0.563523,0.003467,0.422915,0.414912,0
0.000619,2,0.361702,0.122703,0.555043,0.003467,0.422915,0.414912,1
0.000619,2,0.382979,0.128438,0.584499,0.003467,0.422915,0.414912,1
0.000619,2,0.404255,0.128438,0.59759,0.003467,0.422915,0.414912,1
0.000619,2,0.425532,0.122703,0.574978,0.003467,0.422915,0.414912,1
0.000619,2,0.446809,0.122703,0.546415,0.003467,0.422915,0.414912,1
0.000619,2,0.468085,0.122703,0.522612,0.003467,0.422915,0.414912,1
0.000619,2,0.489362,0.095773,0.521571,0.003467,0.422915,0.414912,0
0.000619,2,0.510638,0.122703,0.510265,0.003467,0.422915,0.414912,1
0.000619,2,0.531915,0.122703,0.500446,0.003467,0.422915,0.414912,1
0.000619,2,0.553191,0.128438,0.495983,0.003467,0.422915,0.414912,1
0.000619,2,0.574468,0.122703,0.490033,0.003467,0.422915,0.414912,1
0.000619,2,0.595745,0.098625,0.479768,0.003467,0.422915,0.414912,0
0.000619,2,0.617021,0.102558,0.467272,0.003467,0.422915,0.414912,0
0.000619,2,0.638298,0.122703,0.458792,0.003467,0.422915,0.414912,1
0.000619,2,0.659574,0.128438,0.476198,0.003467,0.422915,0.414912,1
0.000619,2,0.680851,0.13105,0.493306,0.003467,0.422915,0.414912,1
0.000619,2,0.702128,0.149634,0.523356,0.003467,0.422915,0.414912,1
0.000619,2,0.723404,0.149634,0.61202,0.003467,0.422915,0.414912,1
0.000619,2,0.744681,0.134652,0.6928,0.003467,0.422915,0.414912,1
0.000619,2,0.765957,0.128438,0.684023,0.003467,0.422915,0.414912,1
0.000619,2,0.787234,0.122703,0.651592,0.003467,0.422915,0.414912,1
0.000619,2,0.808511,0.10523,0.61202,0.003467,0.422915,0.414912,0
0.000619,2,0.829787,0.10523,0.583309,0.003467,0.422915,0.414912,0
0.000619,2,0.851064,0.122703,0.566498,0.003467,0.422915,0.414912,1
0.000619,2,0.87234,0.10523,0.541506,0.003467,0.422915,0.414912,0
0.000619,2,0.893617,0.095773,0.492413,0.003467,0.422915,0.414912,0
0.000619,2,0.914894,0.122703,0.440345,0.003467,0.422915,0.414912,1
0.000619,2,0.93617,0.13105,0.48319,0.003467,0.422915,0.414912,1
0.000619,2,0.957447,0.13105,0.489289,0.003467,0.422915,0.414912,1
0.000619,2,0.978723,0.13105,0.494942,0.003467,0.422915,0.414912,1
0.000619,2,1.0,0.122703,0.495091,0.003467,0.422915,0.414912,1
0.000664,3,0.0,0.122703,0.491074,0.003467,0.422915,0.414912,1
0.000664,3,0.021277,0.122703,0.4759,0.003467,0.422915,0.414912,1
0.000664,3,0.042553,0.095773,0.455817,0.003467,0.422915,0.414912,0
0.000664,3,0.06383,0.088387,0.394674,0.003467,0.422915,0.414912,0
0.000664,3,0.085106,0.044224,0.335019,0.003467,0.422915,0.414912,0
0.000664,3,0.106383,0.044224,0.291282,0.003467,0.422915,0.414912,0
0.000664,3,0.12766,0.044224,0.241595,0.003467,0.422915,0.414912,0
0.000664,3,0.148936,0.074877,0.212883,0.003467,0.422915,0.414912,0
0.000664,3,0.170213,0.074877,0.195329,0.003467,0.422915,0.414912,0
0.000664,3,0.191489,0.081122,0.190866,0.003467,0.422915,0.414912,0
0.000664,3,0.212766,0.081122,0.22285,0.003467,0.422915,0.414912,0
0.000664,3,0.234043,0.088387,0.276257,0.003467,0.422915,0.414912,0
0.000664,3,0.255319,0.124835,0.377417,0.003467,0.422915,0.414912,1
0.000664,3,0.276596,0.125706,0.493157,0.003467,0.422915,0.414912,1
0.000664,3,0.297872,0.044224,0.511455,0.003467,0.422915,0.414912,0
0.000664,3,0.319149,0.125706,0.590003,0.003467,0.422915,0.414912,1
0.000664,3,0.340426,0.125706,0.613359,0.003467,0.422915,0.414912,1
0.000664,3,0.361702,0.125706,0.594912,0.003467,0.422915,0.414912,1
0.000664,3,0.382979,0.190165,0.616632,0.003467,0.422915,0.414912,1
0.000664,3,0.404255,0.168338,0.624517,0.003467,0.422915,0.414912,1
0.000664,3,0.425532,0.143539,0.602648,0.003467,0.422915,0.414912,1
0.000664,3,0.446809,0.143539,0.571407,0.003467,0.422915,0.414912,1
0.000664,3,0.468085,0.124835,0.548646,0.003467,0.422915,0.414912,1
0.000664,3,0.489362,0.124835,0.538381,0.003467,0.422915,0.414912,1
0.000664,3,0.510638,0.124835,0.523654,0.003467,0.422915,0.414912,1
0.000664,3,0.531915,0.124835,0.507736,0.003467,0.422915,0.414912,1
0.000664,3,0.553191,0.124835,0.500744,0.003467,0.422915,0.414912,1
0.000664,3,0.574468,0.124835,0.489884,0.003467,0.422915,0.414912,1
0.000664,3,0.595745,0.098775,0.483487,0.003467,0.422915,0.414912,0
0.000664,3,0.617021,0.098775,0.476346,0.003467,0.422915,0.414912,0
0.000664,3,0.638298,0.124835,0.464148,0.003467,0.422915,0.414912,1
0.000664,3,0.659574,0.124835,0.476941,0.003467,0.422915,0.414912,1
0.000664,3,0.680851,0.125706,0.491818,0.003467,0.422915,0.414912,1
0.000664,3,0.702128,0.155878,0.535555,0.003467,0.422915,0.414912,1
0.000664,3,0.723404,0.155878,0.622434,0.003467,0.422915,0.414912,1
0.000664,3,0.744681,0.190165,0.703511,0.003467,0.422915,0.414912,1
0.000664,3,0.765957,0.125706,0.701726,0.003467,0.422915,0.414912,1
0.000664,3,0.787234,0.125706,0.674055,0.003467,0.422915,0.414912,1
0.000664,3,0.808511,0.125706,0.63731,0.003467,0.422915,0.414912,1
0.000664,3,0.829787,0.125706,0.60964,0.003467,0.422915,0.414912,1
0.000664,3,0.851064,0.155878,0.588515,0.003467,0.422915,0.414912,1
0.000664,3,0.87234,0.125706,0.56501,0.003467,0.422915,0.414912,1
0.000664,3,0.893617,0.124835,0.508628,0.003467,0.422915,0.414912,1
0.000664,3,0.914894,0.124835,0.455668,0.003467,0.422915,0.414912,1
0.000664,3,0.93617,0.128498,0.487057,0.003467,0.422915,0.414912,1
0.000664,3,0.957447,0.125706,0.495091,0.003467,0.422915,0.414912,1
0.000664,3,0.978723,0.125706,0.507289,0.003467,0.422915,0.414912,1
0.000664,3,1.0,0.125706,0.500893,0.003467,0.422915,0.414912,1
0.000708,4,0.0,0.125706,0.495091,0.003467,0.422915,0.414912,1
0.000708,4,0.021277,0.125706,0.476793,0.003467,0.422915,0.414912,1
0.000708,4,0.042553,0.106761,0.448676,0.003467,0.422915,0.414912,0
0.000708,4,0.06383,0.098775,0.386195,0.003467,0.422915,0.414912,0
0.000708,4,0.085106,0.081122,0.328771,0.003467,0.422915,0.414912,0
0.000708,4,0.106383,0.081122,0.282952,0.003467,0.422915,0.414912,0
0.000708,4,0.12766,0.081122,0.23371,0.003467,0.422915,0.414912,0
0.000708,4,0.148936,0.081122,0.195775,0.003467,0.422915,0.414912,0
0.000708,4,0.170213,0.044043,0.175989,0.003467,0.422915,0.414912,0
0.000708,4,0.191489,0.044043,0.178816,0.003467,0.422915,0.414912,0
0.000708,4,0.212766,0.044104,0.207081,0.003467,0.422915,0.414912,0
0.000708,4,0.234043,0.081122,0.256471,0.003467,0.422915,0.414912,0
0.000708,4,0.255319,0.119611,0.365665,0.003467,0.422915,0.414912,1
0.000708,4,0.276596,0.124204,0.475454,0.003467,0.422915,0.414912,1
0.000708,4,0.297872,0.044224,0.502678,0.003467,0.422915,0.414912,0
0.000708,4,0.319149,0.124204,0.567837,0.003467,0.422915,0.414912,1
0.000708,4,0.340426,0.124204,0.58078,0.003467,0.422915,0.414912,1
0.000708,4,0.361702,0.124204,0.564118,0.003467,0.422915,0.414912,1
0.000708,4,0.382979,0.124204,0.582267,0.003467,0.422915,0.414912,1
0.000708,4,0.404255,0.095773,0.586879,0.003467,0.422915,0.414912,0
0.000708,4,0.425532,0.095773,0.564713,0.003467,0.422915,0.414912,0
0.000708,4,0.446809,0.095773,0.531836,0.003467,0.422915,0.414912,0
0.000708,4,0.468085,0.095773,0.511604,0.003467,0.422915,0.414912,0
0.000708,4,0.489362,0.044224,0.500893,0.003467,0.422915,0.414912,0
0.000708,4,0.510638,0.044134,0.48914,0.003467,0.422915,0.414912,0
0.000708,4,0.531915,0.044134,0.471883,0.003467,0.422915,0.414912,0
0.000708,4,0.553191,0.044134,0.465338,0.003467,0.422915,0.414912,0
0.000708,4,0.574468,0.044104,0.461916,0.003467,0.422915,0.414912,0
0.000708,4,0.595745,0.044104,0.455668,0.003467,0.422915,0.414912,0
0.000708,4,0.617021,0.044104,0.445552,0.003467,0.422915,0.414912,0
0.000708,4,0.638298,0.044104,0.439899,0.003467,0.422915,0.414912,0
0.000708,4,0.659574,0.044104,0.451949,0.003467,0.422915,0.414912,0
0.000708,4,0.680851,0.044134,0.465338,0.003467,0.422915,0.414912,0
0.000708,4,0.702128,0.044134,0.497917,0.003467,0.422915,0.414912,0
0.000708,4,0.723404,0.095773,0.587474,0.003467,0.422915,0.414912,1
0.000708,4,0.744681,0.124204,0.656501,0.003467,0.422915,0.414912,1
0.000708,4,0.765957,0.095773,0.653972,0.003467,0.422915,0.414912,1
0.000708,4,0.787234,0.044224,0.638352,0.003467,0.422915,0.414912,0
0.000708,4,0.808511,0.044134,0.600268,0.003467,0.422915,0.414912,0
0.000708,4,0.829787,0.044104,0.572895,0.003467,0.422915,0.414912,0
0.000708,4,0.851064,0.044134,0.55177,0.003467,0.422915,0.414912,0
0.000708,4,0.87234,0.044134,0.528563,0.003467,0.422915,0.414912,0
0.000708,4,0.893617,0.044104,0.478727,0.003467,0.422915,0.414912,0
0.000708,4,0.914894,0.044104,0.426659,0.003467,0.422915,0.414912,0
0.000708,4,0.93617,0.124204,0.472925,0.003467,0.422915,0.414912,1
0.000708,4,0.957447,0.044134,0.485421,0.003467,0.422915,0.414912,0
0.000708,4,0.978723,0.044134,0.497471,0.003467,0.422915,0.414912,0
0.000708,4,1.0,0.044134,0.492264,0.003467,0.422915,0.414912,0
0.000752,5,0.0,0.095773,0.47828,0.003467,0.422915,0.414912,1
0.000752,5,0.021277,0.044134,0.457007,0.003467,0.422915,0.414912,0
0.000752,5,0.042553,0.044104,0.435138,0.003467,0.422915,0.414912,0
0.000752,5,0.06383,0.044104,0.373996,0.003467,0.422915,0.414912,0
0.000752,5,0.085106,0.044104,0.317763,0.003467,0.422915,0.414912,0
0.000752,5,0.106383,0.044104,0.276406,0.003467,0.422915,0.414912,0
0.000752,5,0.12766,0.044104,0.23133,0.003467,0.422915,0.414912,0
0.000752,5,0.148936,0.044104,0.201577,0.003467,0.422915,0.414912,0
0.000752,5,0.170213,0.044104,0.182386,0.003467,0.422915,0.414912,0
0.000752,5,0.191489,0.081122,0.182237,0.003467,0.422915,0.414912,1
0.000752,5,0.212766,0.081122,0.204255,0.003467,0.422915,0.414912,1
0.000752,5,0.234043,0.087366,0.256769,0.003467,0.422915,0.414912,1
0.000752,5,0.255319,0.124204,0.355995,0.003467,0.422915,0.414912,1
0.000752,5,0.276596,0.124204,0.458941,0.003467,0.422915,0.414912,1
0.000752,5,0.297872,0.095473,0.493454,0.003467,0.422915,0.414912,1
0.000752,5,0.319149,0.124204,0.561291,0.003467,0.422915,0.414912,1
0.000752,5,0.340426,0.095473,0.580036,0.003467,0.422915,0.414912,1
0.000752,5,0.361702,0.095473,0.567539,0.003467,0.422915,0.414912,1
0.000752,5,0.382979,0.124204,0.591044,0.003467,0.422915,0.414912,1
0.000752,5,0.404255,0.095473,0.589705,0.003467,0.422915,0.414912,1
0.000752,5,0.425532,0.095473,0.567093,0.003467,0.422915,0.414912,1
0.000752,5,0.446809,0.083103,0.542398,0.003467,0.422915,0.414912,1
0.000752,5,0.468085,0.095473,0.52053,0.003467,0.422915,0.414912,1
0.000752,5,0.489362,0.095473,0.514877,0.003467,0.422915,0.414912,1
0.000752,5,0.510638,0.044224,0.503273,0.003467,0.422915,0.414912,0
0.000752,5,0.531915,0.044224,0.490777,0.003467,0.422915,0.414912,0
0.000752,5,0.553191,0.044224,0.479768,0.003467,0.422915,0.414912,0
0.000752,5,0.574468,0.044224,0.470693,0.003467,0.422915,0.414912,0
0.000752,5,0.595745,0.044224,0.461321,0.003467,0.422915,0.414912,0
0.000752,5,0.617021,0.044224,0.448378,0.003467,0.422915,0.414912,0
0.000752,5,0.638298,0.044224,0.438709,0.003467,0.422915,0.414912,0
0.000752,5,0.659574,0.044224,0.445403,0.003467,0.422915,0.414912,0
0.000752,5,0.680851,0.049628,0.458941,0.003467,0.422915,0.414912,0
0.000752,5,0.702128,0.095473,0.488545,0.003467,0.422915,0.414912,1
0.000752,5,0.723404,0.124204,0.566201,0.003467,0.422915,0.414912,1
0.000752,5,0.744681,0.124204,0.625707,0.003467,0.422915,0.414912,1
0.000752,5,0.765957,0.124234,0.613657,0.003467,0.422915,0.414912,1
0.000752,5,0.787234,0.095473,0.588069,0.003467,0.422915,0.414912,1
0.000752,5,0.808511,0.044224,0.54582,0.003467,0.422915,0.414912,0
0.000752,5,0.829787,0.044134,0.508331,0.003467,0.422915,0.414912,0
0.000752,5,0.851064,0.095473,0.500298,0.003467,0.422915,0.414912,1
0.000752,5,0.87234,0.095473,0.480661,0.003467,0.422915,0.414912,1
0.000752,5,0.893617,0.044224,0.443618,0.003467,0.422915,0.414912,0
0.000752,5,0.914894,0.10535,0.399732,0.003467,0.422915,0.414912,1
0.000752,5,0.93617,0.161553,0.450461,0.003467,0.422915,0.414912,1
0.000752,5,0.957447,0.124204,0.467272,0.003467,0.422915,0.414912,1
0.000752,5,0.978723,0.132491,0.487206,0.003467,0.422915,0.414912,1
0.000752,5,1.0,0.124204,0.485272,0.003467,0.422915,0.414912,1
0.000796,6,0.0,0.124204,0.475454,0.003467,0.422915,0.414912,1
0.000796,6,0.021277,0.124204,0.453436,0.003467,0.422915,0.414912,1
0.000796,6,0.042553,0.107962,0.424576,0.003467,0.422915,0.414912,1
0.000796,6,0.06383,0.10535,0.361648,0.003467,0.422915,0.414912,1
0.000796,6,0.085106,0.090249,0.299018,0.003467,0.422915,0.414912,1
0.000796,6,0.106383,0.081122,0.248289,0.003467,0.422915,0.414912,0
0.000796,6,0.12766,0.074877,0.203957,0.003467,0.422915,0.414912,0
0.000796,6,0.148936,0.074877,0.164683,0.003467,0.422915,0.414912,0
0.000796,6,0.170213,0.081122,0.140434,0.003467,0.422915,0.414912,0
0.000796,6,0.191489,0.081122,0.128979,0.003467,0.422915,0.414912,0
0.000796,6,0.212766,0.076018,0.135079,0.003467,0.422915,0.414912,0
0.000796,6,0.234043,0.081122,0.150104,0.003467,0.422915,0.414912,0
0.000796,6,0.255319,0.081122,0.193246,0.003467,0.422915,0.414912,0
0.000796,6,0.276596,0.090429,0.230735,0.003467,0.422915,0.414912,1
0.000796,6,0.297872,0.090939,0.281464,0.003467,0.422915,0.414912,1
0.000796,6,0.319149,0.122703,0.366706,0.003467,0.422915,0.414912,1
0.000796,6,0.340426,0.137174,0.436328,0.003467,0.422915,0.414912,1
0.000796,6,0.361702,0.137174,0.47352,0.003467,0.422915,0.414912,1
0.000796,6,0.382979,0.156989,0.505207,0.003467,0.422915,0.414912,1
0.000796,6,0.404255,0.156989,0.499107,0.003467,0.422915,0.414912,1
0.000796,6,0.425532,0.156989,0.466528,0.003467,0.422915,0.414912,1
0.000796,6,0.446809,0.137174,0.439304,0.003467,0.422915,0.414912,1
0.000796,6,0.468085,0.137174,0.411336,0.003467,0.422915,0.414912,1
0.000796,6,0.489362,0.122703,0.387385,0.003467,0.422915,0.414912,1
0.000796,6,0.510638,0.122703,0.365367,0.003467,0.422915,0.414912,1
0.000796,6,0.531915,0.122703,0.350342,0.003467,0.422915,0.414912,1
0.000796,6,0.553191,0.090939,0.335168,0.003467,0.422915,0.414912,0
0.000796,6,0.574468,0.090939,0.308242,0.003467,0.422915,0.414912,0
0.000796,6,0.595745,0.090939,0.30125,0.003467,0.422915,0.414912,0
0.000796,6,0.617021,0.102978,0.297382,0.003467,0.422915,0.414912,1
0.000796,6,0.638298,0.099526,0.300357,0.003467,0.422915,0.414912,0
0.000796,6,0.659574,0.100997,0.311961,0.003467,0.422915,0.414912,0
0.000796,6,0.680851,0.122703,0.332639,0.003467,0.422915,0.414912,1
0.000796,6,0.702128,0.145851,0.390509,0.003467,0.422915,0.414912,1
0.000796,6,0.723404,0.209109,0.47114,0.003467,0.422915,0.414912,1
0.000796,6,0.744681,0.209109,0.55787,0.003467,0.422915,0.414912,1
0.000796,6,0.765957,0.15759,0.559655,0.003467,0.422915,0.414912,1
0.000796,6,0.787234,0.122703,0.533472,0.003467,0.422915,0.414912,1
0.000796,6,0.808511,0.137174,0.494644,0.003467,0.422915,0.414912,1
0.000796,6,0.829787,0.122703,0.458346,0.003467,0.422915,0.414912,1
0.000796,6,0.851064,0.090939,0.429634,0.003467,0.422915,0.414912,0
0.000796,6,0.87234,0.090068,0.405088,0.003467,0.422915,0.414912,0
0.000796,6,0.893617,0.090939,0.373847,0.003467,0.422915,0.414912,0
0.000796,6,0.914894,0.102978,0.339036,0.003467,0.422915,0.414912,0
0.000796,6,0.93617,0.102978,0.36983,0.003467,0.422915,0.414912,0
0.000796,6,0.957447,0.102978,0.375632,0.003467,0.422915,0.414912,0
0.000796,6,0.978723,0.122703,0.392443,0.003467,0.422915,0.414912,1
0.000796,6,1.0,0.102978,0.371169,0.003467,0.422915,0.414912,0
0.000841,7,0.0,0.090219,0.353169,0.003467,0.422915,0.414912,0
0.000841,7,0.021277,0.090939,0.304671,0.003467,0.422915,0.414912,0
0.000841,7,0.042553,0.083644,0.276555,0.003467,0.422915,0.414912,0
0.000841,7,0.06383,0.083644,0.227016,0.003467,0.422915,0.414912,0
0.000841,7,0.085106,0.083644,0.185361,0.003467,0.422915,0.414912,0
0.000841,7,0.106383,0.081122,0.151294,0.003467,0.422915,0.414912,0
0.000841,7,0.12766,0.081122,0.12526,0.003467,0.422915,0.414912,0
0.000841,7,0.148936,0.076618,0.101904,0.003467,0.422915,0.414912,0
0.000841,7,0.170213,0.076018,0.090152,0.003467,0.422915,0.414912,0
0.000841,7,0.191489,0.076018,0.085094,0.003467,0.422915,0.414912,0
0.000841,7,0.212766,0.081122,0.090598,0.003467,0.422915,0.414912,0
0.000841,7,0.234043,0.081122,0.100565,0.003467,0.422915,0.414912,0
0.000841,7,0.255319,0.081122,0.123178,0.003467,0.422915,0.414912,0
0.000841,7,0.276596,0.081962,0.147873,0.003467,0.422915,0.414912,0
0.000841,7,0.297872,0.083884,0.175841,0.003467,0.422915,0.414912,0
0.000841,7,0.319149,0.083884,0.23371,0.003467,0.422915,0.414912,0
0.000841,7,0.340426,0.089798,0.292472,0.003467,0.422915,0.414912,0
0.000841,7,0.361702,0.117029,0.341267,0.003467,0.422915,0.414912,1
0.000841,7,0.382979,0.122703,0.385004,0.003467,0.422915,0.414912,1
0.000841,7,0.404255,0.122703,0.396608,0.003467,0.422915,0.414912,1
0.000841,7,0.425532,0.122703,0.383814,0.003467,0.422915,0.414912,1
0.000841,7,0.446809,0.122703,0.366558,0.003467,0.422915,0.414912,1
0.000841,7,0.468085,0.122703,0.348111,0.003467,0.422915,0.414912,1
0.000841,7,0.489362,0.102978,0.329515,0.003467,0.422915,0.414912,0
0.000841,7,0.510638,0.089798,0.312258,0.003467,0.422915,0.414912,0
0.000841,7,0.531915,0.087426,0.29515,0.003467,0.422915,0.414912,0
0.000841,7,0.553191,0.087426,0.274026,0.003467,0.422915,0.414912,0
0.000841,7,0.574468,0.087426,0.254686,0.003467,0.422915,0.414912,0
0.000841,7,0.595745,0.083884,0.240405,0.003467,0.422915,0.414912,0
0.000841,7,0.617021,0.083884,0.229694,0.003467,0.422915,0.414912,0
0.000841,7,0.638298,0.083884,0.234157,0.003467,0.422915,0.414912,0
0.000841,7,0.659574,0.087426,0.245611,0.003467,0.422915,0.414912,0
0.000841,7,0.680851,0.089798,0.270009,0.003467,0.422915,0.414912,0
0.000841,7,0.702128,0.13192,0.32892,0.003467,0.422915,0.414912,1
0.000841,7,0.723404,0.156989,0.430824,0.003467,0.422915,0.414912,1
0.000841,7,0.744681,0.15759,0.517406,0.003467,0.422915,0.414912,1
0.000841,7,0.765957,0.15759,0.533472,0.003467,0.422915,0.414912,1
0.000841,7,0.787234,0.122703,0.521571,0.003467,0.422915,0.414912,1
0.000841,7,0.808511,0.13093,0.497173,0.003467,0.422915,0.414912,1
0.000841,7,0.829787,0.122703,0.469206,0.003467,0.422915,0.414912,1
0.000841,7,0.851064,0.13093,0.453436,0.003467,0.422915,0.414912,1
0.000841,7,0.87234,0.126606,0.436626,0.003467,0.422915,0.414912,1
0.000841,7,0.893617,0.122703,0.394972,0.003467,0.422915,0.414912,1
0.000841,7,0.914894,0.122703,0.349598,0.003467,0.422915,0.414912,1
0.000841,7,0.93617,0.117029,0.371616,0.003467,0.422915,0.414912,1
0.000841,7,0.957447,0.122703,0.370723,0.003467,0.422915,0.414912,1
0.000841,7,0.978723,0.122703,0.378161,0.003467,0.422915,0.414912,1
0.000841,7,1.0,0.102978,0.354508,0.003467,0.422915,0.414912,0
0.000885,1,0.0,0.087426,0.342011,0.003467,0.422915,0.414912,0
0.000885,1,0.021277,0.087426,0.304374,0.003467,0.422915,0.414912,0
0.000885,1,0.042553,0.087426,0.289497,0.003467,0.422915,0.414912,0
0.000885,1,0.06383,0.083884,0.246802,0.003467,0.422915,0.414912,0
0.000885,1,0.085106,0.081962,0.210205,0.003467,0.422915,0.414912,0
0.000885,1,0.106383,0.081962,0.18313,0.003467,0.422915,0.414912,0
0.000885,1,0.12766,0.081122,0.163047,0.003467,0.422915,0.414912,0
0.000885,1,0.148936,0.081122,0.144749,0.003467,0.422915,0.414912,0
0.000885,1,0.170213,0.087366,0.143856,0.003467,0.422915,0.414912,0
0.000885,1,0.191489,0.09238,0.152633,0.003467,0.422915,0.414912,0
0.000885,1,0.212766,0.093611,0.185808,0.003467,0.422915,0.414912,0
0.000885,1,0.234043,0.122703,0.244421,0.003467,0.422915,0.414912,1
0.000885,1,0.255319,0.126216,0.345879,0.003467,0.422915,0.414912,1
0.000885,1,0.276596,0.218266,0.459238,0.003467,0.422915,0.414912,1
0.000885,1,0.297872,0.155878,0.492859,0.003467,0.422915,0.414912,1
0.000885,1,0.319149,0.21073,0.572449,0.003467,0.422915,0.414912,1
0.000885,1,0.340426,0.21031,0.594615,0.003467,0.422915,0.414912,1
0.000885,1,0.361702,0.218266,0.587028,0.003467,0.422915,0.414912,1
0.000885,1,0.382979,0.299327,0.610086,0.003467,0.422915,0.414912,1
0.000885,1,0.404255,0.243215,0.615442,0.003467,0.422915,0.414912,1
0.000885,1,0.425532,0.229014,0.599821,0.003467,0.422915,0.414912,1
0.000885,1,0.446809,0.229014,0.566944,0.003467,0.422915,0.414912,1
0.000885,1,0.468085,0.224481,0.547159,0.003467,0.422915,0.414912,1
0.000885,1,0.489362,0.224481,0.540315,0.003467,0.422915,0.414912,1
0.000885,1,0.510638,0.21073,0.5241,0.003467,0.422915,0.414912,1
0.000885,1,0.531915,0.209109,0.510711,0.003467,0.422915,0.414912,1
0.000885,1,0.553191,0.209109,0.502083,0.003467,0.422915,0.414912,1
0.000885,1,0.574468,0.202714,0.492413,0.003467,0.422915,0.414912,1
0.000885,1,0.595745,0.21073,0.479619,0.003467,0.422915,0.414912,1
0.000885,1,0.617021,0.21073,0.474264,0.003467,0.422915,0.414912,1
0.000885,1,0.638298,0.204275,0.46623,0.003467,0.422915,0.414912,1
0.000885,1,0.659574,0.21073,0.476049,0.003467,0.422915,0.414912,1
0.000885,1,0.680851,0.217335,0.498215,0.003467,0.422915,0.414912,1
0.000885,1,0.702128,0.229014,0.558316,0.003467,0.422915,0.414912,1
0.000885,1,0.723404,0.294584,0.652187,0.003467,0.422915,0.414912,1
0.000885,1,0.744681,0.298277,0.720173,0.003467,0.422915,0.414912,1
0.000885,1,0.765957,0.228654,0.707974,0.003467,0.422915,0.414912,1
0.000885,1,0.787234,0.229014,0.670485,0.003467,0.422915,0.414912,1
0.000885,1,0.808511,0.224481,0.634037,0.003467,0.422915,0.414912,1
0.000885,1,0.829787,0.189204,0.610086,0.003467,0.422915,0.414912,1
0.000885,1,0.851064,0.190165,0.582118,0.003467,0.422915,0.414912,1
0.000885,1,0.87234,0.143539,0.557721,0.003467,0.422915,0.414912,0
0.000885,1,0.893617,0.122703,0.501785,0.003467,0.422915,0.414912,0
0.000885,1,0.914894,0.124835,0.440791,0.003467,0.422915,0.414912,0
0.000885,1,0.93617,0.155878,0.474561,0.003467,0.422915,0.414912,0
0.000885,1,0.957447,0.161283,0.480512,0.003467,0.422915,0.414912,0
0.000885,1,0.978723,0.155878,0.490777,0.003467,0.422915,0.414912,0
0.000885,1,1.0,0.122703,0.49152,0.003467,0.422915,0.414912,0
0.000929,2,0.0,0.122703,0.487355,0.003467,0.422915,0.414912,0
0.000929,2,0.021277,0.113306,0.468759,0.003467,0.422915,0.414912,0
0.000929,2,0.042553,0.044134,0.448676,0.003467,0.422915,0.414912,0
0.000929,2,0.06383,0.087366,0.384856,0.003467,0.422915,0.414912,0
0.000929,2,0.085106,0.081122,0.325945,0.003467,0.422915,0.414912,0
0.000929,2,0.106383,0.081122,0.284737,0.003467,0.422915,0.414912,0
0.000929,2,0.12766,0.081122,0.236983,0.003467,0.422915,0.414912,0
0.000929,2,0.148936,0.081122,0.20366,0.003467,0.422915,0.414912,0
0.000929,2,0.170213,0.076438,0.187742,0.003467,0.422915,0.414912,0
0.000929,2,0.191489,0.074877,0.185064,0.003467,0.422915,0.414912,0
0.000929,2,0.212766,0.077999,0.214073,0.003467,0.422915,0.414912,0
0.000929,2,0.234043,0.082112,0.262571,0.003467,0.422915,0.414912,0
0.000929,2,0.255319,0.087426,0.372954,0.003467,0.422915,0.414912,0
0.000929,2,0.276596,0.044134,0.486462,0.003467,0.422915,0.414912,0
0.000929,2,0.297872,0.043833,0.513835,0.003467,0.422915,0.414912,0
0.000929,2,0.319149,0.043983,0.591788,0.003467,0.422915,0.414912,0
0.000929,2,0.340426,0.043983,0.611723,0.003467,0.422915,0.414912,0
0.000929,2,0.361702,0.044134,0.595805,0.003467,0.422915,0.414912,0
0.000929,2,0.382979,0.044254,0.62169,0.003467,0.422915,0.414912,0
0.000929,2,0.404255,0.044254,0.624219,0.003467,0.422915,0.414912,0
0.000929,2,0.425532,0.044254,0.596102,0.003467,0.422915,0.414912,0
0.000929,2,0.446809,0.044134,0.572151,0.003467,0.422915,0.414912,0
0.000929,2,0.468085,0.044134,0.546415,0.003467,0.422915,0.414912,0
0.000929,2,0.489362,0.044134,0.526034,0.003467,0.422915,0.414912,0
0.000929,2,0.510638,0.043983,0.510265,0.003467,0.422915,0.414912,0
0.000929,2,0.531915,0.043983,0.494049,0.003467,0.422915,0.414912,0
0.000929,2,0.553191,0.043983,0.480512,0.003467,0.422915,0.414912,0
0.000929,2,0.574468,0.043833,0.472776,0.003467,0.422915,0.414912,0
0.000929,2,0.595745,0.043833,0.467272,0.003467,0.422915,0.414912,0
0.000929,2,0.617021,0.043833,0.450907,0.003467,0.422915,0.414912,0
0.000929,2,0.638298,0.043683,0.444957,0.003467,0.422915,0.414912,0
0.000929,2,0.659574,0.043833,0.459685,0.003467,0.422915,0.414912,0
0.000929,2,0.680851,0.043983,0.47947,0.003467,0.422915,0.414912,0
0.000929,2,0.702128,0.044134,0.52648,0.003467,0.422915,0.414912,0
0.000929,2,0.723404,0.043983,0.625707,0.003467,0.422915,0.414912,0
0.000929,2,0.744681,0.044254,0.70485,0.003467,0.422915,0.414912,0
0.000929,2,0.765957,0.044134,0.69994,0.003467,0.422915,0.414912,0
0.000929,2,0.787234,0.043983,0.672419,0.003467,0.422915,0.414912,0
0.000929,2,0.808511,0.043983,0.634633,0.003467,0.422915,0.414912,0
0.000929,2,0.829787,0.043833,0.612169,0.003467,0.422915,0.414912,0
0.000929,2,0.851064,0.043983,0.587474,0.003467,0.422915,0.414912,0
0.000929,2,0.87234,0.043833,0.56144,0.003467,0.422915,0.414912,0
0.000929,2,0.893617,0.043833,0.507885,0.003467,0.422915,0.414912,0
0.000929,2,0.914894,0.043683,0.454627,0.003467,0.422915,0.414912,0
0.000929,2,0.93617,0.044134,0.486165,0.003467,0.422915,0.414912,0
0.000929,2,0.957447,0.044134,0.489438,0.003467,0.422915,0.414912,0
0.000929,2,0.978723,0.043983,0.501785,0.003467,0.422915,0.414912,0
0.000929,2,1.0,0.043983,0.50357,0.003467,0.422915,0.414912,0
0.000973,3,0.0,0.044134,0.49524,0.003467,0.422915,0.414912,0
0.000973,3,0.021277,0.044134,0.470247,0.003467,0.422915,0.414912,0
0.000973,3,0.042553,0.043983,0.448378,0.003467,0.422915,0.414912,0
0.000973,3,0.06383,0.043983,0.384409,0.003467,0.422915,0.414912,0
0.000973,3,0.085106,0.043983,0.331895,0.003467,0.422915,0.414912,0
0.000973,3,0.106383,0.043833,0.290241,0.003467,0.422915,0.414912,0
0.000973,3,0.12766,0.043833,0.245463,0.003467,0.422915,0.414912,0
0.000973,3,0.148936,0.043833,0.206932,0.003467,0.422915,0.414912,0
0.000973,3,0.170213,0.077999,0.190568,0.003467,0.422915,0.414912,1
0.000973,3,0.191489,0.082383,0.19042,0.003467,0.422915,0.414912,1
0.000973,3,0.212766,0.082383,0.217346,0.003467,0.422915,0.414912,1
0.000973,3,0.234043,0.082383,0.270306,0.003467,0.422915,0.414912,1
0.000973,3,0.255319,0.09199,0.379203,0.003467,0.422915,0.414912,1
0.000973,3,0.276596,0.099135,0.497025,0.003467,0.422915,0.414912,1
0.000973,3,0.297872,0.044134,0.52648,0.003467,0.422915,0.414912,0
0.000973,3,0.319149,0.089798,0.595805,0.003467,0.422915,0.414912,1
0.000973,3,0.340426,0.044134,0.608152,0.003467,0.422915,0.414912,0
0.000973,3,0.361702,0.043983,0.585986,0.003467,0.422915,0.414912,0
0.000973,3,0.382979,0.044134,0.605326,0.003467,0.422915,0.414912,0
0.000973,3,0.404255,0.044254,0.604582,0.003467,0.422915,0.414912,0
0.000973,3,0.425532,0.044134,0.575424,0.003467,0.422915,0.414912,0
0.000973,3,0.446809,0.043983,0.550431,0.003467,0.422915,0.414912,0
0.000973,3,0.468085,0.043983,0.524844,0.003467,0.422915,0.414912,0
0.000973,3,0.489362,0.043983,0.508926,0.003467,0.422915,0.414912,0
0.000973,3,0.510638,0.043983,0.494793,0.003467,0.422915,0.414912,0
0.000973,3,0.531915,0.043983,0.479173,0.003467,0.422915,0.414912,0
0.000973,3,0.553191,0.043983,0.473073,0.003467,0.422915,0.414912,0
0.000973,3,0.574468,0.043983,0.464445,0.003467,0.422915,0.414912,0
0.000973,3,0.595745,0.043833,0.451354,0.003467,0.422915,0.414912,0
0.000973,3,0.617021,0.043833,0.438709,0.003467,0.422915,0.414912,0
0.000973,3,0.638298,0.043833,0.435436,0.003467,0.422915,0.414912,0
0.000973,3,0.659574,0.043833,0.44704,0.003467,0.422915,0.414912,0
0.000973,3,0.680851,0.043983,0.467272,0.003467,0.422915,0.414912,0
0.000973,3,0.702128,0.044134,0.521422,0.003467,0.422915,0.414912,0
0.000973,3,0.723404,0.067852,0.612615,0.003467,0.422915,0.414912,1
0.000973,3,0.744681,0.044254,0.6928,0.003467,0.422915,0.414912,0
0.000973,3,0.765957,0.044254,0.687295,0.003467,0.422915,0.414912,0
0.000973,3,0.787234,0.044134,0.656352,0.003467,0.422915,0.414912,0
0.000973,3,0.808511,0.043983,0.62645,0.003467,0.422915,0.414912,0
0.000973,3,0.829787,0.043983,0.597888,0.003467,0.422915,0.414912,0
0.000973,3,0.851064,0.044134,0.580184,0.003467,0.422915,0.414912,0
0.000973,3,0.87234,0.044134,0.556233,0.003467,0.422915,0.414912,0
0.000973,3,0.893617,0.043983,0.502231,0.003467,0.422915,0.414912,0
0.000973,3,0.914894,0.043833,0.45537,0.003467,0.422915,0.414912,0
0.000973,3,0.93617,0.102648,0.491372,0.003467,0.422915,0.414912,1
0.000973,3,0.957447,0.044134,0.510116,0.003467,0.422915,0.414912,0
0.000973,3,0.978723,0.044134,0.505207,0.003467,0.422915,0.414912,0
0.000973,3,1.0,0.044134,0.508182,0.003467,0.422915,0.414912,0
0.001018,4,0.0,0.044134,0.50476,0.003467,0.422915,0.414912,0
0.001018,4,0.021277,0.084664,0.487504,0.003467,0.422915,0.414912,1
0.001018,4,0.042553,0.077999,0.463106,0.003467,0.422915,0.414912,1
0.001018,4,0.06383,0.077999,0.39155,0.003467,0.422915,0.414912,1
0.001018,4,0.085106,0.082383,0.338738,0.003467,0.422915,0.414912,1
0.001018,4,0.106383,0.077999,0.29396,0.003467,0.422915,0.414912,1
0.001018,4,0.12766,0.076138,0.248438,0.003467,0.422915,0.414912,1
0.001018,4,0.148936,0.077999,0.213776,0.003467,0.422915,0.414912,1
0.001018,4,0.170213,0.077999,0.19875,0.003467,0.422915,0.414912,1
0.001018,4,0.191489,0.077999,0.196965,0.003467,0.422915,0.414912,1
0.001018,4,0.212766,0.082383,0.223594,0.003467,0.422915,0.414912,1
0.001018,4,0.234043,0.082473,0.273579,0.003467,0.422915,0.414912,1
0.001018,4,0.255319,0.09259,0.379946,0.003467,0.422915,0.414912,1
0.001018,4,0.276596,0.122703,0.482594,0.003467,0.422915,0.414912,1
0.001018,4,0.297872,0.043983,0.522612,0.003467,0.422915,0.414912,0
0.001018,4,0.319149,0.044134,0.599078,0.003467,0.422915,0.414912,0
0.001018,4,0.340426,0.043983,0.612169,0.003467,0.422915,0.414912,0
0.001018,4,0.361702,0.043983,0.591788,0.003467,0.422915,0.414912,0
0.001018,4,0.382979,0.044134,0.61812,0.003467,0.422915,0.414912,0
0.001018,4,0.404255,0.044134,0.615591,0.003467,0.422915,0.414912,0
0.001018,4,0.425532,0.044134,0.578251,0.003467,0.422915,0.414912,0
0.001018,4,0.446809,0.043983,0.557126,0.003467,0.422915,0.414912,0
0.001018,4,0.468085,0.043983,0.536001,0.003467,0.422915,0.414912,0
0.001018,4,0.489362,0.043983,0.522017,0.003467,0.422915,0.414912,0
0.001018,4,0.510638,0.043983,0.515174,0.003467,0.422915,0.414912,0
0.001018,4,0.531915,0.043983,0.497173,0.003467,0.422915,0.414912,0
0.001018,4,0.553191,0.043983,0.489884,0.003467,0.422915,0.414912,0
0.001018,4,0.574468,0.043983,0.482446,0.003467,0.422915,0.414912,0
0.001018,4,0.595745,0.043833,0.465486,0.003467,0.422915,0.414912,0
0.001018,4,0.617021,0.043833,0.458941,0.003467,0.422915,0.414912,0
0.001018,4,0.638298,0.043833,0.450461,0.003467,0.422915,0.414912,0
0.001018,4,0.659574,0.043833,0.46147,0.003467,0.422915,0.414912,0
0.001018,4,0.680851,0.044013,0.473817,0.003467,0.422915,0.414912,0
0.001018,4,0.702128,0.056683,0.510562,0.003467,0.422915,0.414912,1
0.001018,4,0.723404,0.053651,0.600863,0.003467,0.422915,0.414912,0
0.001018,4,0.744681,0.044224,0.68313,0.003467,0.422915,0.414912,0
0.001018,4,0.765957,0.044104,0.679113,0.003467,0.422915,0.414912,0
0.001018,4,0.787234,0.044134,0.663642,0.003467,0.422915,0.414912,0
0.001018,4,0.808511,0.044134,0.62645,0.003467,0.422915,0.414912,0
0.001018,4,0.829787,0.043923,0.607557,0.003467,0.422915,0.414912,0
0.001018,4,0.851064,0.044134,0.58911,0.003467,0.422915,0.414912,0
0.001018,4,0.87234,0.043983,0.564267,0.003467,0.422915,0.414912,0
0.001018,4,0.893617,0.043983,0.514877,0.003467,0.422915,0.414912,0
0.001018,4,0.914894,0.043833,0.461619,0.003467,0.422915,0.414912,0
0.001018,4,0.93617,0.044134,0.504314,0.003467,0.422915,0.414912,0
0.001018,4,0.957447,0.044134,0.513389,0.003467,0.422915,0.414912,0
0.001018,4,0.978723,0.044134,0.519488,0.003467,0.422915,0.414912,0
0.001018,4,1.0,0.044134,0.511157,0.003467,0.422915,0.414912,0
0.001062,5,0.0,0.044134,0.503422,0.003467,0.422915,0.414912,0
0.001062,5,0.021277,0.077999,0.482892,0.003467,0.422915,0.414912,1
0.001062,5,0.042553,0.044134,0.459238,0.003467,0.422915,0.414912,0
0.001062,5,0.06383,0.077999,0.392443,0.003467,0.422915,0.414912,1
0.001062,5,0.085106,0.077999,0.331003,0.003467,0.422915,0.414912,1
0.001062,5,0.106383,0.077999,0.286819,0.003467,0.422915,0.414912,1
0.001062,5,0.12766,0.077999,0.240553,0.003467,0.422915,0.414912,1
0.001062,5,0.148936,0.043833,0.210503,0.003467,0.422915,0.414912,0
0.001062,5,0.170213,0.078089,0.191312,0.003467,0.422915,0.414912,1
0.001062,5,0.191489,0.078089,0.186998,0.003467,0.422915,0.414912,1
0.001062,5,0.212766,0.082473,0.219726,0.003467,0.422915,0.414912,1
0.001062,5,0.234043,0.083313,0.271199,0.003467,0.422915,0.414912,1
0.001062,5,0.255319,0.087216,0.372657,0.003467,0.422915,0.414912,1
0.001062,5,0.276596,0.122703,0.48557,0.003467,0.422915,0.414912,1
0.001062,5,0.297872,0.043983,0.507587,0.003467,0.422915,0.414912,0
0.001062,5,0.319149,0.043983,0.584796,0.003467,0.422915,0.414912,0
0.001062,5,0.340426,0.044043,0.610235,0.003467,0.422915,0.414912,0
0.001062,5,0.361702,0.044043,0.612169,0.003467,0.422915,0.414912,0
0.001062,5,0.382979,0.044134,0.626004,0.003467,0.422915,0.414912,0
0.001062,5,0.404255,0.044134,0.625112,0.003467,0.422915,0.414912,0
0.001062,5,0.425532,0.044134,0.595061,0.003467,0.422915,0.414912,0
0.001062,5,0.446809,0.044043,0.561738,0.003467,0.422915,0.414912,0
0.001062,5,0.468085,0.043983,0.536001,0.003467,0.422915,0.414912,0
0.001062,5,0.489362,0.044134,0.518744,0.003467,0.422915,0.414912,0
0.001062,5,0.510638,0.044043,0.503868,0.003467,0.422915,0.414912,0
0.001062,5,0.531915,0.043983,0.482446,0.003467,0.422915,0.414912,0
0.001062,5,0.553191,0.043983,0.468313,0.003467,0.422915,0.414912,0
0.001062,5,0.574468,0.043983,0.458941,0.003467,0.422915,0.414912,0
0.001062,5,0.595745,0.043983,0.44704,0.003467,0.422915,0.414912,0
0.001062,5,0.617021,0.043833,0.433799,0.003467,0.422915,0.414912,0
0.001062,5,0.638298,0.043833,0.429932,0.003467,0.422915,0.414912,0
0.001062,5,0.659574,0.043833,0.432609,0.003467,0.422915,0.414912,0
0.001062,5,0.680851,0.043833,0.444659,0.003467,0.422915,0.414912,0
0.001062,5,0.702128,0.044013,0.488843,0.003467,0.422915,0.414912,0
0.001062,5,0.723404,0.049598,0.570663,0.003467,0.422915,0.414912,0
0.001062,5,0.744681,0.044134,0.642071,0.003467,0.422915,0.414912,0
0.001062,5,0.765957,0.044043,0.631657,0.003467,0.422915,0.414912,0
0.001062,5,0.787234,0.043983,0.606665,0.003467,0.422915,0.414912,0
0.001062,5,0.808511,0.043983,0.573639,0.003467,0.422915,0.414912,0
0.001062,5,0.829787,0.043833,0.543588,0.003467,0.422915,0.414912,0
0.001062,5,0.851064,0.043983,0.5241,0.003467,0.422915,0.414912,0
0.001062,5,0.87234,0.043833,0.505356,0.003467,0.422915,0.414912,0
0.001062,5,0.893617,0.043833,0.461916,0.003467,0.422915,0.414912,0
0.001062,5,0.914894,0.043683,0.417435,0.003467,0.422915,0.414912,0
0.001062,5,0.93617,0.043983,0.465784,0.003467,0.422915,0.414912,0
0.001062,5,0.957447,0.044134,0.480958,0.003467,0.422915,0.414912,0
0.001062,5,0.978723,0.044134,0.494496,0.003467,0.422915,0.414912,0
0.001062,5,1.0,0.043983,0.488396,0.003467,0.422915,0.414912,0
0.004159,6,0.0,0.044134,0.486909,0.003467,0.422915,0.414912,0
0.004159,6,0.021277,0.044134,0.464296,0.003467,0.422915,0.414912,0
0.004159,6,0.042553,0.044134,0.430824,0.003467,0.422915,0.414912,0
0.004159,6,0.06383,0.043983,0.368343,0.003467,0.422915,0.414912,0
0.004159,6,0.085106,0.043983,0.303184,0.003467,0.422915,0.414912,0
0.004159,6,0.106383,0.043983,0.252008,0.003467,0.422915,0.414912,0
0.004159,6,0.12766,0.044043,0.210503,0.003467,0.422915,0.414912,0
0.004159,6,0.148936,0.043833,0.171229,0.003467,0.422915,0.414912,0
0.004159,6,0.170213,0.060586,0.146831,0.003467,0.422915,0.414912,1
0.004159,6,0.191489,0.043833,0.135525,0.003467,0.422915,0.414912,0
0.004159,6,0.212766,0.060586,0.137162,0.003467,0.422915,0.414912,1
0.004159,6,0.234043,0.066981,0.158137,0.003467,0.422915,0.414912,1
0.004159,6,0.255319,0.081122,0.198602,0.003467,0.422915,0.414912,1
0.004159,6,0.276596,0.073106,0.243082,0.003467,0.422915,0.414912,1
0.004159,6,0.297872,0.083884,0.296935,0.003467,0.422915,0.414912,1
0.004159,6,0.319149,0.087366,0.386938,0.003467,0.422915,0.414912,1
0.004159,6,0.340426,0.089798,0.463106,0.003467,0.422915,0.414912,1
0.004159,6,0.361702,0.095803,0.502975,0.003467,0.422915,0.414912,1
0.004159,6,0.382979,0.121652,0.531389,0.003467,0.422915,0.414912,1
0.004159,6,0.404255,0.109103,0.523505,0.003467,0.422915,0.414912,1
0.004159,6,0.425532,0.089798,0.493008,0.003467,0.422915,0.414912,1
0.004159,6,0.446809,0.044254,0.459685,0.003467,0.422915,0.414912,0
0.004159,6,0.468085,0.044254,0.431419,0.003467,0.422915,0.414912,0
0.004159,6,0.489362,0.044134,0.406427,0.003467,0.422915,0.414912,0
0.004159,6,0.510638,0.044134,0.38069,0.003467,0.422915,0.414912,0
0.004159,6,0.531915,0.044134,0.360904,0.003467,0.422915,0.414912,0
0.004159,6,0.553191,0.044134,0.342011,0.003467,0.422915,0.414912,0
0.004159,6,0.574468,0.044134,0.322523,0.003467,0.422915,0.414912,0
0.004159,6,0.595745,0.043983,0.30839,0.003467,0.422915,0.414912,0
0.004159,6,0.617021,0.043983,0.299762,0.003467,0.422915,0.414912,0
0.004159,6,0.638298,0.043983,0.297382,0.003467,0.422915,0.414912,0
0.004159,6,0.659574,0.043983,0.30244,0.003467,0.422915,0.414912,0
0.004159,6,0.680851,0.043983,0.323416,0.003467,0.422915,0.414912,0
0.004159,6,0.702128,0.083884,0.390658,0.003467,0.422915,0.414912,1
0.004159,6,0.723404,0.106461,0.469206,0.003467,0.422915,0.414912,1
0.004159,6,0.744681,0.106461,0.538976,0.003467,0.422915,0.414912,1
0.004159,6,0.765957,0.089798,0.536596,0.003467,0.422915,0.414912,1
0.004159,6,0.787234,0.044404,0.513686,0.003467,0.422915,0.414912,0
0.004159,6,0.808511,0.044254,0.469652,0.003467,0.422915,0.414912,0
0.004159,6,0.829787,0.044134,0.439304,0.003467,0.422915,0.414912,0
0.004159,6,0.851064,0.044134,0.405088,0.003467,0.422915,0.414912,0
0.004159,6,0.87234,0.043983,0.383517,0.003467,0.422915,0.414912,0
0.004159,6,0.893617,0.043983,0.351979,0.003467,0.422915,0.414912,0
0.004159,6,0.914894,0.043983,0.319399,0.003467,0.422915,0.414912,0
0.004159,6,0.93617,0.044134,0.352425,0.003467,0.422915,0.414912,0
0.004159,6,0.957447,0.043983,0.356442,0.003467,0.422915,0.414912,0
0.004159,6,0.978723,0.043983,0.369682,0.003467,0.422915,0.414912,0
0.004159,6,1.0,0.043983,0.35302,0.003467,0.422915,0.414912,0
0.004203,7,0.0,0.043983,0.336656,0.003467,0.422915,0.414912,0
0.004203,7,0.021277,0.043863,0.292175,0.003467,0.422915,0.414912,0
0.004203,7,0.042553,0.043833,0.266885,0.003467,0.422915,0.414912,0
0.004203,7,0.06383,0.043833,0.218536,0.003467,0.422915,0.414912,0
0.004203,7,0.085106,0.043833,0.174353,0.003467,0.422915,0.414912,0
0.004203,7,0.106383,0.043833,0.136864,0.003467,0.422915,0.414912,0
0.004203,7,0.12766,0.043683,0.114252,0.003467,0.422915,0.414912,0
0.004203,7,0.148936,0.043683,0.089259,0.003467,0.422915,0.414912,0
0.004203,7,0.170213,0.043683,0.076912,0.003467,0.422915,0.414912,0
0.004203,7,0.191489,0.043683,0.071854,0.003467,0.422915,0.414912,0
0.004203,7,0.212766,0.043683,0.076763,0.003467,0.422915,0.414912,0
0.004203,7,0.234043,0.043833,0.08911,0.003467,0.422915,0.414912,0
0.004203,7,0.255319,0.043833,0.109491,0.003467,0.422915,0.414912,0
0.004203,7,0.276596,0.043833,0.129872,0.003467,0.422915,0.414912,0
0.004203,7,0.297872,0.043833,0.153526,0.003467,0.422915,0.414912,0
0.004203,7,0.319149,0.043983,0.214222,0.003467,0.422915,0.414912,0
0.004203,7,0.340426,0.043983,0.284142,0.003467,0.422915,0.414912,0
0.004203,7,0.361702,0.044134,0.339929,0.003467,0.422915,0.414912,0
0.004203,7,0.382979,0.044134,0.391996,0.003467,0.422915,0.414912,0
0.004203,7,0.404255,0.044134,0.417882,0.003467,0.422915,0.414912,0
0.004203,7,0.425532,0.044134,0.424874,0.003467,0.422915,0.414912,0
0.004203,7,0.446809,0.044134,0.421452,0.003467,0.422915,0.414912,0
0.004203,7,0.468085,0.083884,0.410741,0.003467,0.422915,0.414912,1
0.004203,7,0.489362,0.083884,0.402261,0.003467,0.422915,0.414912,1
0.004203,7,0.510638,0.083884,0.394823,0.003467,0.422915,0.414912,1
0.004203,7,0.531915,0.084724,0.381434,0.003467,0.422915,0.414912,1
0.004203,7,0.553191,0.083884,0.360458,0.003467,0.422915,0.414912,1
0.004203,7,0.574468,0.083884,0.340821,0.003467,0.422915,0.414912,1
0.004203,7,0.595745,0.082353,0.332342,0.003467,0.422915,0.414912,1
0.004203,7,0.617021,0.082353,0.322523,0.003467,0.422915,0.414912,1
0.004203,7,0.638298,0.083884,0.333234,0.003467,0.422915,0.414912,1
0.004203,7,0.659574,0.083884,0.341267,0.003467,0.422915,0.414912,1
0.004203,7,0.680851,0.086676,0.363731,0.003467,0.422915,0.414912,1
0.004203,7,0.702128,0.089708,0.420857,0.003467,0.422915,0.414912,1
0.004203,7,0.723404,0.121502,0.493752,0.003467,0.422915,0.414912,1
0.004203,7,0.744681,0.121502,0.558911,0.003467,0.422915,0.414912,1
0.004203,7,0.765957,0.089708,0.571407,0.003467,0.422915,0.414912,1
0.004203,7,0.787234,0.086676,0.550878,0.003467,0.422915,0.414912,1
0.004203,7,0.808511,0.044404,0.523951,0.003467,0.422915,0.414912,0
0.004203,7,0.829787,0.044254,0.49524,0.003467,0.422915,0.414912,0
0.004203,7,0.851064,0.044254,0.466677,0.003467,0.422915,0.414912,0
0.004203,7,0.87234,0.044134,0.447932,0.003467,0.422915,0.414912,0
0.004203,7,0.893617,0.044134,0.401964,0.003467,0.422915,0.414912,0
0.004203,7,0.914894,0.044134,0.349747,0.003467,0.422915,0.414912,0
0.004203,7,0.93617,0.044134,0.372954,0.003467,0.422915,0.414912,0
0.004203,7,0.957447,0.043983,0.368938,0.003467,0.422915,0.414912,0
0.004203,7,0.978723,0.043983,0.372062,0.003467,0.422915,0.414912,0
0.004203,7,1.0,0.043983,0.352127,0.003467,0.422915,0.414912,0
0.004248,1,0.0,0.043983,0.333829,0.003467,0.422915,0.414912,0
0.004248,1,0.021277,0.043983,0.296638,0.003467,0.422915,0.414912,0
0.004248,1,0.042553,0.043923,0.282356,0.003467,0.422915,0.414912,0
0.004248,1,0.06383,0.043983,0.236537,0.003467,0.422915,0.414912,0
0.004248,1,0.085106,0.043983,0.205296,0.003467,0.422915,0.414912,0
0.004248,1,0.106383,0.043833,0.172865,0.003467,0.422915,0.414912,0
0.004248,1,0.12766,0.043683,0.151145,0.003467,0.422915,0.414912,0
0.004248,1,0.148936,0.043683,0.136269,0.003467,0.422915,0.414912,0
0.004248,1,0.170213,0.043353,0.129872,0.003467,0.422915,0.414912,0
0.004248,1,0.191489,0.043533,0.138203,0.003467,0.422915,0.414912,0
0.004248,1,0.212766,0.043533,0.17465,0.003467,0.422915,0.414912,0
0.004248,1,0.234043,0.076108,0.226569,0.003467,0.422915,0.414912,1
0.004248,1,0.255319,0.082473,0.331449,0.003467,0.422915,0.414912,1
0.004248,1,0.276596,0.085145,0.436031,0.003467,0.422915,0.414912,1
0.004248,1,0.297872,0.048367,0.460726,0.003467,0.422915,0.414912,0
0.004248,1,0.319149,0.048517,0.532728,0.003467,0.422915,0.414912,0
0.004248,1,0.340426,0.048367,0.551324,0.003467,0.422915,0.414912,0
0.004248,1,0.361702,0.048367,0.546266,0.003467,0.422915,0.414912,0
0.004248,1,0.382979,0.048517,0.580036,0.003467,0.422915,0.414912,0
0.004248,1,0.404255,0.048607,0.581672,0.003467,0.422915,0.414912,0
0.004248,1,0.425532,0.048607,0.565605,0.003467,0.422915,0.414912,0
0.004248,1,0.446809,0.048517,0.542844,0.003467,0.422915,0.414912,0
0.004248,1,0.468085,0.048517,0.514579,0.003467,0.422915,0.414912,0
0.004248,1,0.489362,0.048517,0.517406,0.003467,0.422915,0.414912,0
0.004248,1,0.510638,0.089798,0.516215,0.003467,0.422915,0.414912,1
0.004248,1,0.531915,0.089798,0.5,0.003467,0.422915,0.414912,1
0.004248,1,0.553191,0.081302,0.491074,0.003467,0.422915,0.414912,1
0.004248,1,0.574468,0.048517,0.485421,0.003467,0.422915,0.414912,0
0.004248,1,0.595745,0.089798,0.479173,0.003467,0.422915,0.414912,1
0.004248,1,0.617021,0.048517,0.466082,0.003467,0.422915,0.414912,0
0.004248,1,0.638298,0.048517,0.466528,0.003467,0.422915,0.414912,0
0.004248,1,0.659574,0.093191,0.472181,0.003467,0.422915,0.414912,1
0.004248,1,0.680851,0.048517,0.479768,0.003467,0.422915,0.414912,0
0.004248,1,0.702128,0.107302,0.539423,0.003467,0.422915,0.414912,1
0.004248,1,0.723404,0.048517,0.615739,0.003467,0.422915,0.414912,0
0.004248,1,0.744681,0.05221,0.673312,0.003467,0.422915,0.414912,0
0.004248,1,0.765957,0.048517,0.647426,0.003467,0.422915,0.414912,0
0.004248,1,0.787234,0.048367,0.612615,0.003467,0.422915,0.414912,0
0.004248,1,0.808511,0.048367,0.572597,0.003467,0.422915,0.414912,0
0.004248,1,0.829787,0.043353,0.540762,0.003467,0.422915,0.414912,0
0.004248,1,0.851064,0.048517,0.504909,0.003467,0.422915,0.414912,0
0.004248,1,0.87234,0.048367,0.488694,0.003467,0.422915,0.414912,0
0.004248,1,0.893617,0.047556,0.446593,0.003467,0.422915,0.414912,0
0.004248,1,0.914894,0.043353,0.398691,0.003467,0.422915,0.414912,0
0.004248,1,0.93617,0.048517,0.445849,0.003467,0.422915,0.414912,0
0.004248,1,0.957447,0.048517,0.447783,0.003467,0.422915,0.414912,0
0.004248,1,0.978723,0.076108,0.474561,0.003467,0.422915,0.414912,1
0.004248,1,1.0,0.076108,0.475156,0.003467,0.422915,0.414912,1
0.004292,2,0.0,0.076108,0.475156,0.003467,0.422915,0.414912,1
0.004292,2,0.021277,0.076798,0.459387,0.003467,0.422915,0.414912,1
0.004292,2,0.042553,0.059865,0.424427,0.003467,0.422915,0.414912,1
0.004292,2,0.06383,0.048517,0.370425,0.003467,0.422915,0.414912,0
0.004292,2,0.085106,0.076108,0.308242,0.003467,0.422915,0.414912,1
0.004292,2,0.106383,0.048367,0.263314,0.003467,0.422915,0.414912,0
0.004292,2,0.12766,0.043533,0.2169,0.003467,0.422915,0.414912,0
0.004292,2,0.148936,0.043533,0.177774,0.003467,0.422915,0.414912,0
0.004292,2,0.170213,0.043353,0.162005,0.003467,0.422915,0.414912,0
0.004292,2,0.191489,0.043353,0.166171,0.003467,0.422915,0.414912,0
0.004292,2,0.212766,0.043533,0.191163,0.003467,0.422915,0.414912,0
0.004292,2,0.234043,0.046806,0.236686,0.003467,0.422915,0.414912,0
0.004292,2,0.255319,0.076108,0.334573,0.003467,0.422915,0.414912,1
0.004292,2,0.276596,0.046926,0.43737,0.003467,0.422915,0.414912,0
0.004292,2,0.297872,0.043503,0.452246,0.003467,0.422915,0.414912,0
0.004292,2,0.319149,0.043533,0.511604,0.003467,0.422915,0.414912,0
0.004292,2,0.340426,0.043503,0.531687,0.003467,0.422915,0.414912,0
0.004292,2,0.361702,0.043503,0.526331,0.003467,0.422915,0.414912,0
0.004292,2,0.382979,0.047016,0.560994,0.003467,0.422915,0.414912,0
0.004292,2,0.404255,0.046806,0.575573,0.003467,0.422915,0.414912,0
0.004292,2,0.425532,0.046806,0.555936,0.003467,0.422915,0.414912,0
0.004292,2,0.446809,0.046806,0.538976,0.003467,0.422915,0.414912,0
0.004292,2,0.468085,0.046806,0.534067,0.003467,0.422915,0.414912,0
0.004292,2,0.489362,0.046806,0.525885,0.003467,0.422915,0.414912,0
0.004292,2,0.510638,0.046806,0.523207,0.003467,0.422915,0.414912,0
0.004292,2,0.531915,0.046806,0.513091,0.003467,0.422915,0.414912,0
0.004292,2,0.553191,0.046806,0.508628,0.003467,0.422915,0.414912,0
0.004292,2,0.574468,0.046806,0.511157,0.003467,0.422915,0.414912,0
0.004292,2,0.595745,0.046806,0.500595,0.003467,0.422915,0.414912,0
0.004292,2,0.617021,0.046806,0.490033,0.003467,0.422915,0.414912,0
0.004292,2,0.638298,0.046806,0.490925,0.003467,0.422915,0.414912,0
0.004292,2,0.659574,0.046806,0.505653,0.003467,0.422915,0.414912,0
0.004292,2,0.680851,0.046956,0.529604,0.003467,0.422915,0.414912,0
0.004292,2,0.702128,0.077789,0.576614,0.003467,0.422915,0.414912,1
0.004292,2,0.723404,0.046956,0.638649,0.003467,0.422915,0.414912,0
0.004292,2,0.744681,0.046956,0.681196,0.003467,0.422915,0.414912,0
0.004292,2,0.765957,0.046806,0.658137,0.003467,0.422915,0.414912,0
0.004292,2,0.787234,0.043533,0.619756,0.003467,0.422915,0.414912,0
0.004292,2,0.808511,0.043533,0.576614,0.003467,0.422915,0.414912,0
0.004292,2,0.829787,0.043533,0.547754,0.003467,0.422915,0.414912,0
0.004292,2,0.851064,0.046806,0.515174,0.003467,0.422915,0.414912,0
0.004292,2,0.87234,0.046806,0.5,0.003467,0.422915,0.414912,0
0.004292,2,0.893617,0.043533,0.451503,0.003467,0.422915,0.414912,0
0.004292,2,0.914894,0.043353,0.407914,0.003467,0.422915,0.414912,0
0.004292,2,0.93617,0.046956,0.450759,0.003467,0.422915,0.414912,0
0.004292,2,0.957447,0.046806,0.462214,0.003467,0.422915,0.414912,0
0.004292,2,0.978723,0.047076,0.48795,0.003467,0.422915,0.414912,0
0.004292,2,1.0,0.046956,0.488099,0.003467,0.422915,0.414912,0
0.004336,3,0.0,0.047076,0.480661,0.003467,0.422915,0.414912,0
0.004336,3,0.021277,0.047076,0.462065,0.003467,0.422915,0.414912,0
0.004336,3,0.042553,0.046956,0.427849,0.003467,0.422915,0.414912,0
0.004336,3,0.06383,0.046956,0.367301,0.003467,0.422915,0.414912,0
0.004336,3,0.085106,0.046806,0.308985,0.003467,0.422915,0.414912,0
0.004336,3,0.106383,0.076108,0.263314,0.003467,0.422915,0.414912,1
0.004336,3,0.12766,0.043533,0.221065,0.003467,0.422915,0.414912,0
0.004336,3,0.148936,0.076108,0.191758,0.003467,0.422915,0.414912,1
0.004336,3,0.170213,0.043533,0.170783,0.003467,0.422915,0.414912,0
0.004336,3,0.191489,0.043533,0.170485,0.003467,0.422915,0.414912,0
0.004336,3,0.212766,0.074877,0.201726,0.003467,0.422915,0.414912,1
0.004336,3,0.234043,0.076798,0.25305,0.003467,0.422915,0.414912,1
0.004336,3,0.255319,0.082473,0.35183,0.003467,0.422915,0.414912,1
0.004336,3,0.276596,0.082473,0.456561,0.003467,0.422915,0.414912,1
0.004336,3,0.297872,0.043533,0.479322,0.003467,0.422915,0.414912,0
0.004336,3,0.319149,0.043533,0.534365,0.003467,0.422915,0.414912,0
0.004336,3,0.340426,0.043533,0.552365,0.003467,0.422915,0.414912,0
0.004336,3,0.361702,0.043533,0.543439,0.003467,0.422915,0.414912,0
0.004336,3,0.382979,0.045394,0.578399,0.003467,0.422915,0.414912,0
0.004336,3,0.404255,0.045244,0.584499,0.003467,0.422915,0.414912,0
0.004336,3,0.425532,0.045244,0.559357,0.003467,0.422915,0.414912,0
0.004336,3,0.446809,0.045244,0.53972,0.003467,0.422915,0.414912,0
0.004336,3,0.468085,0.045244,0.518149,0.003467,0.422915,0.414912,0
0.004336,3,0.489362,0.045244,0.511455,0.003467,0.422915,0.414912,0
0.004336,3,0.510638,0.045244,0.502083,0.003467,0.422915,0.414912,0
0.004336,3,0.531915,0.045244,0.48676,0.003467,0.422915,0.414912,0
0.004336,3,0.553191,0.045244,0.481404,0.003467,0.422915,0.414912,0
0.004336,3,0.574468,0.043863,0.479322,0.003467,0.422915,0.414912,0
0.004336,3,0.595745,0.045244,0.480214,0.003467,0.422915,0.414912,0
0.004336,3,0.617021,0.045274,0.465338,0.003467,0.422915,0.414912,0
0.004336,3,0.638298,0.045244,0.464891,0.003467,0.422915,0.414912,0
0.004336,3,0.659574,0.045244,0.470396,0.003467,0.422915,0.414912,0
0.004336,3,0.680851,0.045244,0.490181,0.003467,0.422915,0.414912,0
0.004336,3,0.702128,0.045244,0.531836,0.003467,0.422915,0.414912,0
0.004336,3,0.723404,0.043983,0.615293,0.003467,0.422915,0.414912,0
0.004336,3,0.744681,0.045244,0.67465,0.003467,0.422915,0.414912,0
0.004336,3,0.765957,0.045244,0.659625,0.003467,0.422915,0.414912,0
0.004336,3,0.787234,0.043563,0.635228,0.003467,0.422915,0.414912,0
0.004336,3,0.808511,0.043563,0.59283,0.003467,0.422915,0.414912,0
0.004336,3,0.829787,0.043533,0.569473,0.003467,0.422915,0.414912,0
0.004336,3,0.851064,0.045394,0.550431,0.003467,0.422915,0.414912,0
0.004336,3,0.87234,0.045244,0.531389,0.003467,0.422915,0.414912,0
0.004336,3,0.893617,0.043893,0.485123,0.003467,0.422915,0.414912,0
0.004336,3,0.914894,0.043533,0.431866,0.003467,0.422915,0.414912,0
0.004336,3,0.93617,0.045394,0.480661,0.003467,0.422915,0.414912,0
0.004336,3,0.957447,0.045394,0.486611,0.003467,0.422915,0.414912,0
0.004336,3,0.978723,0.045394,0.508033,0.003467,0.422915,0.414912,0
0.004336,3,1.0,0.045394,0.506397,0.003467,0.422915,0.414912,0
0.00438,4,0.0,0.045394,0.498364,0.003467,0.422915,0.414912,0
0.00438,4,0.021277,0.076228,0.481107,0.003467,0.422915,0.414912,1
0.00438,4,0.042553,0.045394,0.450907,0.003467,0.422915,0.414912,0
0.00438,4,0.06383,0.045244,0.385302,0.003467,0.422915,0.414912,0
0.00438,4,0.085106,0.045244,0.323862,0.003467,0.422915,0.414912,0
0.00438,4,0.106383,0.043563,0.280571,0.003467,0.422915,0.414912,0
0.00438,4,0.12766,0.043533,0.235198,0.003467,0.422915,0.414912,0
0.00438,4,0.148936,0.043533,0.203065,0.003467,0.422915,0.414912,0
0.00438,4,0.170213,0.043533,0.186403,0.003467,0.422915,0.414912,0
0.00438,4,0.191489,0.043533,0.181494,0.003467,0.422915,0.414912,0
0.00438,4,0.212766,0.075507,0.205147,0.003467,0.422915,0.414912,1
0.00438,4,0.234043,0.077789,0.256918,0.003467,0.422915,0.414912,1
0.00438,4,0.255319,0.083884,0.36269,0.003467,0.422915,0.414912,1
0.00438,4,0.276596,0.077789,0.466379,0.003467,0.422915,0.414912,1
0.00438,4,0.297872,0.043743,0.501488,0.003467,0.422915,0.414912,0
0.00438,4,0.319149,0.045244,0.571259,0.003467,0.422915,0.414912,0
0.00438,4,0.340426,0.043923,0.594763,0.003467,0.422915,0.414912,0
0.00438,4,0.361702,0.043893,0.580928,0.003467,0.422915,0.414912,0
0.00438,4,0.382979,0.045394,0.60488,0.003467,0.422915,0.414912,0
0.00438,4,0.404255,0.045394,0.609938,0.003467,0.422915,0.414912,0
0.00438,4,0.425532,0.045244,0.579143,0.003467,0.422915,0.414912,0
0.00438,4,0.446809,0.045244,0.556382,0.003467,0.422915,0.414912,0
0.00438,4,0.468085,0.045304,0.536299,0.003467,0.422915,0.414912,0
0.00438,4,0.489362,0.045394,0.522315,0.003467,0.422915,0.414912,0
0.00438,4,0.510638,0.045244,0.514579,0.003467,0.422915,0.414912,0
0.00438,4,0.531915,0.045214,0.497471,0.003467,0.422915,0.414912,0
0.00438,4,0.553191,0.045244,0.484826,0.003467,0.422915,0.414912,0
0.00438,4,0.574468,0.043893,0.480958,0.003467,0.422915,0.414912,0
0.00438,4,0.595745,0.045244,0.471735,0.003467,0.422915,0.414912,0
0.00438,4,0.617021,0.045244,0.461619,0.003467,0.422915,0.414912,0
0.00438,4,0.638298,0.043743,0.459387,0.003467,0.422915,0.414912,0
0.00438,4,0.659574,0.045244,0.47114,0.003467,0.422915,0.414912,0
0.00438,4,0.680851,0.045244,0.492413,0.003467,0.422915,0.414912,0
0.00438,4,0.702128,0.045244,0.535109,0.003467,0.422915,0.414912,0
0.00438,4,0.723404,0.045244,0.617971,0.003467,0.422915,0.414912,0
0.00438,4,0.744681,0.045394,0.688634,0.003467,0.422915,0.414912,0
0.00438,4,0.765957,0.045244,0.68194,0.003467,0.422915,0.414912,0
0.00438,4,0.787234,0.045244,0.665873,0.003467,0.422915,0.414912,0
0.00438,4,0.808511,0.043893,0.63374,0.003467,0.422915,0.414912,0
0.00438,4,0.829787,0.043893,0.603243,0.003467,0.422915,0.414912,0
0.00438,4,0.851064,0.045394,0.599375,0.003467,0.422915,0.414912,0
0.00438,4,0.87234,0.045394,0.580184,0.003467,0.422915,0.414912,0
0.00438,4,0.893617,0.045244,0.526331,0.003467,0.422915,0.414912,0
0.00438,4,0.914894,0.043893,0.475305,0.003467,0.422915,0.414912,0
0.00438,4,0.93617,0.07893,0.513835,0.003467,0.422915,0.414912,1
0.00438,4,0.957447,0.045515,0.521868,0.003467,0.422915,0.414912,0
0.00438,4,0.978723,0.077789,0.534365,0.003467,0.422915,0.414912,1
0.00438,4,1.0,0.045515,0.524249,0.003467,0.422915,0.414912,0
0.004425,5,0.0,0.077789,0.513984,0.003467,0.422915,0.414912,1
0.004425,5,0.021277,0.045515,0.491669,0.003467,0.422915,0.414912,0
0.004425,5,0.042553,0.045394,0.461321,0.003467,0.422915,0.414912,0
0.004425,5,0.06383,0.045244,0.400476,0.003467,0.422915,0.414912,0
0.004425,5,0.085106,0.045244,0.338738,0.003467,0.422915,0.414912,0
0.004425,5,0.106383,0.045244,0.286373,0.003467,0.422915,0.414912,0
0.004425,5,0.12766,0.043533,0.243082,0.003467,0.422915,0.414912,0
0.004425,5,0.148936,0.043533,0.212734,0.003467,0.422915,0.414912,0
0.004425,5,0.170213,0.075507,0.191461,0.003467,0.422915,0.414912,1
0.004425,5,0.191489,0.075507,0.193692,0.003467,0.422915,0.414912,1
0.004425,5,0.212766,0.076798,0.220916,0.003467,0.422915,0.414912,1
0.004425,5,0.234043,0.077249,0.271348,0.003467,0.422915,0.414912,1
0.004425,5,0.255319,0.07902,0.377864,0.003467,0.422915,0.414912,1
0.004425,5,0.276596,0.07902,0.488843,0.003467,0.422915,0.414912,1
0.004425,5,0.297872,0.045394,0.508628,0.003467,0.422915,0.414912,0
0.004425,5,0.319149,0.050168,0.591342,0.003467,0.422915,0.414912,0
0.004425,5,0.340426,0.050198,0.617525,0.003467,0.422915,0.414912,0
0.004425,5,0.361702,0.045394,0.602053,0.003467,0.422915,0.414912,0
0.004425,5,0.382979,0.050949,0.637905,0.003467,0.422915,0.414912,0
0.004425,5,0.404255,0.050949,0.637162,0.003467,0.422915,0.414912,0
0.004425,5,0.425532,0.050468,0.597144,0.003467,0.422915,0.414912,0
0.004425,5,0.446809,0.050168,0.577358,0.003467,0.422915,0.414912,0
0.004425,5,0.468085,0.050468,0.555936,0.003467,0.422915,0.414912,0
0.004425,5,0.489362,0.049388,0.540464,0.003467,0.422915,0.414912,0
0.004425,5,0.510638,0.050168,0.528414,0.003467,0.422915,0.414912,0
0.004425,5,0.531915,0.047706,0.516215,0.003467,0.422915,0.414912,0
0.004425,5,0.553191,0.050168,0.503719,0.003467,0.422915,0.414912,0
0.004425,5,0.574468,0.050168,0.489438,0.003467,0.422915,0.414912,0
0.004425,5,0.595745,0.050168,0.478132,0.003467,0.422915,0.414912,0
0.004425,5,0.617021,0.050168,0.466677,0.003467,0.422915,0.414912,0
0.004425,5,0.638298,0.050168,0.452841,0.003467,0.422915,0.414912,0
0.004425,5,0.659574,0.050168,0.472925,0.003467,0.422915,0.414912,0
0.004425,5,0.680851,0.050168,0.496578,0.003467,0.422915,0.414912,0
0.004425,5,0.702128,0.050949,0.54091,0.003467,0.422915,0.414912,0
0.004425,5,0.723404,0.050468,0.622285,0.003467,0.422915,0.414912,0
0.004425,5,0.744681,0.050468,0.683576,0.003467,0.422915,0.414912,0
0.004425,5,0.765957,0.050468,0.675989,0.003467,0.422915,0.414912,0
0.004425,5,0.787234,0.050168,0.645641,0.003467,0.422915,0.414912,0
0.004425,5,0.808511,0.045394,0.613062,0.003467,0.422915,0.414912,0
0.004425,5,0.829787,0.045394,0.587771,0.003467,0.422915,0.414912,0
0.004425,5,0.851064,0.050949,0.570217,0.003467,0.422915,0.414912,0
0.004425,5,0.87234,0.050168,0.551324,0.003467,0.422915,0.414912,0
0.004425,5,0.893617,0.050168,0.507736,0.003467,0.422915,0.414912,0
0.004425,5,0.914894,0.050168,0.462809,0.003467,0.422915,0.414912,0
0.004425,5,0.93617,0.07902,0.516513,0.003467,0.422915,0.414912,1
0.004425,5,0.957447,0.07902,0.525885,0.003467,0.422915,0.414912,1
0.004425,5,0.978723,0.077249,0.535406,0.003467,0.422915,0.414912,1
0.004425,5,1.0,0.07902,0.523654,0.003467,0.422915,0.414912,1
0.004469,6,0.0,0.077249,0.512199,0.003467,0.422915,0.414912,1
0.004469,6,0.021277,0.077249,0.482743,0.003467,0.422915,0.414912,1
0.004469,6,0.042553,0.050468,0.453734,0.003467,0.422915,0.414912,0
0.004469,6,0.06383,0.045394,0.382178,0.003467,0.422915,0.414912,0
0.004469,6,0.085106,0.045244,0.322523,0.003467,0.422915,0.414912,0
0.004469,6,0.106383,0.050468,0.275513,0.003467,0.422915,0.414912,0
0.004469,6,0.12766,0.045244,0.225082,0.003467,0.422915,0.414912,0
0.004469,6,0.148936,0.043533,0.182832,0.003467,0.422915,0.414912,0
0.004469,6,0.170213,0.043533,0.157691,0.003467,0.422915,0.414912,0
0.004469,6,0.191489,0.058514,0.148914,0.003467,0.422915,0.414912,1
0.004469,6,0.212766,0.058514,0.153228,0.003467,0.422915,0.414912,1
0.004469,6,0.234043,0.058514,0.169741,0.003467,0.422915,0.414912,1
0.004469,6,0.255319,0.063648,0.204999,0.003467,0.422915,0.414912,1
0.004469,6,0.276596,0.063648,0.242041,0.003467,0.422915,0.414912,1
0.004469,6,0.297872,0.064489,0.300208,0.003467,0.422915,0.414912,1
0.004469,6,0.319149,0.089498,0.392294,0.003467,0.422915,0.414912,1
0.004469,6,0.340426,0.099616,0.474115,0.003467,0.422915,0.414912,1
0.004469,6,0.361702,0.099616,0.522315,0.003467,0.422915,0.414912,1
0.004469,6,0.382979,0.099616,0.561143,0.003467,0.422915,0.414912,1
0.004469,6,0.404255,0.089498,0.564415,0.003467,0.422915,0.414912,1
0.004469,6,0.425532,0.089498,0.538381,0.003467,0.422915,0.414912,1
0.004469,6,0.446809,0.043953,0.499405,0.003467,0.422915,0.414912,0
0.004469,6,0.468085,0.043833,0.465189,0.003467,0.422915,0.414912,0
0.004469,6,0.489362,0.043833,0.440494,0.003467,0.422915,0.414912,0
0.004469,6,0.510638,0.043833,0.411931,0.003467,0.422915,0.414912,0
0.004469,6,0.531915,0.043833,0.387831,0.003467,0.422915,0.414912,0
0.004469,6,0.553191,0.043683,0.358971,0.003467,0.422915,0.414912,0
0.004469,6,0.574468,0.075417,0.339334,0.003467,0.422915,0.414912,1
0.004469,6,0.595745,0.043683,0.320292,0.003467,0.422915,0.414912,0
0.004469,6,0.617021,0.043683,0.308688,0.003467,0.422915,0.414912,0
0.004469,6,0.638298,0.043683,0.307795,0.003467,0.422915,0.414912,0
0.004469,6,0.659574,0.043683,0.322523,0.003467,0.422915,0.414912,0
0.004469,6,0.680851,0.087667,0.357483,0.003467,0.422915,0.414912,1
0.004469,6,0.702128,0.044104,0.433948,0.003467,0.422915,0.414912,0
0.004469,6,0.723404,0.106761,0.536745,0.003467,0.422915,0.414912,1
0.004469,6,0.744681,0.112195,0.62169,0.003467,0.422915,0.414912,1
0.004469,6,0.765957,0.112195,0.632104,0.003467,0.422915,0.414912,1
0.004469,6,0.787234,0.096463,0.5964,0.003467,0.422915,0.414912,1
0.004469,6,0.808511,0.089498,0.553853,0.003467,0.422915,0.414912,1
0.004469,6,0.829787,0.089498,0.535852,0.003467,0.422915,0.414912,1
0.004469,6,0.851064,0.089498,0.505504,0.003467,0.422915,0.414912,1
0.004469,6,0.87234,0.043833,0.485867,0.003467,0.422915,0.414912,0
0.004469,6,0.893617,0.043833,0.452544,0.003467,0.422915,0.414912,0
0.004469,6,0.914894,0.043833,0.415501,0.003467,0.422915,0.414912,0
0.004469,6,0.93617,0.087667,0.437816,0.003467,0.422915,0.414912,1
0.004469,6,0.957447,0.063648,0.435138,0.003467,0.422915,0.414912,0
0.004469,6,0.978723,0.064489,0.441386,0.003467,0.422915,0.414912,0
0.004469,6,1.0,0.043833,0.416989,0.003467,0.422915,0.414912,0
0.004513,7,0.0,0.043833,0.392443,0.003467,0.422915,0.414912,0
0.004513,7,0.021277,0.043683,0.343945,0.003467,0.422915,0.414912,0
0.004513,7,0.042553,0.043683,0.317911,0.003467,0.422915,0.414912,0
0.004513,7,0.06383,0.043533,0.265248,0.003467,0.422915,0.414912,0
0.004513,7,0.085106,0.043533,0.217346,0.003467,0.422915,0.414912,0
0.004513,7,0.106383,0.058514,0.17837,0.003467,0.422915,0.414912,0
0.004513,7,0.12766,0.058514,0.145641,0.003467,0.422915,0.414912,0
0.004513,7,0.148936,0.051459,0.127343,0.003467,0.422915,0.414912,0
0.004513,7,0.170213,0.058514,0.115591,0.003467,0.422915,0.414912,0
0.004513,7,0.191489,0.058514,0.107855,0.003467,0.422915,0.414912,0
0.004513,7,0.212766,0.058514,0.114996,0.003467,0.422915,0.414912,0
0.004513,7,0.234043,0.063648,0.12645,0.003467,0.422915,0.414912,0
0.004513,7,0.255319,0.063648,0.149509,0.003467,0.422915,0.414912,0
0.004513,7,0.276596,0.043683,0.173312,0.003467,0.422915,0.414912,0
0.004513,7,0.297872,0.075417,0.204999,0.003467,0.422915,0.414912,1
0.004513,7,0.319149,0.075417,0.285927,0.003467,0.422915,0.414912,1
0.004513,7,0.340426,0.087667,0.36507,0.003467,0.422915,0.414912,1
0.004513,7,0.361702,0.092771,0.420411,0.003467,0.422915,0.414912,1
0.004513,7,0.382979,0.106761,0.472032,0.003467,0.422915,0.414912,1
0.004513,7,0.404255,0.102198,0.490181,0.003467,0.422915,0.414912,1
0.004513,7,0.425532,0.102198,0.47828,0.003467,0.422915,0.414912,1
0.004513,7,0.446809,0.089498,0.445254,0.003467,0.422915,0.414912,1
0.004513,7,0.468085,0.075417,0.415948,0.003467,0.422915,0.414912,1
0.004513,7,0.489362,0.043953,0.391104,0.003467,0.422915,0.414912,0
0.004513,7,0.510638,0.043833,0.362987,0.003467,0.422915,0.414912,0
0.004513,7,0.531915,0.043683,0.340821,0.003467,0.422915,0.414912,0
0.004513,7,0.553191,0.043683,0.315382,0.003467,0.422915,0.414912,0
0.004513,7,0.574468,0.043683,0.295745,0.003467,0.422915,0.414912,0
0.004513,7,0.595745,0.043683,0.284142,0.003467,0.422915,0.414912,0
0.004513,7,0.617021,0.043683,0.275067,0.003467,0.422915,0.414912,0
0.004513,7,0.638298,0.043683,0.277893,0.003467,0.422915,0.414912,0
0.004513,7,0.659574,0.043683,0.295894,0.003467,0.422915,0.414912,0
0.004513,7,0.680851,0.043683,0.331895,0.003467,0.422915,0.414912,0
0.004513,7,0.702128,0.089768,0.418179,0.003467,0.422915,0.414912,1
0.004513,7,0.723404,0.102168,0.512348,0.003467,0.422915,0.414912,1
0.004513,7,0.744681,0.098805,0.594317,0.003467,0.422915,0.414912,1
0.004513,7,0.765957,0.092771,0.60726,0.003467,0.422915,0.414912,1
0.004513,7,0.787234,0.089498,0.593722,0.003467,0.422915,0.414912,1
0.004513,7,0.808511,0.089498,0.56263,0.003467,0.422915,0.414912,1
0.004513,7,0.829787,0.046415,0.53972,0.003467,0.422915,0.414912,0
0.004513,7,0.851064,0.089498,0.516959,0.003467,0.422915,0.414912,1
0.004513,7,0.87234,0.043953,0.500446,0.003467,0.422915,0.414912,0
0.004513,7,0.893617,0.043833,0.463255,0.003467,0.422915,0.414912,0
0.004513,7,0.914894,0.043833,0.421749,0.003467,0.422915,0.414912,0
0.004513,7,0.93617,0.089498,0.450015,0.003467,0.422915,0.414912,1
0.004513,7,0.957447,0.043833,0.430675,0.003467,0.422915,0.414912,0
0.004513,7,0.978723,0.043833,0.417882,0.003467,0.422915,0.414912,0
0.004513,7,1.0,0.043683,0.384261,0.003467,0.422915,0.414912,0
0.004557,1,0.0,0.043683,0.360309,0.003467,0.422915,0.414912,0
0.004557,1,0.021277,0.043683,0.320738,0.003467,0.422915,0.414912,0
0.004557,1,0.042553,0.043683,0.294406,0.003467,0.422915,0.414912,0
0.004557,1,0.06383,0.058514,0.246355,0.003467,0.422915,0.414912,0
0.004557,1,0.085106,0.058514,0.202321,0.003467,0.422915,0.414912,0
0.004557,1,0.106383,0.063648,0.176733,0.003467,0.422915,0.414912,0
0.004557,1,0.12766,0.063648,0.147278,0.003467,0.422915,0.414912,0
0.004557,1,0.148936,0.058514,0.129426,0.003467,0.422915,0.414912,0
0.004557,1,0.170213,0.063648,0.114252,0.003467,0.422915,0.414912,0
0.004557,1,0.191489,0.063648,0.108301,0.003467,0.422915,0.414912,0
0.004557,1,0.212766,0.068632,0.117227,0.003467,0.422915,0.414912,1
0.004557,1,0.234043,0.070614,0.137757,0.003467,0.422915,0.414912,1
0.004557,1,0.255319,0.081722,0.171824,0.003467,0.422915,0.414912,1
0.004557,1,0.276596,0.070614,0.203065,0.003467,0.422915,0.414912,1
0.004557,1,0.297872,0.075417,0.225231,0.003467,0.422915,0.414912,1
0.004557,1,0.319149,0.075417,0.295001,0.003467,0.422915,0.414912,1
0.004557,1,0.340426,0.075417,0.372954,0.003467,0.422915,0.414912,1
0.004557,1,0.361702,0.075417,0.4277,0.003467,0.422915,0.414912,1
0.004557,1,0.382979,0.095803,0.48557,0.003467,0.422915,0.414912,1
0.004557,1,0.404255,0.095803,0.505951,0.003467,0.422915,0.414912,1
0.004557,1,0.425532,0.089498,0.499702,0.003467,0.422915,0.414912,1
0.004557,1,0.446809,0.082503,0.475305,0.003467,0.422915,0.414912,1
0.004557,1,0.468085,0.095803,0.446147,0.003467,0.422915,0.414912,1
0.004557,1,0.489362,0.095803,0.428295,0.003467,0.422915,0.414912,1
0.004557,1,0.510638,0.089498,0.416245,0.003467,0.422915,0.414912,1
0.004557,1,0.531915,0.093611,0.400625,0.003467,0.422915,0.414912,1
0.004557,1,0.553191,0.093611,0.389616,0.003467,0.422915,0.414912,1
0.004557,1,0.574468,0.089498,0.376376,0.003467,0.422915,0.414912,1
0.004557,1,0.595745,0.087667,0.374145,0.003467,0.422915,0.414912,1
0.004557,1,0.617021,0.089498,0.373103,0.003467,0.422915,0.414912,1
0.004557,1,0.638298,0.093611,0.374145,0.003467,0.422915,0.414912,1
0.004557,1,0.659574,0.095803,0.402112,0.003467,0.422915,0.414912,1
0.004557,1,0.680851,0.104209,0.440643,0.003467,0.422915,0.414912,1
0.004557,1,0.702128,0.110964,0.506248,0.003467,0.422915,0.414912,1
0.004557,1,0.723404,0.18425,0.617822,0.003467,0.422915,0.414912,1
0.004557,1,0.744681,0.19776,0.696073,0.003467,0.422915,0.414912,1
0.004557,1,0.765957,0.152516,0.685808,0.003467,0.422915,0.414912,1
0.004557,1,0.787234,0.152516,0.663344,0.003467,0.422915,0.414912,1
0.004557,1,0.808511,0.121202,0.634186,0.003467,0.422915,0.414912,1
0.004557,1,0.829787,0.121202,0.610979,0.003467,0.422915,0.414912,1
0.004557,1,0.851064,0.106761,0.577358,0.003467,0.422915,0.414912,1
0.004557,1,0.87234,0.095803,0.54701,0.003467,0.422915,0.414912,1
0.004557,1,0.893617,0.043833,0.494942,0.003467,0.422915,0.414912,0
0.004557,1,0.914894,0.043833,0.43975,0.003467,0.422915,0.414912,0
0.004557,1,0.93617,0.089498,0.44942,0.003467,0.422915,0.414912,1
0.004557,1,0.957447,0.045364,0.431419,0.003467,0.422915,0.414912,0
0.004557,1,0.978723,0.063648,0.443023,0.003467,0.422915,0.414912,0
0.004557,1,1.0,0.043833,0.433056,0.003467,0.422915,0.414912,0
0.004602,2,0.0,0.063648,0.430378,0.003467,0.422915,0.414912,0
0.004602,2,0.021277,0.043833,0.394377,0.003467,0.422915,0.414912,0
0.004602,2,0.042553,0.043833,0.383368,0.003467,0.422915,0.414912,0
0.004602,2,0.06383,0.043683,0.334722,0.003467,0.422915,0.414912,0
0.004602,2,0.085106,0.043683,0.282654,0.003467,0.422915,0.414912,0
0.004602,2,0.106383,0.058514,0.250521,0.003467,0.422915,0.414912,0
0.004602,2,0.12766,0.043683,0.213329,0.003467,0.422915,0.414912,0
0.004602,2,0.148936,0.058514,0.184618,0.003467,0.422915,0.414912,0
0.004602,2,0.170213,0.075507,0.171973,0.003467,0.422915,0.414912,0
0.004602,2,0.191489,0.075627,0.174799,0.003467,0.422915,0.414912,0
0.004602,2,0.212766,0.077069,0.20723,0.003467,0.422915,0.414912,0
0.004602,2,0.234043,0.07878,0.257066,0.003467,0.422915,0.414912,0
0.004602,2,0.255319,0.07878,0.36745,0.003467,0.422915,0.414912,0
0.004602,2,0.276596,0.07878,0.486611,0.003467,0.422915,0.414912,0
0.004602,2,0.297872,0.043683,0.52291,0.003467,0.422915,0.414912,0
0.004602,2,0.319149,0.043833,0.611128,0.003467,0.422915,0.414912,0
0.004602,2,0.340426,0.043833,0.640137,0.003467,0.422915,0.414912,0
0.004602,2,0.361702,0.043833,0.642071,0.003467,0.422915,0.414912,0
0.004602,2,0.382979,0.121202,0.672716,0.003467,0.422915,0.414912,1
0.004602,2,0.404255,0.121202,0.681196,0.003467,0.422915,0.414912,1
0.004602,2,0.425532,0.043953,0.65665,0.003467,0.422915,0.414912,0
0.004602,2,0.446809,0.121202,0.631062,0.003467,0.422915,0.414912,1
0.004602,2,0.468085,0.043833,0.613359,0.003467,0.422915,0.414912,0
0.004602,2,0.489362,0.089498,0.59878,0.003467,0.422915,0.414912,1
0.004602,2,0.510638,0.121202,0.591342,0.003467,0.422915,0.414912,1
0.004602,2,0.531915,0.089498,0.583457,0.003467,0.422915,0.414912,1
0.004602,2,0.553191,0.089498,0.574978,0.003467,0.422915,0.414912,1
0.004602,2,0.574468,0.121202,0.571407,0.003467,0.422915,0.414912,1
0.004602,2,0.595745,0.043833,0.559952,0.003467,0.422915,0.414912,0
0.004602,2,0.617021,0.089498,0.547902,0.003467,0.422915,0.414912,1
0.004602,2,0.638298,0.121202,0.550134,0.003467,0.422915,0.414912,1
0.004602,2,0.659574,0.121202,0.569176,0.003467,0.422915,0.414912,1
0.004602,2,0.680851,0.121202,0.598929,0.003467,0.422915,0.414912,1
0.004602,2,0.702128,0.152756,0.667063,0.003467,0.422915,0.414912,1
0.004602,2,0.723404,0.150354,0.76748,0.003467,0.422915,0.414912,1
0.004602,2,0.744681,0.121202,0.829366,0.003467,0.422915,0.414912,1
0.004602,2,0.765957,0.121202,0.819101,0.003467,0.422915,0.414912,1
0.004602,2,0.787234,0.121202,0.788456,0.003467,0.422915,0.414912,1
0.004602,2,0.808511,0.121202,0.74695,0.003467,0.422915,0.414912,1
0.004602,2,0.829787,0.043953,0.709313,0.003467,0.422915,0.414912,0
0.004602,2,0.851064,0.121202,0.6867,0.003467,0.422915,0.414912,1
0.004602,2,0.87234,0.121202,0.654121,0.003467,0.422915,0.414912,1
0.004602,2,0.893617,0.043833,0.595805,0.003467,0.422915,0.414912,0
0.004602,2,0.914894,0.07878,0.541654,0.003467,0.422915,0.414912,0
0.004602,2,0.93617,0.086075,0.569473,0.003467,0.422915,0.414912,1
0.004602,2,0.957447,0.07878,0.546415,0.003467,0.422915,0.414912,0
0.004602,2,0.978723,0.07878,0.562333,0.003467,0.422915,0.414912,0
0.004602,2,1.0,0.07878,0.551175,0.003467,0.422915,0.414912,0
0.004646,3,0.0,0.07878,0.542844,0.003467,0.422915,0.414912,0
0.004646,3,0.021277,0.07878,0.523505,0.003467,0.422915,0.414912,0
0.004646,3,0.042553,0.07878,0.502975,0.003467,0.422915,0.414912,0
0.004646,3,0.06383,0.07854,0.432907,0.003467,0.422915,0.414912,0
0.004646,3,0.085106,0.077069,0.37355,0.003467,0.422915,0.414912,0
0.004646,3,0.106383,0.077069,0.330408,0.003467,0.422915,0.414912,0
0.004646,3,0.12766,0.077069,0.278935,0.003467,0.422915,0.414912,0
0.004646,3,0.148936,0.075507,0.243231,0.003467,0.422915,0.414912,0
0.004646,3,0.170213,0.076798,0.222404,0.003467,0.422915,0.414912,0
0.004646,3,0.191489,0.076798,0.221214,0.003467,0.422915,0.414912,0
0.004646,3,0.212766,0.076798,0.244124,0.003467,0.422915,0.414912,0
0.004646,3,0.234043,0.079891,0.29396,0.003467,0.422915,0.414912,0
0.004646,3,0.255319,0.086075,0.397352,0.003467,0.422915,0.414912,0
0.004646,3,0.276596,0.086075,0.513984,0.003467,0.422915,0.414912,0
0.004646,3,0.297872,0.089798,0.552068,0.003467,0.422915,0.414912,1
0.004646,3,0.319149,0.089798,0.639839,0.003467,0.422915,0.414912,1
0.004646,3,0.340426,0.089798,0.665129,0.003467,0.422915,0.414912,0
0.004646,3,0.361702,0.089798,0.653823,0.003467,0.422915,0.414912,0
0.004646,3,0.382979,0.152756,0.682535,0.003467,0.422915,0.414912,1
0.004646,3,0.404255,0.119731,0.679708,0.003467,0.422915,0.414912,1
0.004646,3,0.425532,0.152756,0.65903,0.003467,0.422915,0.414912,1
0.004646,3,0.446809,0.119731,0.630765,0.003467,0.422915,0.414912,1
0.004646,3,0.468085,0.119731,0.612467,0.003467,0.422915,0.414912,1
0.004646,3,0.489362,0.152756,0.616483,0.003467,0.422915,0.414912,1
0.004646,3,0.510638,0.152756,0.588069,0.003467,0.422915,0.414912,1
0.004646,3,0.531915,0.119731,0.580333,0.003467,0.422915,0.414912,1
0.004646,3,0.553191,0.119731,0.586879,0.003467,0.422915,0.414912,1
0.004646,3,0.574468,0.152756,0.580928,0.003467,0.422915,0.414912,1
0.004646,3,0.595745,0.120151,0.570068,0.003467,0.422915,0.414912,1
0.004646,3,0.617021,0.120151,0.562779,0.003467,0.422915,0.414912,1
0.004646,3,0.638298,0.140417,0.565308,0.003467,0.422915,0.414912,1
0.004646,3,0.659574,0.160532,0.600863,0.003467,0.422915,0.414912,1
0.004646,3,0.680851,0.179596,0.645344,0.003467,0.422915,0.414912,1
0.004646,3,0.702128,0.224931,0.704552,0.003467,0.422915,0.414912,1
0.004646,3,0.723404,0.224931,0.772538,0.003467,0.422915,0.414912,1
0.004646,3,0.744681,0.224931,0.838441,0.003467,0.422915,0.414912,1
0.004646,3,0.765957,0.224931,0.827135,0.003467,0.422915,0.414912,1
0.004646,3,0.787234,0.179596,0.797977,0.003467,0.422915,0.414912,1
0.004646,3,0.808511,0.160532,0.753794,0.003467,0.422915,0.414912,1
0.004646,3,0.829787,0.152756,0.723743,0.003467,0.422915,0.414912,1
0.004646,3,0.851064,0.224481,0.691015,0.003467,0.422915,0.414912,1
0.004646,3,0.87234,0.179596,0.660369,0.003467,0.422915,0.414912,1
0.004646,3,0.893617,0.152756,0.602946,0.003467,0.422915,0.414912,1
0.004646,3,0.914894,0.074817,0.537638,0.003467,0.422915,0.414912,0
0.004646,3,0.93617,0.179596,0.567242,0.003467,0.422915,0.414912,1
0.004646,3,0.957447,0.099135,0.564267,0.003467,0.422915,0.414912,0
0.004646,3,0.978723,0.152756,0.563672,0.003467,0.422915,0.414912,1
0.004646,3,1.0,0.099135,0.555043,0.003467,0.422915,0.414912,0
0.00469,4,0.0,0.099135,0.546712,0.003467,0.422915,0.414912,0
0.00469,4,0.021277,0.095803,0.525141,0.003467,0.422915,0.414912,0
0.00469,4,0.042553,0.063138,0.497471,0.003467,0.422915,0.414912,0
0.00469,4,0.06383,0.076798,0.437072,0.003467,0.422915,0.414912,0
0.00469,4,0.085106,0.079891,0.374442,0.003467,0.422915,0.414912,0
0.00469,4,0.106383,0.076798,0.325647,0.003467,0.422915,0.414912,0
0.00469,4,0.12766,0.076798,0.281315,0.003467,0.422915,0.414912,0
0.00469,4,0.148936,0.042272,0.243231,0.003467,0.422915,0.414912,0
0.00469,4,0.170213,0.075177,0.22166,0.003467,0.422915,0.414912,0
0.00469,4,0.191489,0.075207,0.215115,0.003467,0.422915,0.414912,0
0.00469,4,0.212766,0.075627,0.242339,0.003467,0.422915,0.414912,0
0.00469,4,0.234043,0.075868,0.293216,0.003467,0.422915,0.414912,0
0.00469,4,0.255319,0.086075,0.395567,0.003467,0.422915,0.414912,0
0.00469,4,0.276596,0.119731,0.517703,0.003467,0.422915,0.414912,0
0.00469,4,0.297872,0.091059,0.555489,0.003467,0.422915,0.414912,0
0.00469,4,0.319149,0.120001,0.635079,0.003467,0.422915,0.414912,0
0.00469,4,0.340426,0.091059,0.656204,0.003467,0.422915,0.414912,0
0.00469,4,0.361702,0.091059,0.637013,0.003467,0.422915,0.414912,0
0.00469,4,0.382979,0.119731,0.666468,0.003467,0.422915,0.414912,0
0.00469,4,0.404255,0.119731,0.67108,0.003467,0.422915,0.414912,0
0.00469,4,0.425532,0.119731,0.647724,0.003467,0.422915,0.414912,0
0.00469,4,0.446809,0.119731,0.625855,0.003467,0.422915,0.414912,0
0.00469,4,0.468085,0.120001,0.60964,0.003467,0.422915,0.414912,0
0.00469,4,0.489362,0.119731,0.599673,0.003467,0.422915,0.414912,0
0.00469,4,0.510638,0.119731,0.592681,0.003467,0.422915,0.414912,0
0.00469,4,0.531915,0.120001,0.584499,0.003467,0.422915,0.414912,0
0.00469,4,0.553191,0.15807,0.578251,0.003467,0.422915,0.414912,1
0.00469,4,0.574468,0.181968,0.570663,0.003467,0.422915,0.414912,1
0.00469,4,0.595745,0.120001,0.56144,0.003467,0.422915,0.414912,0
0.00469,4,0.617021,0.120001,0.550878,0.003467,0.422915,0.414912,0
0.00469,4,0.638298,0.120001,0.544927,0.003467,0.422915,0.414912,0
0.00469,4,0.659574,0.120151,0.556828,0.003467,0.422915,0.414912,0
0.00469,4,0.680851,0.120151,0.591044,0.003467,0.422915,0.414912,0
0.00469,4,0.702128,0.181968,0.652633,0.003467,0.422915,0.414912,1
0.00469,4,0.723404,0.209109,0.743082,0.003467,0.422915,0.414912,1
0.00469,4,0.744681,0.225351,0.808688,0.003467,0.422915,0.414912,1
0.00469,4,0.765957,0.209109,0.804225,0.003467,0.422915,0.414912,1
0.00469,4,0.787234,0.181968,0.786671,0.003467,0.422915,0.414912,1
0.00469,4,0.808511,0.160532,0.747694,0.003467,0.422915,0.414912,1
0.00469,4,0.829787,0.152756,0.720321,0.003467,0.422915,0.414912,1
0.00469,4,0.851064,0.221178,0.700387,0.003467,0.422915,0.414912,1
0.00469,4,0.87234,0.181968,0.668997,0.003467,0.422915,0.414912,1
0.00469,4,0.893617,0.152756,0.609194,0.003467,0.422915,0.414912,1
0.00469,4,0.914894,0.106611,0.544332,0.003467,0.422915,0.414912,0
0.00469,4,0.93617,0.152756,0.572449,0.003467,0.422915,0.414912,1
0.00469,4,0.957447,0.120001,0.573788,0.003467,0.422915,0.414912,0
0.00469,4,0.978723,0.120001,0.567986,0.003467,0.422915,0.414912,0
0.00469,4,1.0,0.120001,0.556084,0.003467,0.422915,0.414912,0
0.004734,5,0.0,0.106611,0.541654,0.003467,0.422915,0.414912,0
0.004734,5,0.021277,0.120001,0.517257,0.003467,0.422915,0.414912,0
0.004734,5,0.042553,0.082172,0.48795,0.003467,0.422915,0.414912,0
0.004734,5,0.06383,0.042452,0.42413,0.003467,0.422915,0.414912,0
0.004734,5,0.085106,0.075207,0.366111,0.003467,0.422915,0.414912,0
0.004734,5,0.106383,0.075207,0.320738,0.003467,0.422915,0.414912,0
0.004734,5,0.12766,0.075207,0.265843,0.003467,0.422915,0.414912,0
0.004734,5,0.148936,0.042272,0.230735,0.003467,0.422915,0.414912,0
0.004734,5,0.170213,0.042272,0.20842,0.003467,0.422915,0.414912,0
0.004734,5,0.191489,0.075207,0.205594,0.003467,0.422915,0.414912,0
0.004734,5,0.212766,0.075207,0.226867,0.003467,0.422915,0.414912,0
0.004734,5,0.234043,0.072415,0.278489,0.003467,0.422915,0.414912,0
0.004734,5,0.255319,0.082172,0.384409,0.003467,0.422915,0.414912,0
0.004734,5,0.276596,0.106161,0.500893,0.003467,0.422915,0.414912,0
0.004734,5,0.297872,0.091059,0.53972,0.003467,0.422915,0.414912,0
0.004734,5,0.319149,0.091059,0.625558,0.003467,0.422915,0.414912,0
0.004734,5,0.340426,0.091059,0.651294,0.003467,0.422915,0.414912,0
0.004734,5,0.361702,0.091059,0.641773,0.003467,0.422915,0.414912,0
0.004734,5,0.382979,0.075117,0.673163,0.003467,0.422915,0.414912,0
0.004734,5,0.404255,0.075117,0.682386,0.003467,0.422915,0.414912,0
0.004734,5,0.425532,0.075117,0.654567,0.003467,0.422915,0.414912,0
0.004734,5,0.446809,0.075117,0.61812,0.003467,0.422915,0.414912,0
0.004734,5,0.468085,0.075117,0.612467,0.003467,0.422915,0.414912,0
0.004734,5,0.489362,0.075117,0.603243,0.003467,0.422915,0.414912,0
0.004734,5,0.510638,0.075117,0.590598,0.003467,0.422915,0.414912,0
0.004734,5,0.531915,0.075117,0.579887,0.003467,0.422915,0.414912,0
0.004734,5,0.553191,0.075117,0.560994,0.003467,0.422915,0.414912,0
0.004734,5,0.574468,0.075117,0.556531,0.003467,0.422915,0.414912,0
0.004734,5,0.595745,0.075117,0.544035,0.003467,0.422915,0.414912,0
0.004734,5,0.617021,0.075117,0.526629,0.003467,0.422915,0.414912,0
0.004734,5,0.638298,0.075117,0.514728,0.003467,0.422915,0.414912,0
0.004734,5,0.659574,0.075117,0.529158,0.003467,0.422915,0.414912,0
0.004734,5,0.680851,0.075117,0.552663,0.003467,0.422915,0.414912,0
0.004734,5,0.702128,0.119731,0.61321,0.003467,0.422915,0.414912,1
0.004734,5,0.723404,0.152756,0.698453,0.003467,0.422915,0.414912,1
0.004734,5,0.744681,0.119731,0.760339,0.003467,0.422915,0.414912,1
0.004734,5,0.765957,0.106161,0.74814,0.003467,0.422915,0.414912,1
0.004734,5,0.787234,0.091059,0.726272,0.003467,0.422915,0.414912,0
0.004734,5,0.808511,0.091059,0.688039,0.003467,0.422915,0.414912,0
0.004734,5,0.829787,0.091059,0.656947,0.003467,0.422915,0.414912,0
0.004734,5,0.851064,0.106161,0.631508,0.003467,0.422915,0.414912,1
0.004734,5,0.87234,0.119731,0.60607,0.003467,0.422915,0.414912,1
0.004734,5,0.893617,0.075117,0.55787,0.003467,0.422915,0.414912,0
0.004734,5,0.914894,0.072415,0.514281,0.003467,0.422915,0.414912,0
0.004734,5,0.93617,0.180827,0.557721,0.003467,0.422915,0.414912,1
0.004734,5,0.957447,0.106161,0.559209,0.003467,0.422915,0.414912,1
0.004734,5,0.978723,0.152756,0.563523,0.003467,0.422915,0.414912,1
0.004734,5,1.0,0.119731,0.551026,0.003467,0.422915,0.414912,1
0.004779,6,0.0,0.106161,0.540613,0.003467,0.422915,0.414912,1
0.004779,6,0.021277,0.106161,0.506694,0.003467,0.422915,0.414912,1
0.004779,6,0.042553,0.072415,0.480363,0.003467,0.422915,0.414912,0
0.004779,6,0.06383,0.072415,0.416989,0.003467,0.422915,0.414912,0
0.004779,6,0.085106,0.072415,0.358524,0.003467,0.422915,0.414912,0
0.004779,6,0.106383,0.042422,0.310473,0.003467,0.422915,0.414912,0
0.004779,6,0.12766,0.042272,0.265843,0.003467,0.422915,0.414912,0
0.004779,6,0.148936,0.042272,0.222999,0.003467,0.422915,0.414912,0
0.004779,6,0.170213,0.060886,0.188188,0.003467,0.422915,0.414912,0
0.004779,6,0.191489,0.060886,0.180303,0.003467,0.422915,0.414912,0
0.004779,6,0.212766,0.067191,0.180899,0.003467,0.422915,0.414912,0
0.004779,6,0.234043,0.067191,0.195478,0.003467,0.422915,0.414912,0
0.004779,6,0.255319,0.076828,0.226421,0.003467,0.422915,0.414912,0
0.004779,6,0.276596,0.075868,0.264951,0.003467,0.422915,0.414912,0
0.004779,6,0.297872,0.084244,0.320738,0.003467,0.422915,0.414912,0
0.004779,6,0.319149,0.091089,0.417138,0.003467,0.422915,0.414912,1
0.004779,6,0.340426,0.106161,0.496578,0.003467,0.422915,0.414912,1
0.004779,6,0.361702,0.114387,0.552663,0.003467,0.422915,0.414912,1
0.004779,6,0.382979,0.119731,0.590301,0.003467,0.422915,0.414912,1
0.004779,6,0.404255,0.114387,0.59759,0.003467,0.422915,0.414912,1
0.004779,6,0.425532,0.106161,0.572151,0.003467,0.422915,0.414912,1
0.004779,6,0.446809,0.106161,0.532133,0.003467,0.422915,0.414912,1
0.004779,6,0.468085,0.089798,0.494198,0.003467,0.422915,0.414912,0
0.004779,6,0.489362,0.076828,0.475454,0.003467,0.422915,0.414912,0
0.004779,6,0.510638,0.076828,0.454924,0.003467,0.422915,0.414912,0
0.004779,6,0.531915,0.056173,0.441982,0.003467,0.422915,0.414912,0
0.004779,6,0.553191,0.056173,0.420559,0.003467,0.422915,0.414912,0
0.004779,6,0.574468,0.062598,0.399286,0.003467,0.422915,0.414912,0
0.004779,6,0.595745,0.062598,0.384856,0.003467,0.422915,0.414912,0
0.004779,6,0.617021,0.062598,0.383071,0.003467,0.422915,0.414912,0
0.004779,6,0.638298,0.062598,0.37831,0.003467,0.422915,0.414912,0
0.004779,6,0.659574,0.062598,0.394377,0.003467,0.422915,0.414912,0
0.004779,6,0.680851,0.076828,0.444362,0.003467,0.422915,0.414912,0
0.004779,6,0.702128,0.106161,0.530943,0.003467,0.422915,0.414912,1
0.004779,6,0.723404,0.151765,0.610086,0.003467,0.422915,0.414912,1
0.004779,6,0.744681,0.231116,0.673907,0.003467,0.422915,0.414912,1
0.004779,6,0.765957,0.152426,0.679113,0.003467,0.422915,0.414912,1
0.004779,6,0.787234,0.147952,0.64698,0.003467,0.422915,0.414912,1
0.004779,6,0.808511,0.119731,0.602053,0.003467,0.422915,0.414912,1
0.004779,6,0.829787,0.106161,0.560101,0.003467,0.422915,0.414912,1
0.004779,6,0.851064,0.089798,0.534067,0.003467,0.422915,0.414912,0
0.004779,6,0.87234,0.062598,0.503868,0.003467,0.422915,0.414912,0
0.004779,6,0.893617,0.062598,0.463701,0.003467,0.422915,0.414912,0
0.004779,6,0.914894,0.062598,0.425766,0.003467,0.422915,0.414912,0
0.004779,6,0.93617,0.076828,0.451205,0.003467,0.422915,0.414912,0
0.004779,6,0.957447,0.076828,0.455817,0.003467,0.422915,0.414912,0
0.004779,6,0.978723,0.076828,0.458792,0.003467,0.422915,0.414912,0
0.004779,6,1.0,0.062598,0.436328,0.003467,0.422915,0.414912,0
0.004823,7,0.0,0.062598,0.413716,0.003467,0.422915,0.414912,0
0.004823,7,0.021277,0.062598,0.361053,0.003467,0.422915,0.414912,0
0.004823,7,0.042553,0.062598,0.334276,0.003467,0.422915,0.414912,0
0.004823,7,0.06383,0.062598,0.276108,0.003467,0.422915,0.414912,0
0.004823,7,0.085106,0.062598,0.230289,0.003467,0.422915,0.414912,0
0.004823,7,0.106383,0.061637,0.197263,0.003467,0.422915,0.414912,0
0.004823,7,0.12766,0.061637,0.163344,0.003467,0.422915,0.414912,0
0.004823,7,0.148936,0.061637,0.139691,0.003467,0.422915,0.414912,0
0.004823,7,0.170213,0.060886,0.12169,0.003467,0.422915,0.414912,0
0.004823,7,0.191489,0.060886,0.113508,0.003467,0.422915,0.414912,0
0.004823,7,0.212766,0.060886,0.119161,0.003467,0.422915,0.414912,0
0.004823,7,0.234043,0.061637,0.128682,0.003467,0.422915,0.414912,0
0.004823,7,0.255319,0.062598,0.152633,0.003467,0.422915,0.414912,0
0.004823,7,0.276596,0.062598,0.17837,0.003467,0.422915,0.414912,0
0.004823,7,0.297872,0.068362,0.208123,0.003467,0.422915,0.414912,0
0.004823,7,0.319149,0.062598,0.268521,0.003467,0.422915,0.414912,0
0.004823,7,0.340426,0.060466,0.345879,0.003467,0.422915,0.414912,0
0.004823,7,0.361702,0.058605,0.418477,0.003467,0.422915,0.414912,0
0.004823,7,0.382979,0.062598,0.485867,0.003467,0.422915,0.414912,0
0.004823,7,0.404255,0.062598,0.52886,0.003467,0.422915,0.414912,0
0.004823,7,0.425532,0.060556,0.537043,0.003467,0.422915,0.414912,0
0.004823,7,0.446809,0.062598,0.534811,0.003467,0.422915,0.414912,0
0.004823,7,0.468085,0.076828,0.519191,0.003467,0.422915,0.414912,0
0.004823,7,0.489362,0.062598,0.514877,0.003467,0.422915,0.414912,0
0.004823,7,0.510638,0.076828,0.500744,0.003467,0.422915,0.414912,1
0.004823,7,0.531915,0.062598,0.487206,0.003467,0.422915,0.414912,0
0.004823,7,0.553191,0.076828,0.464148,0.003467,0.422915,0.414912,1
0.004823,7,0.574468,0.076828,0.446147,0.003467,0.422915,0.414912,0
0.004823,7,0.595745,0.076828,0.432312,0.003467,0.422915,0.414912,0
0.004823,7,0.617021,0.076828,0.421006,0.003467,0.422915,0.414912,0
0.004823,7,0.638298,0.076828,0.429337,0.003467,0.422915,0.414912,0
0.004823,7,0.659574,0.084244,0.445254,0.003467,0.422915,0.414912,1
0.004823,7,0.680851,0.093611,0.472776,0.003467,0.422915,0.414912,1
0.004823,7,0.702128,0.114387,0.542101,0.003467,0.422915,0.414912,1
0.004823,7,0.723404,0.121202,0.619905,0.003467,0.422915,0.414912,1
0.004823,7,0.744681,0.121202,0.680452,0.003467,0.422915,0.414912,1
0.004823,7,0.765957,0.121202,0.696073,0.003467,0.422915,0.414912,1
0.004823,7,0.787234,0.099135,0.674799,0.003467,0.422915,0.414912,1
0.004823,7,0.808511,0.076828,0.649509,0.003467,0.422915,0.414912,1
0.004823,7,0.829787,0.089798,0.615144,0.003467,0.422915,0.414912,1
0.004823,7,0.851064,0.076828,0.576763,0.003467,0.422915,0.414912,1
0.004823,7,0.87234,0.062598,0.550283,0.003467,0.422915,0.414912,0
0.004823,7,0.893617,0.062598,0.49762,0.003467,0.422915,0.414912,0
0.004823,7,0.914894,0.062598,0.442725,0.003467,0.422915,0.414912,0
0.004823,7,0.93617,0.076828,0.455965,0.003467,0.422915,0.414912,1
0.004823,7,0.957447,0.062598,0.438262,0.003467,0.422915,0.414912,0
0.004823,7,0.978723,0.062598,0.442725,0.003467,0.422915,0.414912,0
0.004823,7,1.0,0.062598,0.411782,0.003467,0.422915,0.414912,0
0.004867,1,0.0,0.042572,0.386938,0.003467,0.422915,0.414912,0
0.004867,1,0.021277,0.056173,0.341416,0.003467,0.422915,0.414912,0
0.004867,1,0.042553,0.042572,0.326093,0.003467,0.422915,0.414912,0
0.004867,1,0.06383,0.056173,0.276406,0.003467,0.422915,0.414912,0
0.004867,1,0.085106,0.061637,0.238024,0.003467,0.422915,0.414912,0
0.004867,1,0.106383,0.056173,0.202767,0.003467,0.422915,0.414912,0
0.004867,1,0.12766,0.061637,0.181791,0.003467,0.422915,0.414912,0
0.004867,1,0.148936,0.061637,0.162898,0.003467,0.422915,0.414912,0
0.004867,1,0.170213,0.059295,0.154716,0.003467,0.422915,0.414912,0
0.004867,1,0.191489,0.074727,0.160518,0.003467,0.422915,0.414912,1
0.004867,1,0.212766,0.056173,0.195329,0.003467,0.422915,0.414912,0
0.004867,1,0.234043,0.056173,0.246206,0.003467,0.422915,0.414912,0
0.004867,1,0.255319,0.056173,0.35421,0.003467,0.422915,0.414912,0
0.004867,1,0.276596,0.056173,0.469652,0.003467,0.422915,0.414912,0
0.004867,1,0.297872,0.074817,0.510562,0.003467,0.422915,0.414912,1
0.004867,1,0.319149,0.089798,0.588962,0.003467,0.422915,0.414912,1
0.004867,1,0.340426,0.10475,0.613954,0.003467,0.422915,0.414912,1
0.004867,1,0.361702,0.089798,0.612169,0.003467,0.422915,0.414912,1
0.004867,1,0.382979,0.089798,0.642368,0.003467,0.422915,0.414912,1
0.004867,1,0.404255,0.089798,0.652484,0.003467,0.422915,0.414912,1
0.004867,1,0.425532,0.089798,0.633889,0.003467,0.422915,0.414912,1
0.004867,1,0.446809,0.074937,0.60964,0.003467,0.422915,0.414912,0
0.004867,1,0.468085,0.089798,0.590003,0.003467,0.422915,0.414912,1
0.004867,1,0.489362,0.089798,0.589557,0.003467,0.422915,0.414912,1
0.004867,1,0.510638,0.074997,0.575722,0.003467,0.422915,0.414912,0
0.004867,1,0.531915,0.074997,0.563969,0.003467,0.422915,0.414912,0
0.004867,1,0.553191,0.074997,0.560994,0.003467,0.422915,0.414912,0
0.004867,1,0.574468,0.089798,0.55296,0.003467,0.422915,0.414912,1
0.004867,1,0.595745,0.089798,0.539572,0.003467,0.422915,0.414912,1
0.004867,1,0.617021,0.075207,0.527373,0.003467,0.422915,0.414912,0
0.004867,1,0.638298,0.089798,0.526927,0.003467,0.422915,0.414912,1
0.004867,1,0.659574,0.10475,0.543737,0.003467,0.422915,0.414912,1
0.004867,1,0.680851,0.106161,0.574085,0.003467,0.422915,0.414912,1
0.004867,1,0.702128,0.164615,0.637459,0.003467,0.422915,0.414912,1
0.004867,1,0.723404,0.166777,0.716453,0.003467,0.422915,0.414912,1
0.004867,1,0.744681,0.166777,0.780422,0.003467,0.422915,0.414912,1
0.004867,1,0.765957,0.149664,0.768968,0.003467,0.422915,0.414912,1
0.004867,1,0.787234,0.140417,0.733561,0.003467,0.422915,0.414912,1
0.004867,1,0.808511,0.106161,0.693395,0.003467,0.422915,0.414912,1
0.004867,1,0.829787,0.089798,0.662005,0.003467,0.422915,0.414912,1
0.004867,1,0.851064,0.139726,0.62526,0.003467,0.422915,0.414912,1
0.004867,1,0.87234,0.120151,0.601904,0.003467,0.422915,0.414912,1
0.004867,1,0.893617,0.10475,0.549093,0.003467,0.422915,0.414912,1
0.004867,1,0.914894,0.081452,0.496727,0.003467,0.422915,0.414912,0
0.004867,1,0.93617,0.106161,0.531836,0.003467,0.422915,0.414912,1
0.004867,1,0.957447,0.106161,0.516067,0.003467,0.422915,0.414912,1
0.004867,1,0.978723,0.106161,0.530943,0.003467,0.422915,0.414912,1
0.004867,1,1.0,0.106161,0.523951,0.003467,0.422915,0.414912,1
0.004911,2,0.0,0.106161,0.518149,0.003467,0.422915,0.414912,1
0.004911,2,0.021277,0.103999,0.497025,0.003467,0.422915,0.414912,1
0.004911,2,0.042553,0.106161,0.473073,0.003467,0.422915,0.414912,1
0.004911,2,0.06383,0.075207,0.407319,0.003467,0.422915,0.414912,0
0.004911,2,0.085106,0.075207,0.349747,0.003467,0.422915,0.414912,0
0.004911,2,0.106383,0.077879,0.30244,0.003467,0.422915,0.414912,0
0.004911,2,0.12766,0.077879,0.252008,0.003467,0.422915,0.414912,0
0.004911,2,0.148936,0.075207,0.220024,0.003467,0.422915,0.414912,0
0.004911,2,0.170213,0.074997,0.193544,0.003467,0.422915,0.414912,0
0.004911,2,0.191489,0.074727,0.184023,0.003467,0.422915,0.414912,0
0.004911,2,0.212766,0.075267,0.216007,0.003467,0.422915,0.414912,0
0.004911,2,0.234043,0.077879,0.260339,0.003467,0.422915,0.414912,0
0.004911,2,0.255319,0.086075,0.368789,0.003467,0.422915,0.414912,0
0.004911,2,0.276596,0.099766,0.479917,0.003467,0.422915,0.414912,1
0.004911,2,0.297872,0.081452,0.520083,0.003467,0.422915,0.414912,0
0.004911,2,0.319149,0.090729,0.603541,0.003467,0.422915,0.414912,0
0.004911,2,0.340426,0.090729,0.619458,0.003467,0.422915,0.414912,0
0.004911,2,0.361702,0.077669,0.613359,0.003467,0.422915,0.414912,0
0.004911,2,0.382979,0.091119,0.640732,0.003467,0.422915,0.414912,0
0.004911,2,0.404255,0.091119,0.645195,0.003467,0.422915,0.414912,0
0.004911,2,0.425532,0.091119,0.613359,0.003467,0.422915,0.414912,0
0.004911,2,0.446809,0.077669,0.58435,0.003467,0.422915,0.414912,0
0.004911,2,0.468085,0.090729,0.557423,0.003467,0.422915,0.414912,0
0.004911,2,0.489362,0.090729,0.547456,0.003467,0.422915,0.414912,0
0.004911,2,0.510638,0.077669,0.535406,0.003467,0.422915,0.414912,0
0.004911,2,0.531915,0.090729,0.524398,0.003467,0.422915,0.414912,0
0.004911,2,0.553191,0.077669,0.518149,0.003467,0.422915,0.414912,0
0.004911,2,0.574468,0.077669,0.510562,0.003467,0.422915,0.414912,0
0.004911,2,0.595745,0.077669,0.492711,0.003467,0.422915,0.414912,0
0.004911,2,0.617021,0.077669,0.479024,0.003467,0.422915,0.414912,0
0.004911,2,0.638298,0.075207,0.473669,0.003467,0.422915,0.414912,0
0.004911,2,0.659574,0.077669,0.484528,0.003467,0.422915,0.414912,0
0.004911,2,0.680851,0.077669,0.508182,0.003467,0.422915,0.414912,0
0.004911,2,0.702128,0.10475,0.566796,0.003467,0.422915,0.414912,1
0.004911,2,0.723404,0.091119,0.661559,0.003467,0.422915,0.414912,0
0.004911,2,0.744681,0.091119,0.737281,0.003467,0.422915,0.414912,0
0.004911,2,0.765957,0.091119,0.740702,0.003467,0.422915,0.414912,0
0.004911,2,0.787234,0.091119,0.710057,0.003467,0.422915,0.414912,1
0.004911,2,0.808511,0.091119,0.67108,0.003467,0.422915,0.414912,1
0.004911,2,0.829787,0.090729,0.641922,0.003467,0.422915,0.414912,1
0.004911,2,0.851064,0.091119,0.624814,0.003467,0.422915,0.414912,1
0.004911,2,0.87234,0.091119,0.598036,0.003467,0.422915,0.414912,1
0.004911,2,0.893617,0.091119,0.546117,0.003467,0.422915,0.414912,1
0.004911,2,0.914894,0.077669,0.49643,0.003467,0.422915,0.414912,0
0.004911,2,0.93617,0.094122,0.523802,0.003467,0.422915,0.414912,1
0.004911,2,0.957447,0.090729,0.518596,0.003467,0.422915,0.414912,1
0.004911,2,0.978723,0.098295,0.530794,0.003467,0.422915,0.414912,1
0.004911,2,1.0,0.090729,0.521422,0.003467,0.422915,0.414912,1
0.004956,3,0.0,0.094602,0.516959,0.003467,0.422915,0.414912,1
0.004956,3,0.021277,0.095653,0.493901,0.003467,0.422915,0.414912,1
0.004956,3,0.042553,0.083884,0.466379,0.003467,0.422915,0.414912,0
0.004956,3,0.06383,0.056173,0.408063,0.003467,0.422915,0.414912,0
0.004956,3,0.085106,0.071604,0.353764,0.003467,0.422915,0.414912,0
0.004956,3,0.106383,0.075207,0.300655,0.003467,0.422915,0.414912,0
0.004956,3,0.12766,0.075207,0.25781,0.003467,0.422915,0.414912,0
0.004956,3,0.148936,0.075207,0.223445,0.003467,0.422915,0.414912,0
0.004956,3,0.170213,0.042272,0.202618,0.003467,0.422915,0.414912,0
0.004956,3,0.191489,0.056173,0.200982,0.003467,0.422915,0.414912,0
0.004956,3,0.212766,0.056323,0.228057,0.003467,0.422915,0.414912,0
0.004956,3,0.234043,0.056323,0.278489,0.003467,0.422915,0.414912,0
0.004956,3,0.255319,0.056323,0.385302,0.003467,0.422915,0.414912,0
0.004956,3,0.276596,0.090309,0.505504,0.003467,0.422915,0.414912,1
0.004956,3,0.297872,0.056323,0.533323,0.003467,0.422915,0.414912,0
0.004956,3,0.319149,0.056323,0.608301,0.003467,0.422915,0.414912,0
0.004956,3,0.340426,0.042572,0.622583,0.003467,0.422915,0.414912,0
0.004956,3,0.361702,0.042572,0.603094,0.003467,0.422915,0.414912,0
0.004956,3,0.382979,0.043023,0.628384,0.003467,0.422915,0.414912,0
0.004956,3,0.404255,0.042692,0.632104,0.003467,0.422915,0.414912,0
0.004956,3,0.425532,0.050108,0.609194,0.003467,0.422915,0.414912,0
0.004956,3,0.446809,0.042572,0.582713,0.003467,0.422915,0.414912,0
0.004956,3,0.468085,0.042572,0.562333,0.003467,0.422915,0.414912,0
0.004956,3,0.489362,0.042572,0.549985,0.003467,0.422915,0.414912,0
0.004956,3,0.510638,0.042422,0.538084,0.003467,0.422915,0.414912,0
0.004956,3,0.531915,0.042422,0.518447,0.003467,0.422915,0.414912,0
0.004956,3,0.553191,0.042422,0.512794,0.003467,0.422915,0.414912,0
0.004956,3,0.574468,0.042392,0.502827,0.003467,0.422915,0.414912,0
0.004956,3,0.595745,0.042422,0.491669,0.003467,0.422915,0.414912,0
0.004956,3,0.617021,0.042272,0.481256,0.003467,0.422915,0.414912,0
0.004956,3,0.638298,0.042422,0.481404,0.003467,0.422915,0.414912,0
0.004956,3,0.659574,0.042422,0.498661,0.003467,0.422915,0.414912,0
0.004956,3,0.680851,0.042422,0.524249,0.003467,0.422915,0.414912,0
0.004956,3,0.702128,0.042572,0.578846,0.003467,0.422915,0.414912,0
0.004956,3,0.723404,0.042572,0.671824,0.003467,0.422915,0.414912,0
0.004956,3,0.744681,0.056323,0.740405,0.003467,0.422915,0.414912,0
0.004956,3,0.765957,0.056323,0.730437,0.003467,0.422915,0.414912,0
0.004956,3,0.787234,0.044824,0.703362,0.003467,0.422915,0.414912,0
0.004956,3,0.808511,0.056323,0.665129,0.003467,0.422915,0.414912,0
0.004956,3,0.829787,0.042572,0.632699,0.003467,0.422915,0.414912,0
0.004956,3,0.851064,0.042692,0.612913,0.003467,0.422915,0.414912,0
0.004956,3,0.87234,0.042572,0.587176,0.003467,0.422915,0.414912,0
0.004956,3,0.893617,0.042422,0.536596,0.003467,0.422915,0.414912,0
0.004956,3,0.914894,0.042422,0.485719,0.003467,0.422915,0.414912,0
0.004956,3,0.93617,0.056323,0.524249,0.003467,0.422915,0.414912,0
0.004956,3,0.957447,0.042692,0.526034,0.003467,0.422915,0.414912,0
0.004956,3,0.978723,0.056323,0.537638,0.003467,0.422915,0.414912,1
0.004956,3,1.0,0.056323,0.533918,0.003467,0.422915,0.414912,1
0.005,4,0.0,0.042692,0.528712,0.003467,0.422915,0.414912,0
0.005,4,0.021277,0.056323,0.504165,0.003467,0.422915,0.414912,1
0.005,4,0.042553,0.042572,0.479768,0.003467,0.422915,0.414912,0
0.005,4,0.06383,0.042572,0.414609,0.003467,0.422915,0.414912,0
0.005,4,0.085106,0.042422,0.356739,0.003467,0.422915,0.414912,0
0.005,4,0.106383,0.056323,0.312407,0.003467,0.422915,0.414912,1
0.005,4,0.12766,0.056323,0.263612,0.003467,0.422915,0.414912,1
0.005,4,0.148936,0.042272,0.228503,0.003467,0.422915,0.414912,0
0.005,4,0.170213,0.056173,0.210205,0.003467,0.422915,0.414912,1
0.005,4,0.191489,0.056173,0.212288,0.003467,0.422915,0.414912,1
0.005,4,0.212766,0.042272,0.23609,0.003467,0.422915,0.414912,0
0.005,4,0.234043,0.056173,0.286968,0.003467,0.422915,0.414912,1
0.005,4,0.255319,0.086075,0.390806,0.003467,0.422915,0.414912,1
0.005,4,0.276596,0.074817,0.500893,0.003467,0.422915,0.414912,1
0.005,4,0.297872,0.042422,0.52291,0.003467,0.422915,0.414912,0
0.005,4,0.319149,0.042572,0.594168,0.003467,0.422915,0.414912,0
0.005,4,0.340426,0.042572,0.612913,0.003467,0.422915,0.414912,0
0.005,4,0.361702,0.042422,0.600417,0.003467,0.422915,0.414912,0
0.005,4,0.382979,0.050859,0.621988,0.003467,0.422915,0.414912,1
0.005,4,0.404255,0.050859,0.624814,0.003467,0.422915,0.414912,1
0.005,4,0.425532,0.050859,0.600714,0.003467,0.422915,0.414912,1
0.005,4,0.446809,0.050859,0.570663,0.003467,0.422915,0.414912,1
0.005,4,0.468085,0.050859,0.54582,0.003467,0.422915,0.414912,1
0.005,4,0.489362,0.050859,0.52648,0.003467,0.422915,0.414912,1
0.005,4,0.510638,0.050859,0.513984,0.003467,0.422915,0.414912,1
0.005,4,0.531915,0.050859,0.500298,0.003467,0.422915,0.414912,1
0.005,4,0.553191,0.042572,0.494496,0.003467,0.422915,0.414912,0
0.005,4,0.574468,0.050859,0.490181,0.003467,0.422915,0.414912,1
0.005,4,0.595745,0.042572,0.481256,0.003467,0.422915,0.414912,0
0.005,4,0.617021,0.042452,0.467272,0.003467,0.422915,0.414912,0
0.005,4,0.638298,0.042752,0.462511,0.003467,0.422915,0.414912,0
0.005,4,0.659574,0.042422,0.467272,0.003467,0.422915,0.414912,0
0.005,4,0.680851,0.042422,0.484082,0.003467,0.422915,0.414912,0
0.005,4,0.702128,0.050408,0.534216,0.003467,0.422915,0.414912,1
0.005,4,0.723404,0.042692,0.625558,0.003467,0.422915,0.414912,0
0.005,4,0.744681,0.042692,0.69399,0.003467,0.422915,0.414912,0
0.005,4,0.765957,0.042572,0.689676,0.003467,0.422915,0.414912,0
0.005,4,0.787234,0.042572,0.668997,0.003467,0.422915,0.414912,0
0.005,4,0.808511,0.042422,0.641773,0.003467,0.422915,0.414912,0
0.005,4,0.829787,0.042422,0.623178,0.003467,0.422915,0.414912,0
0.005,4,0.851064,0.042572,0.613359,0.003467,0.422915,0.414912,0
0.005,4,0.87234,0.042422,0.583309,0.003467,0.422915,0.414912,0
0.005,4,0.893617,0.042272,0.53615,0.003467,0.422915,0.414912,0
0.005,4,0.914894,0.042122,0.485272,0.003467,0.422915,0.414912,0
0.005,4,0.93617,0.042572,0.521422,0.003467,0.422915,0.414912,0
0.005,4,0.957447,0.042572,0.530794,0.003467,0.422915,0.414912,0
0.005,4,0.978723,0.042572,0.535852,0.003467,0.422915,0.414912,0
0.005,4,1.0,0.042572,0.527224,0.003467,0.422915,0.414912,0
0.005044,5,0.0,0.042572,0.519191,0.003467,0.422915,0.414912,0
0.005044,5,0.021277,0.042572,0.495537,0.003467,0.422915,0.414912,0
0.005044,5,0.042553,0.042422,0.466825,0.003467,0.422915,0.414912,0
0.005044,5,0.06383,0.042272,0.408212,0.003467,0.422915,0.414912,0
0.005044,5,0.085106,0.042272,0.351086,0.003467,0.422915,0.414912,0
0.005044,5,0.106383,0.042272,0.301696,0.003467,0.422915,0.414912,0
0.005044,5,0.12766,0.042122,0.255281,0.003467,0.422915,0.414912,0
0.005044,5,0.148936,0.042122,0.22166,0.003467,0.422915,0.414912,0
0.005044,5,0.170213,0.056173,0.201279,0.003467,0.422915,0.414912,1
0.005044,5,0.191489,0.056173,0.201726,0.003467,0.422915,0.414912,1
0.005044,5,0.212766,0.075958,0.229694,0.003467,0.422915,0.414912,1
0.005044,5,0.234043,0.076438,0.278786,0.003467,0.422915,0.414912,1
0.005044,5,0.255319,0.086075,0.380988,0.003467,0.422915,0.414912,1
0.005044,5,0.276596,0.09208,0.498959,0.003467,0.422915,0.414912,1
0.005044,5,0.297872,0.047886,0.525141,0.003467,0.422915,0.414912,0
0.005044,5,0.319149,0.047886,0.606813,0.003467,0.422915,0.414912,0
0.005044,5,0.340426,0.047886,0.631062,0.003467,0.422915,0.414912,0
0.005044,5,0.361702,0.042572,0.615144,0.003467,0.422915,0.414912,0
0.005044,5,0.382979,0.047886,0.642071,0.003467,0.422915,0.414912,0
0.005044,5,0.404255,0.047886,0.642963,0.003467,0.422915,0.414912,0
0.005044,5,0.425532,0.042572,0.623326,0.003467,0.422915,0.414912,0
0.005044,5,0.446809,0.047886,0.59402,0.003467,0.422915,0.414912,0
0.005044,5,0.468085,0.047886,0.567539,0.003467,0.422915,0.414912,0
0.005044,5,0.489362,0.047886,0.549985,0.003467,0.422915,0.414912,0
0.005044,5,0.510638,0.047886,0.537638,0.003467,0.422915,0.414912,0
0.005044,5,0.531915,0.042572,0.528414,0.003467,0.422915,0.414912,0
0.005044,5,0.553191,0.042422,0.517852,0.003467,0.422915,0.414912,0
0.005044,5,0.574468,0.042422,0.506694,0.003467,0.422915,0.414912,0
0.005044,5,0.595745,0.042422,0.495686,0.003467,0.422915,0.414912,0
0.005044,5,0.617021,0.042422,0.473073,0.003467,0.422915,0.414912,0
0.005044,5,0.638298,0.042422,0.459685,0.003467,0.422915,0.414912,0
0.005044,5,0.659574,0.042422,0.471586,0.003467,0.422915,0.414912,0
0.005044,5,0.680851,0.042572,0.497471,0.003467,0.422915,0.414912,0
0.005044,5,0.702128,0.047886,0.553407,0.003467,0.422915,0.414912,1
0.005044,5,0.723404,0.047886,0.635228,0.003467,0.422915,0.414912,1
0.005044,5,0.744681,0.047886,0.694287,0.003467,0.422915,0.414912,1
0.005044,5,0.765957,0.047886,0.682684,0.003467,0.422915,0.414912,1
0.005044,5,0.787234,0.047886,0.664981,0.003467,0.422915,0.414912,1
0.005044,5,0.808511,0.042482,0.624517,0.003467,0.422915,0.414912,0
0.005044,5,0.829787,0.042422,0.597739,0.003467,0.422915,0.414912,0
0.005044,5,0.851064,0.047886,0.579143,0.003467,0.422915,0.414912,0
0.005044,5,0.87234,0.042572,0.554002,0.003467,0.422915,0.414912,0
0.005044,5,0.893617,0.042422,0.518744,0.003467,0.422915,0.414912,0
0.005044,5,0.914894,0.042272,0.471288,0.003467,0.422915,0.414912,0
0.005044,5,0.93617,0.056323,0.509223,0.003467,0.422915,0.414912,1
0.005044,5,0.957447,0.042512,0.522761,0.003467,0.422915,0.414912,0
0.005044,5,0.978723,0.056323,0.52886,0.003467,0.422915,0.414912,1
0.005044,5,1.0,0.047886,0.514281,0.003467,0.422915,0.414912,0
0.005088,6,0.0,0.071815,0.507289,0.003467,0.422915,0.414912,1
0.005088,6,0.021277,0.086075,0.477388,0.003467,0.422915,0.414912,1
0.005088,6,0.042553,0.056323,0.446147,0.003467,0.422915,0.414912,1
0.005088,6,0.06383,0.042422,0.39155,0.003467,0.422915,0.414912,0
0.005088,6,0.085106,0.056323,0.332937,0.003467,0.422915,0.414912,1
0.005088,6,0.106383,0.075958,0.284588,0.003467,0.422915,0.414912,1
0.005088,6,0.12766,0.056323,0.237429,0.003467,0.422915,0.414912,1
0.005088,6,0.148936,0.056173,0.205891,0.003467,0.422915,0.414912,1
0.005088,6,0.170213,0.061637,0.178816,0.003467,0.422915,0.414912,1
0.005088,6,0.191489,0.060886,0.165129,0.003467,0.422915,0.414912,1
0.005088,6,0.212766,0.060886,0.166468,0.003467,0.422915,0.414912,1
0.005088,6,0.234043,0.060886,0.174502,0.003467,0.422915,0.414912,1
0.005088,6,0.255319,0.062598,0.209164,0.003467,0.422915,0.414912,1
0.005088,6,0.276596,0.068362,0.250372,0.003467,0.422915,0.414912,1
0.005088,6,0.297872,0.075267,0.307944,0.003467,0.422915,0.414912,1
0.005088,6,0.319149,0.075357,0.406724,0.003467,0.422915,0.414912,1
0.005088,6,0.340426,0.075357,0.492115,0.003467,0.422915,0.414912,1
0.005088,6,0.361702,0.075357,0.545671,0.003467,0.422915,0.414912,1
0.005088,6,0.382979,0.075357,0.580184,0.003467,0.422915,0.414912,1
0.005088,6,0.404255,0.075357,0.571705,0.003467,0.422915,0.414912,1
0.005088,6,0.425532,0.075267,0.547307,0.003467,0.422915,0.414912,1
0.005088,6,0.446809,0.071815,0.508033,0.003467,0.422915,0.414912,1
0.005088,6,0.468085,0.075267,0.474859,0.003467,0.422915,0.414912,1
0.005088,6,0.489362,0.075267,0.443469,0.003467,0.422915,0.414912,1
0.005088,6,0.510638,0.071815,0.421898,0.003467,0.422915,0.414912,1
0.005088,6,0.531915,0.062598,0.39884,0.003467,0.422915,0.414912,1
0.005088,6,0.553191,0.056323,0.375632,0.003467,0.422915,0.414912,0
0.005088,6,0.574468,0.056323,0.352425,0.003467,0.422915,0.414912,0
0.005088,6,0.595745,0.056323,0.346623,0.003467,0.422915,0.414912,0
0.005088,6,0.617021,0.056323,0.338441,0.003467,0.422915,0.414912,0
0.005088,6,0.638298,0.062598,0.338292,0.003467,0.422915,0.414912,1
0.005088,6,0.659574,0.068362,0.355103,0.003467,0.422915,0.414912,1
0.005088,6,0.680851,0.075357,0.394228,0.003467,0.422915,0.414912,1
0.005088,6,0.702128,0.108292,0.475007,0.003467,0.422915,0.414912,1
0.005088,6,0.723404,0.11784,0.559209,0.003467,0.422915,0.414912,1
0.005088,6,0.744681,0.119731,0.627492,0.003467,0.422915,0.414912,1
0.005088,6,0.765957,0.116969,0.627641,0.003467,0.422915,0.414912,1
0.005088,6,0.787234,0.103188,0.595061,0.003467,0.422915,0.414912,1
0.005088,6,0.808511,0.075357,0.551175,0.003467,0.422915,0.414912,1
0.005088,6,0.829787,0.075267,0.510562,0.003467,0.422915,0.414912,1
0.005088,6,0.851064,0.075267,0.485719,0.003467,0.422915,0.414912,1
0.005088,6,0.87234,0.071815,0.465784,0.003467,0.422915,0.414912,1
0.005088,6,0.893617,0.068362,0.422642,0.003467,0.422915,0.414912,0
0.005088,6,0.914894,0.068362,0.388277,0.003467,0.422915,0.414912,0
0.005088,6,0.93617,0.071815,0.406575,0.003467,0.422915,0.414912,1
0.005088,6,0.957447,0.042572,0.403451,0.003467,0.422915,0.414912,0
0.005088,6,0.978723,0.042572,0.408509,0.003467,0.422915,0.414912,0
0.005088,6,1.0,0.042422,0.389021,0.003467,0.422915,0.414912,0
0.005133,7,0.0,0.042422,0.366706,0.003467,0.422915,0.414912,0
0.005133,7,0.021277,0.042422,0.318358,0.003467,0.422915,0.414912,0
0.005133,7,0.042553,0.042272,0.296935,0.003467,0.422915,0.414912,0
0.005133,7,0.06383,0.042272,0.247397,0.003467,0.422915,0.414912,0
0.005133,7,0.085106,0.042272,0.202023,0.003467,0.422915,0.414912,0
0.005133,7,0.106383,0.042122,0.164981,0.003467,0.422915,0.414912,0
0.005133,7,0.12766,0.042122,0.139839,0.003467,0.422915,0.414912,0
0.005133,7,0.148936,0.042122,0.115293,0.003467,0.422915,0.414912,0
0.005133,7,0.170213,0.041942,0.097292,0.003467,0.422915,0.414912,0
0.005133,7,0.191489,0.041942,0.090301,0.003467,0.422915,0.414912,0
0.005133,7,0.212766,0.042122,0.096846,0.003467,0.422915,0.414912,0
0.005133,7,0.234043,0.042122,0.10607,0.003467,0.422915,0.414912,0
0.005133,7,0.255319,0.056173,0.122136,0.003467,0.422915,0.414912,0
0.005133,7,0.276596,0.056173,0.140286,0.003467,0.422915,0.414912,0
0.005133,7,0.297872,0.068362,0.168253,0.003467,0.422915,0.414912,1
0.005133,7,0.319149,0.068362,0.231627,0.003467,0.422915,0.414912,1
0.005133,7,0.340426,0.068362,0.300952,0.003467,0.422915,0.414912,1
0.005133,7,0.361702,0.075357,0.358078,0.003467,0.422915,0.414912,1
0.005133,7,0.382979,0.075357,0.41446,0.003467,0.422915,0.414912,1
0.005133,7,0.404255,0.075207,0.446742,0.003467,0.422915,0.414912,1
0.005133,7,0.425532,0.073406,0.455965,0.003467,0.422915,0.414912,1
0.005133,7,0.446809,0.075267,0.458792,0.003467,0.422915,0.414912,1
0.005133,7,0.468085,0.079651,0.473371,0.003467,0.422915,0.414912,1
0.005133,7,0.489362,0.075267,0.468462,0.003467,0.422915,0.414912,1
0.005133,7,0.510638,0.075267,0.449866,0.003467,0.422915,0.414912,1
0.005133,7,0.531915,0.075267,0.421303,0.003467,0.422915,0.414912,1
0.005133,7,0.553191,0.069893,0.385004,0.003467,0.422915,0.414912,1
0.005133,7,0.574468,0.071815,0.364624,0.003467,0.422915,0.414912,1
0.005133,7,0.595745,0.071815,0.342309,0.003467,0.422915,0.414912,1
0.005133,7,0.617021,0.068542,0.335019,0.003467,0.422915,0.414912,1
0.005133,7,0.638298,0.071815,0.337995,0.003467,0.422915,0.414912,1
0.005133,7,0.659574,0.075267,0.350491,0.003467,0.422915,0.414912,1
0.005133,7,0.680851,0.076438,0.370128,0.003467,0.422915,0.414912,1
0.005133,7,0.702128,0.079651,0.443618,0.003467,0.422915,0.414912,1
0.005133,7,0.723404,0.077429,0.537935,0.003467,0.422915,0.414912,1
0.005133,7,0.744681,0.075357,0.615888,0.003467,0.422915,0.414912,1
0.005133,7,0.765957,0.075267,0.634484,0.003467,0.422915,0.414912,1
0.005133,7,0.787234,0.075267,0.6144,0.003467,0.422915,0.414912,1
0.005133,7,0.808511,0.075267,0.590896,0.003467,0.422915,0.414912,1
0.005133,7,0.829787,0.075267,0.558167,0.003467,0.422915,0.414912,1
0.005133,7,0.851064,0.075267,0.528117,0.003467,0.422915,0.414912,1
0.005133,7,0.87234,0.056323,0.501636,0.003467,0.422915,0.414912,0
0.005133,7,0.893617,0.056323,0.456709,0.003467,0.422915,0.414912,0
0.005133,7,0.914894,0.056323,0.414758,0.003467,0.422915,0.414912,0
0.005133,7,0.93617,0.042572,0.429783,0.003467,0.422915,0.414912,0
0.005133,7,0.957447,0.042572,0.414906,0.003467,0.422915,0.414912,0
0.005133,7,0.978723,0.042422,0.402856,0.003467,0.422915,0.414912,0
0.005133,7,1.0,0.042422,0.381285,0.003467,0.422915,0.414912,0
0.005177,1,0.0,0.042422,0.362095,0.003467,0.422915,0.414912,0
0.005177,1,0.021277,0.042422,0.321035,0.003467,0.422915,0.414912,0
0.005177,1,0.042553,0.042272,0.307498,0.003467,0.422915,0.414912,0
0.005177,1,0.06383,0.042272,0.264653,0.003467,0.422915,0.414912,0
0.005177,1,0.085106,0.042272,0.220619,0.003467,0.422915,0.414912,0
0.005177,1,0.106383,0.042272,0.198007,0.003467,0.422915,0.414912,0
0.005177,1,0.12766,0.042272,0.171675,0.003467,0.422915,0.414912,0
0.005177,1,0.148936,0.056173,0.146831,0.003467,0.422915,0.414912,0
0.005177,1,0.170213,0.042122,0.140137,0.003467,0.422915,0.414912,0
0.005177,1,0.191489,0.042122,0.148468,0.003467,0.422915,0.414912,0
0.005177,1,0.212766,0.075958,0.178072,0.003467,0.422915,0.414912,1
0.005177,1,0.234043,0.074817,0.229545,0.003467,0.422915,0.414912,1
0.005177,1,0.255319,0.082473,0.336358,0.003467,0.422915,0.414912,1
0.005177,1,0.276596,0.099616,0.44213,0.003467,0.422915,0.414912,1
0.005177,1,0.297872,0.050859,0.481702,0.003467,0.422915,0.414912,0
0.005177,1,0.319149,0.050859,0.552514,0.003467,0.422915,0.414912,0
0.005177,1,0.340426,0.050859,0.57706,0.003467,0.422915,0.414912,0
0.005177,1,0.361702,0.050859,0.576912,0.003467,0.422915,0.414912,0
0.005177,1,0.382979,0.074817,0.603392,0.003467,0.422915,0.414912,1
0.005177,1,0.404255,0.074817,0.61083,0.003467,0.422915,0.414912,1
0.005177,1,0.425532,0.079711,0.594168,0.003467,0.422915,0.414912,1
0.005177,1,0.446809,0.050859,0.571705,0.003467,0.422915,0.414912,0
0.005177,1,0.468085,0.079711,0.559506,0.003467,0.422915,0.414912,1
0.005177,1,0.489362,0.082383,0.554151,0.003467,0.422915,0.414912,1
0.005177,1,0.510638,0.079711,0.540762,0.003467,0.422915,0.414912,1
0.005177,1,0.531915,0.079711,0.531538,0.003467,0.422915,0.414912,1
0.005177,1,0.553191,0.056323,0.523802,0.003467,0.422915,0.414912,0
0.005177,1,0.574468,0.050859,0.518298,0.003467,0.422915,0.414912,0
0.005177,1,0.595745,0.050859,0.507736,0.003467,0.422915,0.414912,0
0.005177,1,0.617021,0.050859,0.494644,0.003467,0.422915,0.414912,0
0.005177,1,0.638298,0.050859,0.490181,0.003467,0.422915,0.414912,0
0.005177,1,0.659574,0.056323,0.493454,0.003467,0.422915,0.414912,0
0.005177,1,0.680851,0.079711,0.511306,0.003467,0.422915,0.414912,1
0.005177,1,0.702128,0.074817,0.55906,0.003467,0.422915,0.414912,1
0.005177,1,0.723404,0.050859,0.65665,0.003467,0.422915,0.414912,0
0.005177,1,0.744681,0.050859,0.731032,0.003467,0.422915,0.414912,0
0.005177,1,0.765957,0.050859,0.725379,0.003467,0.422915,0.414912,0
0.005177,1,0.787234,0.050859,0.693395,0.003467,0.422915,0.414912,0
0.005177,1,0.808511,0.050859,0.658733,0.003467,0.422915,0.414912,0
0.005177,1,0.829787,0.050859,0.629872,0.003467,0.422915,0.414912,0
0.005177,1,0.851064,0.050859,0.604433,0.003467,0.422915,0.414912,0
0.005177,1,0.87234,0.050859,0.578697,0.003467,0.422915,0.414912,0
0.005177,1,0.893617,0.042422,0.530497,0.003467,0.422915,0.414912,0
0.005177,1,0.914894,0.042422,0.47352,0.003467,0.422915,0.414912,0
0.005177,1,0.93617,0.042572,0.505951,0.003467,0.422915,0.414912,0
0.005177,1,0.957447,0.042572,0.503868,0.003467,0.422915,0.414912,0
0.005177,1,0.978723,0.042572,0.515769,0.003467,0.422915,0.414912,0
0.005177,1,1.0,0.042572,0.51562,0.003467,0.422915,0.414912,0
0.005221,2,0.0,0.082473,0.507885,0.003467,0.422915,0.414912,1
0.005221,2,0.021277,0.082473,0.496132,0.003467,0.422915,0.414912,1
0.005221,2,0.042553,0.086075,0.465933,0.003467,0.422915,0.414912,1
0.005221,2,0.06383,0.056323,0.40598,0.003467,0.422915,0.414912,0
0.005221,2,0.085106,0.074817,0.345582,0.003467,0.422915,0.414912,1
0.005221,2,0.106383,0.056173,0.305118,0.003467,0.422915,0.414912,0
0.005221,2,0.12766,0.056173,0.255579,0.003467,0.422915,0.414912,0
0.005221,2,0.148936,0.075958,0.21928,0.003467,0.422915,0.414912,1
0.005221,2,0.170213,0.075958,0.192353,0.003467,0.422915,0.414912,1
0.005221,2,0.191489,0.075958,0.195775,0.003467,0.422915,0.414912,1
0.005221,2,0.212766,0.075958,0.216156,0.003467,0.422915,0.414912,1
0.005221,2,0.234043,0.042332,0.274026,0.003467,0.422915,0.414912,0
0.005221,2,0.255319,0.090939,0.3795,0.003467,0.422915,0.414912,1
0.005221,2,0.276596,0.119191,0.500446,0.003467,0.422915,0.414912,1
0.005221,2,0.297872,0.056323,0.529009,0.003467,0.422915,0.414912,0
0.005221,2,0.319149,0.074667,0.613359,0.003467,0.422915,0.414912,1
0.005221,2,0.340426,0.074667,0.636864,0.003467,0.422915,0.414912,1
0.005221,2,0.361702,0.042572,0.624665,0.003467,0.422915,0.414912,0
0.005221,2,0.382979,0.074667,0.649509,0.003467,0.422915,0.414912,1
0.005221,2,0.404255,0.056323,0.644302,0.003467,0.422915,0.414912,0
0.005221,2,0.425532,0.056323,0.634633,0.003467,0.422915,0.414912,0
0.005221,2,0.446809,0.074667,0.612764,0.003467,0.422915,0.414912,1
0.005221,2,0.468085,0.082473,0.591788,0.003467,0.422915,0.414912,1
0.005221,2,0.489362,0.079711,0.580928,0.003467,0.422915,0.414912,1
0.005221,2,0.510638,0.079711,0.57349,0.003467,0.422915,0.414912,1
0.005221,2,0.531915,0.079711,0.566498,0.003467,0.422915,0.414912,1
0.005221,2,0.553191,0.074667,0.567539,0.003467,0.422915,0.414912,1
0.005221,2,0.574468,0.074667,0.559506,0.003467,0.422915,0.414912,1
0.005221,2,0.595745,0.074667,0.552068,0.003467,0.422915,0.414912,1
0.005221,2,0.617021,0.074667,0.548051,0.003467,0.422915,0.414912,1
0.005221,2,0.638298,0.074667,0.545671,0.003467,0.422915,0.414912,1
0.005221,2,0.659574,0.042422,0.555936,0.003467,0.422915,0.414912,0
0.005221,2,0.680851,0.086075,0.58673,0.003467,0.422915,0.414912,1
0.005221,2,0.702128,0.116759,0.643261,0.003467,0.422915,0.414912,1
0.005221,2,0.723404,0.106731,0.738471,0.003467,0.422915,0.414912,1
0.005221,2,0.744681,0.116759,0.818953,0.003467,0.422915,0.414912,1
0.005221,2,0.765957,0.086075,0.806159,0.003467,0.422915,0.414912,1
0.005221,2,0.787234,0.086075,0.782208,0.003467,0.422915,0.414912,1
0.005221,2,0.808511,0.074667,0.742339,0.003467,0.422915,0.414912,1
0.005221,2,0.829787,0.074667,0.705445,0.003467,0.422915,0.414912,1
0.005221,2,0.851064,0.114387,0.674799,0.003467,0.422915,0.414912,1
0.005221,2,0.87234,0.114387,0.64341,0.003467,0.422915,0.414912,1
0.005221,2,0.893617,0.089618,0.588218,0.003467,0.422915,0.414912,1
0.005221,2,0.914894,0.074667,0.530348,0.003467,0.422915,0.414912,1
0.005221,2,0.93617,0.106131,0.552514,0.003467,0.422915,0.414912,1
0.005221,2,0.957447,0.090309,0.54463,0.003467,0.422915,0.414912,1
0.005221,2,0.978723,0.090939,0.544183,0.003467,0.422915,0.414912,1
0.005221,2,1.0,0.090309,0.533472,0.003467,0.422915,0.414912,1
0.005265,3,0.0,0.106731,0.526331,0.003467,0.422915,0.414912,1
0.005265,3,0.021277,0.106731,0.510116,0.003467,0.422915,0.414912,1
0.005265,3,0.042553,0.106131,0.480661,0.003467,0.422915,0.414912,1
0.005265,3,0.06383,0.086075,0.412824,0.003467,0.422915,0.414912,1
0.005265,3,0.085106,0.082473,0.355251,0.003467,0.422915,0.414912,1
0.005265,3,0.106383,0.077789,0.311514,0.003467,0.422915,0.414912,0
0.005265,3,0.12766,0.076438,0.260339,0.003467,0.422915,0.414912,0
0.005265,3,0.148936,0.075958,0.221958,0.003467,0.422915,0.414912,0
0.005265,3,0.170213,0.076858,0.19875,0.003467,0.422915,0.414912,0
0.005265,3,0.191489,0.05305,0.196073,0.003467,0.422915,0.414912,0
0.005265,3,0.212766,0.077579,0.227016,0.003467,0.422915,0.414912,0
0.005265,3,0.234043,0.07863,0.273431,0.003467,0.422915,0.414912,0
0.005265,3,0.255319,0.099616,0.382922,0.003467,0.422915,0.414912,1
0.005265,3,0.276596,0.149664,0.501488,0.003467,0.422915,0.414912,1
0.005265,3,0.297872,0.056113,0.535406,0.003467,0.422915,0.414912,0
0.005265,3,0.319149,0.082473,0.612615,0.003467,0.422915,0.414912,0
0.005265,3,0.340426,0.057674,0.631508,0.003467,0.422915,0.414912,0
0.005265,3,0.361702,0.079711,0.614847,0.003467,0.422915,0.414912,0
0.005265,3,0.382979,0.083794,0.64222,0.003467,0.422915,0.414912,0
0.005265,3,0.404255,0.083794,0.642963,0.003467,0.422915,0.414912,0
0.005265,3,0.425532,0.086075,0.616929,0.003467,0.422915,0.414912,1
0.005265,3,0.446809,0.083794,0.591342,0.003467,0.422915,0.414912,0
0.005265,3,0.468085,0.10475,0.572002,0.003467,0.422915,0.414912,1
0.005265,3,0.489362,0.083794,0.55906,0.003467,0.422915,0.414912,0
0.005265,3,0.510638,0.083794,0.545968,0.003467,0.422915,0.414912,0
0.005265,3,0.531915,0.083794,0.537786,0.003467,0.422915,0.414912,0
0.005265,3,0.553191,0.082473,0.536745,0.003467,0.422915,0.414912,0
0.005265,3,0.574468,0.083794,0.533472,0.003467,0.422915,0.414912,0
0.005265,3,0.595745,0.057674,0.534811,0.003467,0.422915,0.414912,0
0.005265,3,0.617021,0.079711,0.518447,0.003467,0.422915,0.414912,0
0.005265,3,0.638298,0.082473,0.515025,0.003467,0.422915,0.414912,0
0.005265,3,0.659574,0.082473,0.539423,0.003467,0.422915,0.414912,0
0.005265,3,0.680851,0.086796,0.576168,0.003467,0.422915,0.414912,0
0.005265,3,0.702128,0.107272,0.632847,0.003467,0.422915,0.414912,1
0.005265,3,0.723404,0.10475,0.726569,0.003467,0.422915,0.414912,1
0.005265,3,0.744681,0.10475,0.799911,0.003467,0.422915,0.414912,1
0.005265,3,0.765957,0.10475,0.788307,0.003467,0.422915,0.414912,1
0.005265,3,0.787234,0.090909,0.767331,0.003467,0.422915,0.414912,1
0.005265,3,0.808511,0.083794,0.724933,0.003467,0.422915,0.414912,0
0.005265,3,0.829787,0.083794,0.695924,0.003467,0.422915,0.414912,0
0.005265,3,0.851064,0.116759,0.675989,0.003467,0.422915,0.414912,1
0.005265,3,0.87234,0.10475,0.648616,0.003467,0.422915,0.414912,1
0.005265,3,0.893617,0.083794,0.590003,0.003467,0.422915,0.414912,0
0.005265,3,0.914894,0.083794,0.535257,0.003467,0.422915,0.414912,0
0.005265,3,0.93617,0.083794,0.559506,0.003467,0.422915,0.414912,0
0.005265,3,0.957447,0.086075,0.551175,0.003467,0.422915,0.414912,0
0.005265,3,0.978723,0.083794,0.554597,0.003467,0.422915,0.414912,0
0.005265,3,1.0,0.083794,0.549539,0.003467,0.422915,0.414912,0
0.005309,4,0.0,0.099616,0.542101,0.003467,0.422915,0.414912,1
0.005309,4,0.021277,0.099616,0.518149,0.003467,0.422915,0.414912,1
0.005309,4,0.042553,0.086075,0.48914,0.003467,0.422915,0.414912,0
0.005309,4,0.06383,0.082473,0.430229,0.003467,0.422915,0.414912,0
0.005309,4,0.085106,0.079711,0.373698,0.003467,0.422915,0.414912,0
0.005309,4,0.106383,0.077789,0.322374,0.003467,0.422915,0.414912,0
0.005309,4,0.12766,0.076858,0.279381,0.003467,0.422915,0.414912,0
0.005309,4,0.148936,0.076858,0.237727,0.003467,0.422915,0.414912,0
0.005309,4,0.170213,0.075808,0.21571,0.003467,0.422915,0.414912,0
0.005309,4,0.191489,0.056113,0.213181,0.003467,0.422915,0.414912,0
0.005309,4,0.212766,0.076858,0.24814,0.003467,0.422915,0.414912,0
0.005309,4,0.234043,0.080101,0.293811,0.003467,0.422915,0.414912,0
0.005309,4,0.255319,0.10508,0.399583,0.003467,0.422915,0.414912,1
0.005309,4,0.276596,0.13105,0.50967,0.003467,0.422915,0.414912,1
0.005309,4,0.297872,0.079711,0.540315,0.003467,0.422915,0.414912,0
0.005309,4,0.319149,0.089798,0.623326,0.003467,0.422915,0.414912,1
0.005309,4,0.340426,0.087336,0.652187,0.003467,0.422915,0.414912,1
0.005309,4,0.361702,0.077939,0.640881,0.003467,0.422915,0.414912,0
0.005309,4,0.382979,0.079681,0.663344,0.003467,0.422915,0.414912,0
0.005309,4,0.404255,0.077939,0.667956,0.003467,0.422915,0.414912,0
0.005309,4,0.425532,0.079711,0.64222,0.003467,0.422915,0.414912,0
0.005309,4,0.446809,0.077939,0.607557,0.003467,0.422915,0.414912,0
0.005309,4,0.468085,0.077939,0.584499,0.003467,0.422915,0.414912,0
0.005309,4,0.489362,0.077939,0.570217,0.003467,0.422915,0.414912,0
0.005309,4,0.510638,0.077939,0.554151,0.003467,0.422915,0.414912,0
0.005309,4,0.531915,0.056113,0.538084,0.003467,0.422915,0.414912,0
0.005309,4,0.553191,0.056113,0.532133,0.003467,0.422915,0.414912,0
0.005309,4,0.574468,0.056113,0.524993,0.003467,0.422915,0.414912,0
0.005309,4,0.595745,0.056113,0.505653,0.003467,0.422915,0.414912,0
0.005309,4,0.617021,0.042422,0.497769,0.003467,0.422915,0.414912,0
0.005309,4,0.638298,0.054612,0.492115,0.003467,0.422915,0.414912,0
0.005309,4,0.659574,0.054612,0.51086,0.003467,0.422915,0.414912,0
0.005309,4,0.680851,0.054612,0.533621,0.003467,0.422915,0.414912,0
0.005309,4,0.702128,0.0795,0.588515,0.003467,0.422915,0.414912,0
0.005309,4,0.723404,0.089798,0.682981,0.003467,0.422915,0.414912,1
0.005309,4,0.744681,0.086075,0.763017,0.003467,0.422915,0.414912,1
0.005309,4,0.765957,0.086075,0.772687,0.003467,0.422915,0.414912,1
0.005309,4,0.787234,0.089798,0.757215,0.003467,0.422915,0.414912,1
0.005309,4,0.808511,0.089798,0.720619,0.003467,0.422915,0.414912,1
0.005309,4,0.829787,0.056113,0.6928,0.003467,0.422915,0.414912,0
0.005309,4,0.851064,0.089798,0.68075,0.003467,0.422915,0.414912,1
0.005309,4,0.87234,0.089798,0.655608,0.003467,0.422915,0.414912,1
0.005309,4,0.893617,0.056113,0.601458,0.003467,0.422915,0.414912,0
0.005309,4,0.914894,0.056113,0.542696,0.003467,0.422915,0.414912,0
0.005309,4,0.93617,0.089798,0.569325,0.003467,0.422915,0.414912,1
0.005309,4,0.957447,0.089798,0.566944,0.003467,0.422915,0.414912,1
0.005309,4,0.978723,0.090909,0.563672,0.003467,0.422915,0.414912,1
0.005309,4,1.0,0.086075,0.550134,0.003467,0.422915,0.414912,1
0.005354,5,0.0,0.091209,0.54463,0.003467,0.422915,0.414912,1
0.005354,5,0.021277,0.091209,0.521273,0.003467,0.422915,0.414912,1
0.005354,5,0.042553,0.086075,0.48795,0.003467,0.422915,0.414912,1
0.005354,5,0.06383,0.082473,0.424874,0.003467,0.422915,0.414912,1
0.005354,5,0.085106,0.076858,0.366706,0.003467,0.422915,0.414912,0
0.005354,5,0.106383,0.075808,0.320292,0.003467,0.422915,0.414912,0
0.005354,5,0.12766,0.075808,0.274918,0.003467,0.422915,0.414912,0
0.005354,5,0.148936,0.075808,0.235495,0.003467,0.422915,0.414912,0
0.005354,5,0.170213,0.064519,0.209759,0.003467,0.422915,0.414912,0
0.005354,5,0.191489,0.064519,0.20842,0.003467,0.422915,0.414912,0
0.005354,5,0.212766,0.064519,0.238173,0.003467,0.422915,0.414912,0
0.005354,5,0.234043,0.077909,0.288456,0.003467,0.422915,0.414912,1
0.005354,5,0.255319,0.106071,0.390658,0.003467,0.422915,0.414912,1
0.005354,5,0.276596,0.106011,0.502827,0.003467,0.422915,0.414912,1
0.005354,5,0.297872,0.056173,0.543439,0.003467,0.422915,0.414912,0
0.005354,5,0.319149,0.088297,0.627789,0.003467,0.422915,0.414912,1
0.005354,5,0.340426,0.088297,0.662005,0.003467,0.422915,0.414912,1
0.005354,5,0.361702,0.064519,0.651294,0.003467,0.422915,0.414912,0
0.005354,5,0.382979,0.088297,0.676436,0.003467,0.422915,0.414912,1
0.005354,5,0.404255,0.085565,0.673907,0.003467,0.422915,0.414912,1
0.005354,5,0.425532,0.088297,0.651294,0.003467,0.422915,0.414912,1
0.005354,5,0.446809,0.064519,0.614549,0.003467,0.422915,0.414912,0
0.005354,5,0.468085,0.088297,0.588367,0.003467,0.422915,0.414912,1
0.005354,5,0.489362,0.088297,0.574383,0.003467,0.422915,0.414912,1
0.005354,5,0.510638,0.085565,0.556977,0.003467,0.422915,0.414912,1
0.005354,5,0.531915,0.088297,0.539423,0.003467,0.422915,0.414912,1
0.005354,5,0.553191,0.056173,0.525439,0.003467,0.422915,0.414912,0
0.005354,5,0.574468,0.056173,0.509819,0.003467,0.422915,0.414912,0
0.005354,5,0.595745,0.042572,0.495537,0.003467,0.422915,0.414912,0
0.005354,5,0.617021,0.054612,0.483041,0.003467,0.422915,0.414912,0
0.005354,5,0.638298,0.056173,0.471883,0.003467,0.422915,0.414912,0
0.005354,5,0.659574,0.042572,0.482594,0.003467,0.422915,0.414912,0
0.005354,5,0.680851,0.054612,0.504463,0.003467,0.422915,0.414912,0
0.005354,5,0.702128,0.088297,0.559209,0.003467,0.422915,0.414912,1
0.005354,5,0.723404,0.064519,0.642517,0.003467,0.422915,0.414912,0
0.005354,5,0.744681,0.064519,0.72404,0.003467,0.422915,0.414912,0
0.005354,5,0.765957,0.088297,0.725974,0.003467,0.422915,0.414912,1
0.005354,5,0.787234,0.064519,0.703957,0.003467,0.422915,0.414912,0
0.005354,5,0.808511,0.056173,0.670634,0.003467,0.422915,0.414912,0
0.005354,5,0.829787,0.057674,0.645195,0.003467,0.422915,0.414912,0
0.005354,5,0.851064,0.064519,0.620649,0.003467,0.422915,0.414912,0
0.005354,5,0.87234,0.057674,0.603838,0.003467,0.422915,0.414912,0
0.005354,5,0.893617,0.064519,0.562481,0.003467,0.422915,0.414912,0
0.005354,5,0.914894,0.054612,0.510711,0.003467,0.422915,0.414912,0
0.005354,5,0.93617,0.085565,0.554002,0.003467,0.422915,0.414912,1
0.005354,5,0.957447,0.085565,0.558018,0.003467,0.422915,0.414912,1
0.005354,5,0.978723,0.064519,0.569771,0.003467,0.422915,0.414912,0
0.005354,5,1.0,0.064519,0.543588,0.003467,0.422915,0.414912,0
0.005398,6,0.0,0.085565,0.541803,0.003467,0.422915,0.414912,1
0.005398,6,0.021277,0.085565,0.506992,0.003467,0.422915,0.414912,1
0.005398,6,0.042553,0.078209,0.477834,0.003467,0.422915,0.414912,1
0.005398,6,0.06383,0.064519,0.415204,0.003467,0.422915,0.414912,0
0.005398,6,0.085106,0.064519,0.351532,0.003467,0.422915,0.414912,0
0.005398,6,0.106383,0.064519,0.303184,0.003467,0.422915,0.414912,0
0.005398,6,0.12766,0.064519,0.260934,0.003467,0.422915,0.414912,0
0.005398,6,0.148936,0.064519,0.221363,0.003467,0.422915,0.414912,0
0.005398,6,0.170213,0.054251,0.194585,0.003467,0.422915,0.414912,0
0.005398,6,0.191489,0.054612,0.179262,0.003467,0.422915,0.414912,0
0.005398,6,0.212766,0.056713,0.179708,0.003467,0.422915,0.414912,0
0.005398,6,0.234043,0.056713,0.194287,0.003467,0.422915,0.414912,0
0.005398,6,0.255319,0.074817,0.227016,0.003467,0.422915,0.414912,1
0.005398,6,0.276596,0.063378,0.267777,0.003467,0.422915,0.414912,0
0.005398,6,0.297872,0.082683,0.318655,0.003467,0.422915,0.414912,1
0.005398,6,0.319149,0.097574,0.409848,0.003467,0.422915,0.414912,1
0.005398,6,0.340426,0.097574,0.501041,0.003467,0.422915,0.414912,1
0.005398,6,0.361702,0.107542,0.562779,0.003467,0.422915,0.414912,1
0.005398,6,0.382979,0.119731,0.6144,0.003467,0.422915,0.414912,1
0.005398,6,0.404255,0.119731,0.618863,0.003467,0.422915,0.414912,1
0.005398,6,0.425532,0.119731,0.591491,0.003467,0.422915,0.414912,1
0.005398,6,0.446809,0.090939,0.555043,0.003467,0.422915,0.414912,1
0.005398,6,0.468085,0.090939,0.522761,0.003467,0.422915,0.414912,1
0.005398,6,0.489362,0.090939,0.485719,0.003467,0.422915,0.414912,1
0.005398,6,0.510638,0.084574,0.464296,0.003467,0.422915,0.414912,1
0.005398,6,0.531915,0.074817,0.442577,0.003467,0.422915,0.414912,1
0.005398,6,0.553191,0.059865,0.421154,0.003467,0.422915,0.414912,0
0.005398,6,0.574468,0.063378,0.407617,0.003467,0.422915,0.414912,0
0.005398,6,0.595745,0.059865,0.391253,0.003467,0.422915,0.414912,0
0.005398,6,0.617021,0.059865,0.379203,0.003467,0.422915,0.414912,0
0.005398,6,0.638298,0.075958,0.374591,0.003467,0.422915,0.414912,1
0.005398,6,0.659574,0.084574,0.38069,0.003467,0.422915,0.414912,1
0.005398,6,0.680851,0.106311,0.407022,0.003467,0.422915,0.414912,1
0.005398,6,0.702128,0.097574,0.471288,0.003467,0.422915,0.414912,1
0.005398,6,0.723404,0.108232,0.562928,0.003467,0.422915,0.414912,1
0.005398,6,0.744681,0.119731,0.644897,0.003467,0.422915,0.414912,1
0.005398,6,0.765957,0.106311,0.658286,0.003467,0.422915,0.414912,1
0.005398,6,0.787234,0.088717,0.637905,0.003467,0.422915,0.414912,1
0.005398,6,0.808511,0.080911,0.592978,0.003467,0.422915,0.414912,1
0.005398,6,0.829787,0.080911,0.555787,0.003467,0.422915,0.414912,1
0.005398,6,0.851064,0.080911,0.523951,0.003467,0.422915,0.414912,1
0.005398,6,0.87234,0.080911,0.504017,0.003467,0.422915,0.414912,1
0.005398,6,0.893617,0.063378,0.459982,0.003467,0.422915,0.414912,0
0.005398,6,0.914894,0.062447,0.420559,0.003467,0.422915,0.414912,0
0.005398,6,0.93617,0.074817,0.440345,0.003467,0.422915,0.414912,0
0.005398,6,0.957447,0.063378,0.437965,0.003467,0.422915,0.414912,0
0.005398,6,0.978723,0.063378,0.438709,0.003467,0.422915,0.414912,0
0.005398,6,1.0,0.063378,0.421452,0.003467,0.422915,0.414912,0
0.005442,7,0.0,0.063378,0.393782,0.003467,0.422915,0.414912,0
0.005442,7,0.021277,0.063378,0.342904,0.003467,0.422915,0.414912,0
0.005442,7,0.042553,0.054612,0.319399,0.003467,0.422915,0.414912,0
0.005442,7,0.06383,0.05305,0.25781,0.003467,0.422915,0.414912,0
0.005442,7,0.085106,0.054612,0.217346,0.003467,0.422915,0.414912,0
0.005442,7,0.106383,0.054612,0.184469,0.003467,0.422915,0.414912,0
0.005442,7,0.12766,0.05305,0.15546,0.003467,0.422915,0.414912,0
0.005442,7,0.148936,0.042122,0.128682,0.003467,0.422915,0.414912,0
0.005442,7,0.170213,0.042122,0.108004,0.003467,0.422915,0.414912,0
0.005442,7,0.191489,0.05305,0.105177,0.003467,0.422915,0.414912,0
0.005442,7,0.212766,0.042122,0.104582,0.003467,0.422915,0.414912,0
0.005442,7,0.234043,0.05305,0.117971,0.003467,0.422915,0.414912,0
0.005442,7,0.255319,0.05305,0.140137,0.003467,0.422915,0.414912,0
0.005442,7,0.276596,0.05305,0.161262,0.003467,0.422915,0.414912,0
0.005442,7,0.297872,0.054612,0.196073,0.003467,0.422915,0.414912,0
0.005442,7,0.319149,0.074817,0.258405,0.003467,0.422915,0.414912,0
0.005442,7,0.340426,0.080911,0.331449,0.003467,0.422915,0.414912,1
0.005442,7,0.361702,0.088838,0.391104,0.003467,0.422915,0.414912,1
0.005442,7,0.382979,0.087066,0.442725,0.003467,0.422915,0.414912,1
0.005442,7,0.404255,0.087066,0.468015,0.003467,0.422915,0.414912,1
0.005442,7,0.425532,0.078209,0.461024,0.003467,0.422915,0.414912,1
0.005442,7,0.446809,0.078209,0.444362,0.003467,0.422915,0.414912,1
0.005442,7,0.468085,0.080911,0.423981,0.003467,0.422915,0.414912,1
0.005442,7,0.489362,0.077609,0.408063,0.003467,0.422915,0.414912,1
0.005442,7,0.510638,0.074817,0.386938,0.003467,0.422915,0.414912,1
0.005442,7,0.531915,0.074817,0.368492,0.003467,0.422915,0.414912,1
0.005442,7,0.553191,0.059865,0.343201,0.003467,0.422915,0.414912,0
0.005442,7,0.574468,0.059865,0.320738,0.003467,0.422915,0.414912,0
0.005442,7,0.595745,0.059865,0.293068,0.003467,0.422915,0.414912,0
0.005442,7,0.617021,0.05305,0.295745,0.003467,0.422915,0.414912,0
0.005442,7,0.638298,0.054612,0.297084,0.003467,0.422915,0.414912,0
0.005442,7,0.659574,0.059865,0.314639,0.003467,0.422915,0.414912,0
0.005442,7,0.680851,0.075958,0.339334,0.003467,0.422915,0.414912,1
0.005442,7,0.702128,0.059865,0.403154,0.003467,0.422915,0.414912,0
0.005442,7,0.723404,0.074817,0.499107,0.003467,0.422915,0.414912,1
0.005442,7,0.744681,0.077999,0.587771,0.003467,0.422915,0.414912,1
0.005442,7,0.765957,0.077609,0.614698,0.003467,0.422915,0.414912,1
0.005442,7,0.787234,0.074817,0.602499,0.003467,0.422915,0.414912,1
0.005442,7,0.808511,0.077609,0.580482,0.003467,0.422915,0.414912,1
0.005442,7,0.829787,0.059865,0.554151,0.003467,0.422915,0.414912,0
0.005442,7,0.851064,0.077609,0.535109,0.003467,0.422915,0.414912,1
0.005442,7,0.87234,0.075958,0.51562,0.003467,0.422915,0.414912,1
0.005442,7,0.893617,0.077609,0.475751,0.003467,0.422915,0.414912,1
0.005442,7,0.914894,0.059865,0.427105,0.003467,0.422915,0.414912,0
0.005442,7,0.93617,0.074817,0.444362,0.003467,0.422915,0.414912,1
0.005442,7,0.957447,0.05305,0.429188,0.003467,0.422915,0.414912,0
0.005442,7,0.978723,0.059865,0.421898,0.003467,0.422915,0.414912,0
0.005442,7,1.0,0.042572,0.401666,0.003467,0.422915,0.414912,0
0.008584,1,0.0,0.042422,0.380542,0.003467,0.422915,0.414912,0
0.008584,1,0.021277,0.042422,0.334424,0.003467,0.422915,0.414912,0
0.008584,1,0.042553,0.042422,0.324159,0.003467,0.422915,0.414912,0
0.008584,1,0.06383,0.042422,0.283249,0.003467,0.422915,0.414912,0
0.008584,1,0.085106,0.042422,0.245909,0.003467,0.422915,0.414912,0
0.008584,1,0.106383,0.042422,0.212288,0.003467,0.422915,0.414912,0
0.008584,1,0.12766,0.042272,0.186849,0.003467,0.422915,0.414912,0
0.008584,1,0.148936,0.042272,0.166617,0.003467,0.422915,0.414912,0
0.008584,1,0.170213,0.042272,0.162303,0.003467,0.422915,0.414912,0
0.008584,1,0.191489,0.056173,0.166617,0.003467,0.422915,0.414912,0
0.008584,1,0.212766,0.057734,0.20366,0.003467,0.422915,0.414912,0
0.008584,1,0.234043,0.064519,0.253942,0.003467,0.422915,0.414912,1
0.008584,1,0.255319,0.083614,0.354805,0.003467,0.422915,0.414912,1
0.008584,1,0.276596,0.089798,0.458643,0.003467,0.422915,0.414912,1
0.008584,1,0.297872,0.056173,0.486016,0.003467,0.422915,0.414912,0
0.008584,1,0.319149,0.074817,0.565308,0.003467,0.422915,0.414912,1
0.008584,1,0.340426,0.074817,0.613657,0.003467,0.422915,0.414912,1
0.008584,1,0.361702,0.059235,0.627789,0.003467,0.422915,0.414912,0
0.008584,1,0.382979,0.074817,0.663642,0.003467,0.422915,0.414912,1
0.008584,1,0.404255,0.059235,0.668849,0.003467,0.422915,0.414912,0
0.008584,1,0.425532,0.057734,0.648319,0.003467,0.422915,0.414912,0
0.008584,1,0.446809,0.074817,0.626153,0.003467,0.422915,0.414912,1
0.008584,1,0.468085,0.11886,0.600565,0.003467,0.422915,0.414912,1
0.008584,1,0.489362,0.115468,0.584796,0.003467,0.422915,0.414912,1
0.008584,1,0.510638,0.106071,0.578697,0.003467,0.422915,0.414912,1
0.008584,1,0.531915,0.074817,0.567688,0.003467,0.422915,0.414912,1
0.008584,1,0.553191,0.064519,0.559952,0.003467,0.422915,0.414912,0
0.008584,1,0.574468,0.085565,0.548795,0.003467,0.422915,0.414912,1
0.008584,1,0.595745,0.085565,0.542249,0.003467,0.422915,0.414912,1
0.008584,1,0.617021,0.085565,0.539572,0.003467,0.422915,0.414912,1
0.008584,1,0.638298,0.089798,0.540018,0.003467,0.422915,0.414912,1
0.008584,1,0.659574,0.106071,0.548944,0.003467,0.422915,0.414912,1
0.008584,1,0.680851,0.106071,0.561738,0.003467,0.422915,0.414912,1
0.008584,1,0.702128,0.119731,0.632252,0.003467,0.422915,0.414912,1
0.008584,1,0.723404,0.134172,0.721214,0.003467,0.422915,0.414912,1
0.008584,1,0.744681,0.146511,0.799167,0.003467,0.422915,0.414912,1
0.008584,1,0.765957,0.106071,0.801547,0.003467,0.422915,0.414912,1
0.008584,1,0.787234,0.106071,0.772092,0.003467,0.422915,0.414912,1
0.008584,1,0.808511,0.089798,0.73371,0.003467,0.422915,0.414912,1
0.008584,1,0.829787,0.074817,0.705296,0.003467,0.422915,0.414912,1
0.008584,1,0.851064,0.089798,0.680006,0.003467,0.422915,0.414912,1
0.008584,1,0.87234,0.089798,0.651145,0.003467,0.422915,0.414912,1
0.008584,1,0.893617,0.064519,0.590003,0.003467,0.422915,0.414912,0
0.008584,1,0.914894,0.042422,0.530348,0.003467,0.422915,0.414912,0
0.008584,1,0.93617,0.085565,0.560399,0.003467,0.422915,0.414912,1
0.008584,1,0.957447,0.064519,0.553704,0.003467,0.422915,0.414912,0
0.008584,1,0.978723,0.064519,0.556828,0.003467,0.422915,0.414912,0
0.008584,1,1.0,0.064519,0.551175,0.003467,0.422915,0.414912,0
0.008628,2,0.0,0.064519,0.54091,0.003467,0.422915,0.414912,0
0.008628,2,0.021277,0.089798,0.517852,0.003467,0.422915,0.414912,1
0.008628,2,0.042553,0.085565,0.494496,0.003467,0.422915,0.414912,1
0.008628,2,0.06383,0.064519,0.430378,0.003467,0.422915,0.414912,0
0.008628,2,0.085106,0.057734,0.367896,0.003467,0.422915,0.414912,0
0.008628,2,0.106383,0.075958,0.321333,0.003467,0.422915,0.414912,0
0.008628,2,0.12766,0.064519,0.271497,0.003467,0.422915,0.414912,0
0.008628,2,0.148936,0.064519,0.235347,0.003467,0.422915,0.414912,0
0.008628,2,0.170213,0.057734,0.215263,0.003467,0.422915,0.414912,0
0.008628,2,0.191489,0.057734,0.205147,0.003467,0.422915,0.414912,0
0.008628,2,0.212766,0.074877,0.231479,0.003467,0.422915,0.414912,0
0.008628,2,0.234043,0.077609,0.282059,0.003467,0.422915,0.414912,0
0.008628,2,0.255319,0.089798,0.379054,0.003467,0.422915,0.414912,1
0.008628,2,0.276596,0.080911,0.473222,0.003467,0.422915,0.414912,0
0.008628,2,0.297872,0.056173,0.49524,0.003467,0.422915,0.414912,0
0.008628,2,0.319149,0.074817,0.580184,0.003467,0.422915,0.414912,0
0.008628,2,0.340426,0.057734,0.626302,0.003467,0.422915,0.414912,0
0.008628,2,0.361702,0.074817,0.644154,0.003467,0.422915,0.414912,0
0.008628,2,0.382979,0.074817,0.669741,0.003467,0.422915,0.414912,0
0.008628,2,0.404255,0.074817,0.679113,0.003467,0.422915,0.414912,0
0.008628,2,0.425532,0.074817,0.646683,0.003467,0.422915,0.414912,0
0.008628,2,0.446809,0.074817,0.591639,0.003467,0.422915,0.414912,0
0.008628,2,0.468085,0.057764,0.583309,0.003467,0.422915,0.414912,0
0.008628,2,0.489362,0.074817,0.566052,0.003467,0.422915,0.414912,0
0.008628,2,0.510638,0.074817,0.552514,0.003467,0.422915,0.414912,0
0.008628,2,0.531915,0.074817,0.529753,0.003467,0.422915,0.414912,0
0.008628,2,0.553191,0.057734,0.519935,0.003467,0.422915,0.414912,0
0.008628,2,0.574468,0.074817,0.506546,0.003467,0.422915,0.414912,0
0.008628,2,0.595745,0.056173,0.48914,0.003467,0.422915,0.414912,0
0.008628,2,0.617021,0.074817,0.485719,0.003467,0.422915,0.414912,0
0.008628,2,0.638298,0.057734,0.480065,0.003467,0.422915,0.414912,0
0.008628,2,0.659574,0.057734,0.488396,0.003467,0.422915,0.414912,0
0.008628,2,0.680851,0.074817,0.505951,0.003467,0.422915,0.414912,0
0.008628,2,0.702128,0.074817,0.569622,0.003467,0.422915,0.414912,0
0.008628,2,0.723404,0.078209,0.676138,0.003467,0.422915,0.414912,1
0.008628,2,0.744681,0.074817,0.767182,0.003467,0.422915,0.414912,1
0.008628,2,0.765957,0.074817,0.773579,0.003467,0.422915,0.414912,1
0.008628,2,0.787234,0.074817,0.751562,0.003467,0.422915,0.414912,1
0.008628,2,0.808511,0.074817,0.714817,0.003467,0.422915,0.414912,1
0.008628,2,0.829787,0.074817,0.687593,0.003467,0.422915,0.414912,1
0.008628,2,0.851064,0.074817,0.666915,0.003467,0.422915,0.414912,1
0.008628,2,0.87234,0.057734,0.638054,0.003467,0.422915,0.414912,0
0.008628,2,0.893617,0.057734,0.592383,0.003467,0.422915,0.414912,0
0.008628,2,0.914894,0.042572,0.528414,0.003467,0.422915,0.414912,0
0.008628,2,0.93617,0.059235,0.557721,0.003467,0.422915,0.414912,0
0.008628,2,0.957447,0.056173,0.558614,0.003467,0.422915,0.414912,0
0.008628,2,0.978723,0.057734,0.562779,0.003467,0.422915,0.414912,0
0.008628,2,1.0,0.057734,0.552217,0.003467,0.422915,0.414912,0
0.008672,3,0.0,0.106071,0.546117,0.003467,0.422915,0.414912,1
0.008672,3,0.021277,0.106071,0.524993,0.003467,0.422915,0.414912,1
0.008672,3,0.042553,0.080911,0.496132,0.003467,0.422915,0.414912,1
0.008672,3,0.06383,0.056173,0.433799,0.003467,0.422915,0.414912,0
0.008672,3,0.085106,0.057734,0.37593,0.003467,0.422915,0.414912,0
0.008672,3,0.106383,0.057734,0.325498,0.003467,0.422915,0.414912,0
0.008672,3,0.12766,0.054251,0.283844,0.003467,0.422915,0.414912,0
0.008672,3,0.148936,0.057734,0.250521,0.003467,0.422915,0.414912,0
0.008672,3,0.170213,0.042272,0.22776,0.003467,0.422915,0.414912,0
0.008672,3,0.191489,0.074877,0.217644,0.003467,0.422915,0.414912,1
0.008672,3,0.212766,0.042272,0.254686,0.003467,0.422915,0.414912,0
0.008672,3,0.234043,0.078209,0.301101,0.003467,0.422915,0.414912,1
0.008672,3,0.255319,0.091359,0.403154,0.003467,0.422915,0.414912,1
0.008672,3,0.276596,0.106131,0.50476,0.003467,0.422915,0.414912,1
0.008672,3,0.297872,0.042572,0.526629,0.003467,0.422915,0.414912,0
0.008672,3,0.319149,0.075417,0.607111,0.003467,0.422915,0.414912,1
0.008672,3,0.340426,0.075417,0.645939,0.003467,0.422915,0.414912,1
0.008672,3,0.361702,0.075417,0.663493,0.003467,0.422915,0.414912,1
0.008672,3,0.382979,0.092771,0.698602,0.003467,0.422915,0.414912,1
0.008672,3,0.404255,0.075417,0.702172,0.003467,0.422915,0.414912,1
0.008672,3,0.425532,0.080911,0.669444,0.003467,0.422915,0.414912,1
0.008672,3,0.446809,0.075417,0.634781,0.003467,0.422915,0.414912,1
0.008672,3,0.468085,0.075417,0.612169,0.003467,0.422915,0.414912,1
0.008672,3,0.489362,0.092771,0.590747,0.003467,0.422915,0.414912,1
0.008672,3,0.510638,0.080911,0.571407,0.003467,0.422915,0.414912,1
0.008672,3,0.531915,0.07875,0.555638,0.003467,0.422915,0.414912,1
0.008672,3,0.553191,0.11829,0.545522,0.003467,0.422915,0.414912,1
0.008672,3,0.574468,0.11823,0.528265,0.003467,0.422915,0.414912,1
0.008672,3,0.595745,0.078209,0.520083,0.003467,0.422915,0.414912,1
0.008672,3,0.617021,0.075417,0.507141,0.003467,0.422915,0.414912,1
0.008672,3,0.638298,0.075417,0.502231,0.003467,0.422915,0.414912,1
0.008672,3,0.659574,0.092771,0.516513,0.003467,0.422915,0.414912,1
0.008672,3,0.680851,0.11823,0.537191,0.003467,0.422915,0.414912,1
0.008672,3,0.702128,0.11829,0.60235,0.003467,0.422915,0.414912,1
0.008672,3,0.723404,0.124865,0.708718,0.003467,0.422915,0.414912,1
0.008672,3,0.744681,0.11829,0.802589,0.003467,0.422915,0.414912,1
0.008672,3,0.765957,0.11823,0.804969,0.003467,0.422915,0.414912,1
0.008672,3,0.787234,0.11823,0.788902,0.003467,0.422915,0.414912,1
0.008672,3,0.808511,0.080911,0.748289,0.003467,0.422915,0.414912,1
0.008672,3,0.829787,0.075417,0.717197,0.003467,0.422915,0.414912,0
0.008672,3,0.851064,0.11823,0.694734,0.003467,0.422915,0.414912,1
0.008672,3,0.87234,0.078209,0.668849,0.003467,0.422915,0.414912,0
0.008672,3,0.893617,0.075417,0.621988,0.003467,0.422915,0.414912,0
0.008672,3,0.914894,0.092771,0.564564,0.003467,0.422915,0.414912,1
0.008672,3,0.93617,0.106131,0.597292,0.003467,0.422915,0.414912,1
0.008672,3,0.957447,0.080911,0.58792,0.003467,0.422915,0.414912,0
0.008672,3,0.978723,0.106131,0.58316,0.003467,0.422915,0.414912,1
0.008672,3,1.0,0.092771,0.575722,0.003467,0.422915,0.414912,1
0.008716,4,0.0,0.106131,0.565159,0.003467,0.422915,0.414912,1
0.008716,4,0.021277,0.092771,0.545373,0.003467,0.422915,0.414912,1
0.008716,4,0.042553,0.088357,0.520976,0.003467,0.422915,0.414912,1
0.008716,4,0.06383,0.042572,0.458494,0.003467,0.422915,0.414912,0
0.008716,4,0.085106,0.042422,0.399435,0.003467,0.422915,0.414912,0
0.008716,4,0.106383,0.077609,0.352127,0.003467,0.422915,0.414912,0
0.008716,4,0.12766,0.074877,0.305564,0.003467,0.422915,0.414912,0
0.008716,4,0.148936,0.042272,0.267629,0.003467,0.422915,0.414912,0
0.008716,4,0.170213,0.074817,0.247843,0.003467,0.422915,0.414912,0
0.008716,4,0.191489,0.075958,0.240405,0.003467,0.422915,0.414912,0
0.008716,4,0.212766,0.074817,0.269711,0.003467,0.422915,0.414912,0
0.008716,4,0.234043,0.080911,0.314787,0.003467,0.422915,0.414912,0
0.008716,4,0.255319,0.095052,0.413716,0.003467,0.422915,0.414912,1
0.008716,4,0.276596,0.116729,0.511157,0.003467,0.422915,0.414912,1
0.008716,4,0.297872,0.075417,0.538976,0.003467,0.422915,0.414912,0
0.008716,4,0.319149,0.10475,0.622583,0.003467,0.422915,0.414912,1
0.008716,4,0.340426,0.075417,0.674055,0.003467,0.422915,0.414912,0
0.008716,4,0.361702,0.075417,0.689676,0.003467,0.422915,0.414912,0
0.008716,4,0.382979,0.116729,0.723445,0.003467,0.422915,0.414912,1
0.008716,4,0.404255,0.116729,0.724784,0.003467,0.422915,0.414912,1
0.008716,4,0.425532,0.10475,0.684469,0.003467,0.422915,0.414912,1
0.008716,4,0.446809,0.075417,0.647873,0.003467,0.422915,0.414912,0
0.008716,4,0.468085,0.10475,0.617376,0.003467,0.422915,0.414912,1
0.008716,4,0.489362,0.075417,0.589408,0.003467,0.422915,0.414912,0
0.008716,4,0.510638,0.075417,0.564713,0.003467,0.422915,0.414912,0
0.008716,4,0.531915,0.075417,0.555043,0.003467,0.422915,0.414912,0
0.008716,4,0.553191,0.078209,0.542101,0.003467,0.422915,0.414912,0
0.008716,4,0.574468,0.075417,0.524249,0.003467,0.422915,0.414912,0
0.008716,4,0.595745,0.075417,0.503868,0.003467,0.422915,0.414912,0
0.008716,4,0.617021,0.075417,0.502975,0.003467,0.422915,0.414912,0
0.008716,4,0.638298,0.075417,0.491669,0.003467,0.422915,0.414912,0
0.008716,4,0.659574,0.075417,0.497322,0.003467,0.422915,0.414912,0
0.008716,4,0.680851,0.078209,0.52648,0.003467,0.422915,0.414912,0
0.008716,4,0.702128,0.116729,0.585838,0.003467,0.422915,0.414912,1
0.008716,4,0.723404,0.116729,0.687742,0.003467,0.422915,0.414912,1
0.008716,4,0.744681,0.116729,0.765843,0.003467,0.422915,0.414912,1
0.008716,4,0.765957,0.10475,0.769563,0.003467,0.422915,0.414912,1
0.008716,4,0.787234,0.075417,0.749182,0.003467,0.422915,0.414912,0
0.008716,4,0.808511,0.075417,0.714668,0.003467,0.422915,0.414912,0
0.008716,4,0.829787,0.075417,0.689676,0.003467,0.422915,0.414912,0
0.008716,4,0.851064,0.116729,0.676584,0.003467,0.422915,0.414912,1
0.008716,4,0.87234,0.10475,0.648468,0.003467,0.422915,0.414912,1
0.008716,4,0.893617,0.10475,0.598483,0.003467,0.422915,0.414912,1
0.008716,4,0.914894,0.116729,0.548051,0.003467,0.422915,0.414912,1
0.008716,4,0.93617,0.10475,0.58197,0.003467,0.422915,0.414912,1
0.008716,4,0.957447,0.095052,0.592681,0.003467,0.422915,0.414912,1
0.008716,4,0.978723,0.095052,0.593871,0.003467,0.422915,0.414912,1
0.008716,4,1.0,0.095052,0.574829,0.003467,0.422915,0.414912,1
0.008761,5,0.0,0.095052,0.564267,0.003467,0.422915,0.414912,1
0.008761,5,0.021277,0.10475,0.535704,0.003467,0.422915,0.414912,1
0.008761,5,0.042553,0.090939,0.507141,0.003467,0.422915,0.414912,1
0.008761,5,0.06383,0.078209,0.443023,0.003467,0.422915,0.414912,0
0.008761,5,0.085106,0.078209,0.387831,0.003467,0.422915,0.414912,0
0.008761,5,0.106383,0.077609,0.335168,0.003467,0.422915,0.414912,0
0.008761,5,0.12766,0.074817,0.291729,0.003467,0.422915,0.414912,0
0.008761,5,0.148936,0.074817,0.252306,0.003467,0.422915,0.414912,0
0.008761,5,0.170213,0.074817,0.227313,0.003467,0.422915,0.414912,0
0.008761,5,0.191489,0.074817,0.225082,0.003467,0.422915,0.414912,0
0.008761,5,0.212766,0.075958,0.24695,0.003467,0.422915,0.414912,0
0.008761,5,0.234043,0.07839,0.293514,0.003467,0.422915,0.414912,0
0.008761,5,0.255319,0.090939,0.387385,0.003467,0.422915,0.414912,1
0.008761,5,0.276596,0.106131,0.486611,0.003467,0.422915,0.414912,1
0.008761,5,0.297872,0.074517,0.506546,0.003467,0.422915,0.414912,0
0.008761,5,0.319149,0.090369,0.594466,0.003467,0.422915,0.414912,1
0.008761,5,0.340426,0.090369,0.65427,0.003467,0.422915,0.414912,1
0.008761,5,0.361702,0.074517,0.670336,0.003467,0.422915,0.414912,0
0.008761,5,0.382979,0.117329,0.714222,0.003467,0.422915,0.414912,1
0.008761,5,0.404255,0.125796,0.721511,0.003467,0.422915,0.414912,1
0.008761,5,0.425532,0.117329,0.691907,0.003467,0.422915,0.414912,1
0.008761,5,0.446809,0.10475,0.655757,0.003467,0.422915,0.414912,1
0.008761,5,0.468085,0.117329,0.634186,0.003467,0.422915,0.414912,1
0.008761,5,0.489362,0.117329,0.6144,0.003467,0.422915,0.414912,1
0.008761,5,0.510638,0.125796,0.597292,0.003467,0.422915,0.414912,1
0.008761,5,0.531915,0.117329,0.583457,0.003467,0.422915,0.414912,1
0.008761,5,0.553191,0.117329,0.566796,0.003467,0.422915,0.414912,1
0.008761,5,0.574468,0.10475,0.547456,0.003467,0.422915,0.414912,1
0.008761,5,0.595745,0.117329,0.529902,0.003467,0.422915,0.414912,1
0.008761,5,0.617021,0.10475,0.511455,0.003467,0.422915,0.414912,1
0.008761,5,0.638298,0.090369,0.507885,0.003467,0.422915,0.414912,0
0.008761,5,0.659574,0.125796,0.527522,0.003467,0.422915,0.414912,1
0.008761,5,0.680851,0.129398,0.552068,0.003467,0.422915,0.414912,1
0.008761,5,0.702128,0.134682,0.612764,0.003467,0.422915,0.414912,1
0.008761,5,0.723404,0.134772,0.686849,0.003467,0.422915,0.414912,1
0.008761,5,0.744681,0.117329,0.733413,0.003467,0.422915,0.414912,1
0.008761,5,0.765957,0.090369,0.721214,0.003467,0.422915,0.414912,0
0.008761,5,0.787234,0.074517,0.696816,0.003467,0.422915,0.414912,0
0.008761,5,0.808511,0.074517,0.652782,0.003467,0.422915,0.414912,0
0.008761,5,0.829787,0.041732,0.62407,0.003467,0.422915,0.414912,0
0.008761,5,0.851064,0.041762,0.598185,0.003467,0.422915,0.414912,0
0.008761,5,0.87234,0.041732,0.569771,0.003467,0.422915,0.414912,0
0.008761,5,0.893617,0.041732,0.527075,0.003467,0.422915,0.414912,0
0.008761,5,0.914894,0.041732,0.479917,0.003467,0.422915,0.414912,0
0.008761,5,0.93617,0.041762,0.521868,0.003467,0.422915,0.414912,0
0.008761,5,0.957447,0.041762,0.532431,0.003467,0.422915,0.414912,0
0.008761,5,0.978723,0.080911,0.550431,0.003467,0.422915,0.414912,0
0.008761,5,1.0,0.041762,0.540018,0.003467,0.422915,0.414912,0
0.008805,6,0.0,0.041762,0.527968,0.003467,0.422915,0.414912,0
0.008805,6,0.021277,0.080911,0.503273,0.003467,0.422915,0.414912,0
0.008805,6,0.042553,0.041642,0.467718,0.003467,0.422915,0.414912,0
0.008805,6,0.06383,0.041582,0.394377,0.003467,0.422915,0.414912,0
0.008805,6,0.085106,0.041582,0.332788,0.003467,0.422915,0.414912,0
0.008805,6,0.106383,0.041582,0.282059,0.003467,0.422915,0.414912,0
0.008805,6,0.12766,0.041582,0.234157,0.003467,0.422915,0.414912,0
0.008805,6,0.148936,0.041582,0.196221,0.003467,0.422915,0.414912,0
0.008805,6,0.170213,0.041582,0.164683,0.003467,0.422915,0.414912,0
0.008805,6,0.191489,0.041341,0.151889,0.003467,0.422915,0.414912,0
0.008805,6,0.212766,0.041582,0.154865,0.003467,0.422915,0.414912,0
0.008805,6,0.234043,0.041582,0.167361,0.003467,0.422915,0.414912,0
0.008805,6,0.255319,0.041882,0.194287,0.003467,0.422915,0.414912,0
0.008805,6,0.276596,0.041582,0.228206,0.003467,0.422915,0.414912,0
0.008805,6,0.297872,0.041882,0.271497,0.003467,0.422915,0.414912,0
0.008805,6,0.319149,0.041642,0.351086,0.003467,0.422915,0.414912,0
0.008805,6,0.340426,0.041642,0.430527,0.003467,0.422915,0.414912,0
0.008805,6,0.361702,0.041882,0.499107,0.003467,0.422915,0.414912,0
0.008805,6,0.382979,0.041912,0.548944,0.003467,0.422915,0.414912,0
0.008805,6,0.404255,0.041882,0.561291,0.003467,0.422915,0.414912,0
0.008805,6,0.425532,0.041762,0.540762,0.003467,0.422915,0.414912,0
0.008805,6,0.446809,0.041762,0.513686,0.003467,0.422915,0.414912,0
0.008805,6,0.468085,0.041642,0.496578,0.003467,0.422915,0.414912,0
0.008805,6,0.489362,0.041882,0.476198,0.003467,0.422915,0.414912,0
0.008805,6,0.510638,0.041732,0.460726,0.003467,0.422915,0.414912,0
0.008805,6,0.531915,0.041642,0.429337,0.003467,0.422915,0.414912,0
0.008805,6,0.553191,0.041582,0.399732,0.003467,0.422915,0.414912,0
0.008805,6,0.574468,0.041582,0.380244,0.003467,0.422915,0.414912,0
0.008805,6,0.595745,0.041582,0.358227,0.003467,0.422915,0.414912,0
0.008805,6,0.617021,0.041582,0.349301,0.003467,0.422915,0.414912,0
0.008805,6,0.638298,0.041582,0.345433,0.003467,0.422915,0.414912,0
0.008805,6,0.659574,0.041582,0.354359,0.003467,0.422915,0.414912,0
0.008805,6,0.680851,0.041582,0.374145,0.003467,0.422915,0.414912,0
0.008805,6,0.702128,0.041882,0.441089,0.003467,0.422915,0.414912,0
0.008805,6,0.723404,0.041942,0.526629,0.003467,0.422915,0.414912,0
0.008805,6,0.744681,0.041912,0.609789,0.003467,0.422915,0.414912,0
0.008805,6,0.765957,0.041912,0.62645,0.003467,0.422915,0.414912,0
0.008805,6,0.787234,0.041882,0.602946,0.003467,0.422915,0.414912,0
0.008805,6,0.808511,0.041882,0.558465,0.003467,0.422915,0.414912,0
0.008805,6,0.829787,0.041642,0.524398,0.003467,0.422915,0.414912,0
0.008805,6,0.851064,0.041642,0.504612,0.003467,0.422915,0.414912,0
0.008805,6,0.87234,0.041642,0.486314,0.003467,0.422915,0.414912,0
0.008805,6,0.893617,0.041582,0.457899,0.003467,0.422915,0.414912,0
0.008805,6,0.914894,0.041582,0.427551,0.003467,0.422915,0.414912,0
0.008805,6,0.93617,0.041882,0.452544,0.003467,0.422915,0.414912,0
0.008805,6,0.957447,0.041642,0.449866,0.003467,0.422915,0.414912,0
0.008805,6,0.978723,0.041642,0.455222,0.003467,0.422915,0.414912,0
0.008805,6,1.0,0.041642,0.423088,0.003467,0.422915,0.414912,0
0.008849,7,0.0,0.041582,0.396906,0.003467,0.422915,0.414912,0
0.008849,7,0.021277,0.041582,0.345879,0.003467,0.422915,0.414912,0
0.008849,7,0.042553,0.041582,0.321482,0.003467,0.422915,0.414912,0
0.008849,7,0.06383,0.041582,0.26748,0.003467,0.422915,0.414912,0
0.008849,7,0.085106,0.041582,0.218387,0.003467,0.422915,0.414912,0
0.008849,7,0.106383,0.041341,0.181494,0.003467,0.422915,0.414912,0
0.008849,7,0.12766,0.041191,0.151145,0.003467,0.422915,0.414912,0
0.008849,7,0.148936,0.041281,0.126004,0.003467,0.422915,0.414912,0
0.008849,7,0.170213,0.041191,0.110979,0.003467,0.422915,0.414912,0
0.008849,7,0.191489,0.041191,0.105921,0.003467,0.422915,0.414912,0
0.008849,7,0.212766,0.041191,0.11083,0.003467,0.422915,0.414912,0
0.008849,7,0.234043,0.041191,0.123475,0.003467,0.422915,0.414912,0
0.008849,7,0.255319,0.041582,0.145939,0.003467,0.422915,0.414912,0
0.008849,7,0.276596,0.041582,0.171973,0.003467,0.422915,0.414912,0
0.008849,7,0.297872,0.075898,0.198304,0.003467,0.422915,0.414912,1
0.008849,7,0.319149,0.078209,0.270604,0.003467,0.422915,0.414912,1
0.008849,7,0.340426,0.078209,0.343796,0.003467,0.422915,0.414912,1
0.008849,7,0.361702,0.041642,0.405683,0.003467,0.422915,0.414912,0
0.008849,7,0.382979,0.041882,0.465486,0.003467,0.422915,0.414912,0
0.008849,7,0.404255,0.041882,0.484826,0.003467,0.422915,0.414912,0
0.008849,7,0.425532,0.041642,0.475305,0.003467,0.422915,0.414912,0
0.008849,7,0.446809,0.041642,0.454032,0.003467,0.422915,0.414912,0
0.008849,7,0.468085,0.041642,0.42889,0.003467,0.422915,0.414912,0
0.008849,7,0.489362,0.041582,0.40241,0.003467,0.422915,0.414912,0
0.008849,7,0.510638,0.041582,0.377566,0.003467,0.422915,0.414912,0
0.008849,7,0.531915,0.041582,0.353317,0.003467,0.422915,0.414912,0
0.008849,7,0.553191,0.041582,0.32773,0.003467,0.422915,0.414912,0
0.008849,7,0.574468,0.041582,0.306754,0.003467,0.422915,0.414912,0
0.008849,7,0.595745,0.041582,0.283249,0.003467,0.422915,0.414912,0
0.008849,7,0.617021,0.041582,0.283249,0.003467,0.422915,0.414912,0
0.008849,7,0.638298,0.041582,0.288753,0.003467,0.422915,0.414912,0
0.008849,7,0.659574,0.041582,0.304671,0.003467,0.422915,0.414912,0
0.008849,7,0.680851,0.041582,0.335466,0.003467,0.422915,0.414912,0
0.008849,7,0.702128,0.041882,0.4036,0.003467,0.422915,0.414912,0
0.008849,7,0.723404,0.041942,0.510562,0.003467,0.422915,0.414912,0
0.008849,7,0.744681,0.10565,0.605028,0.003467,0.422915,0.414912,1
0.008849,7,0.765957,0.041912,0.641476,0.003467,0.422915,0.414912,0
0.008849,7,0.787234,0.041882,0.627194,0.003467,0.422915,0.414912,0
0.008849,7,0.808511,0.041882,0.610681,0.003467,0.422915,0.414912,0
0.008849,7,0.829787,0.041882,0.588069,0.003467,0.422915,0.414912,0
0.008849,7,0.851064,0.041882,0.566349,0.003467,0.422915,0.414912,0
0.008849,7,0.87234,0.041882,0.545373,0.003467,0.422915,0.414912,0
0.008849,7,0.893617,0.041642,0.501041,0.003467,0.422915,0.414912,0
0.008849,7,0.914894,0.041642,0.44823,0.003467,0.422915,0.414912,0
0.008849,7,0.93617,0.041882,0.471437,0.003467,0.422915,0.414912,0
0.008849,7,0.957447,0.041642,0.44942,0.003467,0.422915,0.414912,0
0.008849,7,0.978723,0.041642,0.445552,0.003467,0.422915,0.414912,0
0.008849,7,1.0,0.041582,0.409402,0.003467,0.422915,0.414912,0
0.008893,1,0.0,0.041582,0.390211,0.003467,0.422915,0.414912,0
0.008893,1,0.021277,0.041582,0.346921,0.003467,0.422915,0.414912,0
0.008893,1,0.042553,0.041582,0.325945,0.003467,0.422915,0.414912,0
0.008893,1,0.06383,0.041492,0.288605,0.003467,0.422915,0.414912,0
0.008893,1,0.085106,0.041492,0.255727,0.003467,0.422915,0.414912,0
0.008893,1,0.106383,0.041341,0.227313,0.003467,0.422915,0.414912,0
0.008893,1,0.12766,0.041341,0.19994,0.003467,0.422915,0.414912,0
0.008893,1,0.148936,0.041341,0.175097,0.003467,0.422915,0.414912,0
0.008893,1,0.170213,0.041582,0.168105,0.003467,0.422915,0.414912,0
0.008893,1,0.191489,0.041732,0.179262,0.003467,0.422915,0.414912,0
0.008893,1,0.212766,0.041732,0.20961,0.003467,0.422915,0.414912,0
0.008893,1,0.234043,0.041732,0.260042,0.003467,0.422915,0.414912,0
0.008893,1,0.255319,0.041882,0.36626,0.003467,0.422915,0.414912,0
0.008893,1,0.276596,0.041732,0.467718,0.003467,0.422915,0.414912,0
0.008893,1,0.297872,0.041732,0.489735,0.003467,0.422915,0.414912,0
0.008893,1,0.319149,0.075117,0.582862,0.003467,0.422915,0.414912,1
0.008893,1,0.340426,0.090579,0.63612,0.003467,0.422915,0.414912,1
0.008893,1,0.361702,0.041882,0.65784,0.003467,0.422915,0.414912,0
0.008893,1,0.382979,0.041882,0.69756,0.003467,0.422915,0.414912,0
0.008893,1,0.404255,0.041882,0.71199,0.003467,0.422915,0.414912,0
0.008893,1,0.425532,0.075117,0.693841,0.003467,0.422915,0.414912,1
0.008893,1,0.446809,0.041882,0.665427,0.003467,0.422915,0.414912,0
0.008893,1,0.468085,0.041882,0.643261,0.003467,0.422915,0.414912,0
0.008893,1,0.489362,0.10565,0.629128,0.003467,0.422915,0.414912,1
0.008893,1,0.510638,0.090579,0.613508,0.003467,0.422915,0.414912,1
0.008893,1,0.531915,0.10565,0.600565,0.003467,0.422915,0.414912,1
0.008893,1,0.553191,0.090579,0.589557,0.003467,0.422915,0.414912,1
0.008893,1,0.574468,0.120151,0.582862,0.003467,0.422915,0.414912,1
0.008893,1,0.595745,0.10565,0.561738,0.003467,0.422915,0.414912,1
0.008893,1,0.617021,0.120151,0.554002,0.003467,0.422915,0.414912,1
0.008893,1,0.638298,0.120151,0.546712,0.003467,0.422915,0.414912,1
0.008893,1,0.659574,0.125796,0.567837,0.003467,0.422915,0.414912,1
0.008893,1,0.680851,0.129398,0.601904,0.003467,0.422915,0.414912,1
0.008893,1,0.702128,0.148913,0.66632,0.003467,0.422915,0.414912,1
0.008893,1,0.723404,0.134682,0.754686,0.003467,0.422915,0.414912,1
0.008893,1,0.744681,0.132521,0.839036,0.003467,0.422915,0.414912,1
0.008893,1,0.765957,0.120151,0.836209,0.003467,0.422915,0.414912,1
0.008893,1,0.787234,0.090579,0.808837,0.003467,0.422915,0.414912,1
0.008893,1,0.808511,0.090579,0.767926,0.003467,0.422915,0.414912,1
0.008893,1,0.829787,0.075117,0.738619,0.003467,0.422915,0.414912,1
0.008893,1,0.851064,0.120151,0.707081,0.003467,0.422915,0.414912,1
0.008893,1,0.87234,0.075117,0.67956,0.003467,0.422915,0.414912,1
0.008893,1,0.893617,0.090579,0.633442,0.003467,0.422915,0.414912,1
0.008893,1,0.914894,0.041882,0.572151,0.003467,0.422915,0.414912,0
0.008893,1,0.93617,0.120151,0.610235,0.003467,0.422915,0.414912,1
0.008893,1,0.957447,0.099616,0.608599,0.003467,0.422915,0.414912,1
0.008893,1,0.978723,0.120151,0.592681,0.003467,0.422915,0.414912,1
0.008893,1,1.0,0.099616,0.570812,0.003467,0.422915,0.414912,1
0.008938,2,0.0,0.091089,0.562333,0.003467,0.422915,0.414912,1
0.008938,2,0.021277,0.099616,0.536447,0.003467,0.422915,0.414912,1
0.008938,2,0.042553,0.080911,0.506843,0.003467,0.422915,0.414912,1
0.008938,2,0.06383,0.041732,0.445552,0.003467,0.422915,0.414912,0
0.008938,2,0.085106,0.077609,0.387385,0.003467,0.422915,0.414912,0
0.008938,2,0.106383,0.075958,0.335912,0.003467,0.422915,0.414912,0
0.008938,2,0.12766,0.075958,0.292026,0.003467,0.422915,0.414912,0
0.008938,2,0.148936,0.074817,0.256174,0.003467,0.422915,0.414912,0
0.008938,2,0.170213,0.075958,0.239958,0.003467,0.422915,0.414912,0
0.008938,2,0.191489,0.075958,0.23252,0.003467,0.422915,0.414912,0
0.008938,2,0.212766,0.077909,0.258852,0.003467,0.422915,0.414912,0
0.008938,2,0.234043,0.07869,0.309283,0.003467,0.422915,0.414912,0
0.008938,2,0.255319,0.090369,0.407617,0.003467,0.422915,0.414912,1
0.008938,2,0.276596,0.043833,0.508033,0.003467,0.422915,0.414912,0
0.008938,2,0.297872,0.070313,0.53853,0.003467,0.422915,0.414912,0
0.008938,2,0.319149,0.090369,0.626599,0.003467,0.422915,0.414912,1
0.008938,2,0.340426,0.074967,0.681642,0.003467,0.422915,0.414912,0
0.008938,2,0.361702,0.073616,0.703213,0.003467,0.422915,0.414912,0
0.008938,2,0.382979,0.090369,0.729842,0.003467,0.422915,0.414912,1
0.008938,2,0.404255,0.073616,0.727165,0.003467,0.422915,0.414912,0
0.008938,2,0.425532,0.073616,0.685808,0.003467,0.422915,0.414912,0
0.008938,2,0.446809,0.044404,0.656501,0.003467,0.422915,0.414912,0
0.008938,2,0.468085,0.044134,0.632699,0.003467,0.422915,0.414912,0
0.008938,2,0.489362,0.07914,0.60726,0.003467,0.422915,0.414912,0
0.008938,2,0.510638,0.073616,0.58792,0.003467,0.422915,0.414912,0
0.008938,2,0.531915,0.070313,0.570961,0.003467,0.422915,0.414912,0
0.008938,2,0.553191,0.082743,0.557423,0.003467,0.422915,0.414912,0
0.008938,2,0.574468,0.074967,0.539423,0.003467,0.422915,0.414912,0
0.008938,2,0.595745,0.090369,0.523802,0.003467,0.422915,0.414912,1
0.008938,2,0.617021,0.074967,0.51443,0.003467,0.422915,0.414912,0
0.008938,2,0.638298,0.090369,0.511009,0.003467,0.422915,0.414912,1
0.008938,2,0.659574,0.090369,0.529307,0.003467,0.422915,0.414912,1
0.008938,2,0.680851,0.090369,0.549688,0.003467,0.422915,0.414912,1
0.008938,2,0.702128,0.149544,0.614103,0.003467,0.422915,0.414912,1
0.008938,2,0.723404,0.134682,0.727611,0.003467,0.422915,0.414912,1
0.008938,2,0.744681,0.179236,0.82892,0.003467,0.422915,0.414912,1
0.008938,2,0.765957,0.090369,0.840672,0.003467,0.422915,0.414912,1
0.008938,2,0.787234,0.090369,0.818953,0.003467,0.422915,0.414912,1
0.008938,2,0.808511,0.074487,0.776406,0.003467,0.422915,0.414912,0
0.008938,2,0.829787,0.074967,0.749182,0.003467,0.422915,0.414912,0
0.008938,2,0.851064,0.134682,0.726867,0.003467,0.422915,0.414912,1
0.008938,2,0.87234,0.134682,0.694882,0.003467,0.422915,0.414912,1
0.008938,2,0.893617,0.090369,0.636269,0.003467,0.422915,0.414912,1
0.008938,2,0.914894,0.074967,0.577358,0.003467,0.422915,0.414912,0
0.008938,2,0.93617,0.134682,0.599078,0.003467,0.422915,0.414912,1
0.008938,2,0.957447,0.125796,0.582862,0.003467,0.422915,0.414912,1
0.008938,2,0.978723,0.125796,0.581821,0.003467,0.422915,0.414912,1
0.008938,2,1.0,0.125796,0.57111,0.003467,0.422915,0.414912,1
0.008982,3,0.0,0.125796,0.563225,0.003467,0.422915,0.414912,1
0.008982,3,0.021277,0.125796,0.54582,0.003467,0.422915,0.414912,1
0.008982,3,0.042553,0.091089,0.52172,0.003467,0.422915,0.414912,1
0.008982,3,0.06383,0.090369,0.452098,0.003467,0.422915,0.414912,1
0.008982,3,0.085106,0.084064,0.400327,0.003467,0.422915,0.414912,0
0.008982,3,0.106383,0.080911,0.348855,0.003467,0.422915,0.414912,0
0.008982,3,0.12766,0.078209,0.307349,0.003467,0.422915,0.414912,0
0.008982,3,0.148936,0.077909,0.270158,0.003467,0.422915,0.414912,0
0.008982,3,0.170213,0.075958,0.246504,0.003467,0.422915,0.414912,0
0.008982,3,0.191489,0.078209,0.235793,0.003467,0.422915,0.414912,0
0.008982,3,0.212766,0.07869,0.257661,0.003467,0.422915,0.414912,0
0.008982,3,0.234043,0.080911,0.310027,0.003467,0.422915,0.414912,0
0.008982,3,0.255319,0.090219,0.407468,0.003467,0.422915,0.414912,0
0.008982,3,0.276596,0.125796,0.50357,0.003467,0.422915,0.414912,1
0.008982,3,0.297872,0.067251,0.526183,0.003467,0.422915,0.414912,0
0.008982,3,0.319149,0.090219,0.6205,0.003467,0.422915,0.414912,0
0.008982,3,0.340426,0.125796,0.678965,0.003467,0.422915,0.414912,1
0.008982,3,0.361702,0.090219,0.695329,0.003467,0.422915,0.414912,0
0.008982,3,0.382979,0.134682,0.727462,0.003467,0.422915,0.414912,1
0.008982,3,0.404255,0.090219,0.722553,0.003467,0.422915,0.414912,0
0.008982,3,0.425532,0.090219,0.697858,0.003467,0.422915,0.414912,0
0.008982,3,0.446809,0.125796,0.6687,0.003467,0.422915,0.414912,1
0.008982,3,0.468085,0.125796,0.644154,0.003467,0.422915,0.414912,1
0.008982,3,0.489362,0.090219,0.62407,0.003467,0.422915,0.414912,0
0.008982,3,0.510638,0.090219,0.613359,0.003467,0.422915,0.414912,0
0.008982,3,0.531915,0.125796,0.595954,0.003467,0.422915,0.414912,1
0.008982,3,0.553191,0.090219,0.590152,0.003467,0.422915,0.414912,0
0.008982,3,0.574468,0.090219,0.582267,0.003467,0.422915,0.414912,0
0.008982,3,0.595745,0.125796,0.559804,0.003467,0.422915,0.414912,1
0.008982,3,0.617021,0.090219,0.558614,0.003467,0.422915,0.414912,0
0.008982,3,0.638298,0.125796,0.568581,0.003467,0.422915,0.414912,1
0.008982,3,0.659574,0.125796,0.585689,0.003467,0.422915,0.414912,1
0.008982,3,0.680851,0.134682,0.612318,0.003467,0.422915,0.414912,1
0.008982,3,0.702128,0.179236,0.677626,0.003467,0.422915,0.414912,1
0.008982,3,0.723404,0.179236,0.77105,0.003467,0.422915,0.414912,1
0.008982,3,0.744681,0.179236,0.842755,0.003467,0.422915,0.414912,1
0.008982,3,0.765957,0.179236,0.84335,0.003467,0.422915,0.414912,1
0.008982,3,0.787234,0.090219,0.817316,0.003467,0.422915,0.414912,0
0.008982,3,0.808511,0.125796,0.778935,0.003467,0.422915,0.414912,1
0.008982,3,0.829787,0.090219,0.747843,0.003467,0.422915,0.414912,0
0.008982,3,0.851064,0.134682,0.717941,0.003467,0.422915,0.414912,1
0.008982,3,0.87234,0.125796,0.69161,0.003467,0.422915,0.414912,1
0.008982,3,0.893617,0.090219,0.631806,0.003467,0.422915,0.414912,0
0.008982,3,0.914894,0.068542,0.56873,0.003467,0.422915,0.414912,0
0.008982,3,0.93617,0.109613,0.59521,0.003467,0.422915,0.414912,0
0.008982,3,0.957447,0.090219,0.579887,0.003467,0.422915,0.414912,0
0.008982,3,0.978723,0.090939,0.582267,0.003467,0.422915,0.414912,0
0.008982,3,1.0,0.090939,0.56992,0.003467,0.422915,0.414912,0
0.009026,4,0.0,0.090219,0.564118,0.003467,0.422915,0.414912,0
0.009026,4,0.021277,0.090939,0.544183,0.003467,0.422915,0.414912,0
0.009026,4,0.042553,0.090219,0.519935,0.003467,0.422915,0.414912,0
0.009026,4,0.06383,0.090219,0.458048,0.003467,0.422915,0.414912,0
0.009026,4,0.085106,0.084064,0.402261,0.003467,0.422915,0.414912,0
0.009026,4,0.106383,0.07869,0.354508,0.003467,0.422915,0.414912,0
0.009026,4,0.12766,0.041341,0.305118,0.003467,0.422915,0.414912,0
0.009026,4,0.148936,0.074457,0.27105,0.003467,0.422915,0.414912,0
0.009026,4,0.170213,0.071694,0.242487,0.003467,0.422915,0.414912,0
0.009026,4,0.191489,0.071694,0.236537,0.003467,0.422915,0.414912,0
0.009026,4,0.212766,0.071694,0.254537,0.003467,0.422915,0.414912,0
0.009026,4,0.234043,0.077609,0.307647,0.003467,0.422915,0.414912,0
0.009026,4,0.255319,0.090159,0.406873,0.003467,0.422915,0.414912,0
0.009026,4,0.276596,0.090159,0.508182,0.003467,0.422915,0.414912,0
0.009026,4,0.297872,0.045304,0.539274,0.003467,0.422915,0.414912,0
0.009026,4,0.319149,0.090159,0.628236,0.003467,0.422915,0.414912,0
0.009026,4,0.340426,0.090159,0.679708,0.003467,0.422915,0.414912,0
0.009026,4,0.361702,0.045635,0.695775,0.003467,0.422915,0.414912,0
0.009026,4,0.382979,0.090159,0.731479,0.003467,0.422915,0.414912,0
0.009026,4,0.404255,0.090159,0.732223,0.003467,0.422915,0.414912,0
0.009026,4,0.425532,0.058514,0.707081,0.003467,0.422915,0.414912,0
0.009026,4,0.446809,0.090159,0.668849,0.003467,0.422915,0.414912,0
0.009026,4,0.468085,0.045304,0.636418,0.003467,0.422915,0.414912,0
0.009026,4,0.489362,0.045304,0.61202,0.003467,0.422915,0.414912,0
0.009026,4,0.510638,0.045304,0.594317,0.003467,0.422915,0.414912,0
0.009026,4,0.531915,0.045304,0.578102,0.003467,0.422915,0.414912,0
0.009026,4,0.553191,0.043833,0.570812,0.003467,0.422915,0.414912,0
0.009026,4,0.574468,0.043833,0.559655,0.003467,0.422915,0.414912,0
0.009026,4,0.595745,0.043833,0.553704,0.003467,0.422915,0.414912,0
0.009026,4,0.617021,0.045304,0.54463,0.003467,0.422915,0.414912,0
0.009026,4,0.638298,0.043833,0.550134,0.003467,0.422915,0.414912,0
0.009026,4,0.659574,0.045304,0.567539,0.003467,0.422915,0.414912,0
0.009026,4,0.680851,0.090159,0.586879,0.003467,0.422915,0.414912,1
0.009026,4,0.702128,0.097244,0.637905,0.003467,0.422915,0.414912,1
0.009026,4,0.723404,0.090159,0.719726,0.003467,0.422915,0.414912,1
0.009026,4,0.744681,0.045304,0.806308,0.003467,0.422915,0.414912,0
0.009026,4,0.765957,0.045635,0.81568,0.003467,0.422915,0.414912,0
0.009026,4,0.787234,0.045304,0.799316,0.003467,0.422915,0.414912,0
0.009026,4,0.808511,0.044134,0.763166,0.003467,0.422915,0.414912,0
0.009026,4,0.829787,0.043833,0.733413,0.003467,0.422915,0.414912,0
0.009026,4,0.851064,0.090159,0.728206,0.003467,0.422915,0.414912,1
0.009026,4,0.87234,0.045304,0.704552,0.003467,0.422915,0.414912,0
0.009026,4,0.893617,0.044134,0.649955,0.003467,0.422915,0.414912,0
0.009026,4,0.914894,0.042032,0.58911,0.003467,0.422915,0.414912,0
0.009026,4,0.93617,0.090159,0.619458,0.003467,0.422915,0.414912,1
0.009026,4,0.957447,0.090159,0.613359,0.003467,0.422915,0.414912,1
0.009026,4,0.978723,0.090159,0.609194,0.003467,0.422915,0.414912,1
0.009026,4,1.0,0.090159,0.593276,0.003467,0.422915,0.414912,1
0.00907,5,0.0,0.045304,0.58078,0.003467,0.422915,0.414912,0
0.00907,5,0.021277,0.071694,0.555043,0.003467,0.422915,0.414912,1
0.00907,5,0.042553,0.045304,0.522464,0.003467,0.422915,0.414912,0
0.00907,5,0.06383,0.045304,0.464891,0.003467,0.422915,0.414912,0
0.00907,5,0.085106,0.045304,0.403898,0.003467,0.422915,0.414912,0
0.00907,5,0.106383,0.045304,0.35778,0.003467,0.422915,0.414912,0
0.00907,5,0.12766,0.045304,0.309134,0.003467,0.422915,0.414912,0
0.00907,5,0.148936,0.045304,0.267629,0.003467,0.422915,0.414912,0
0.00907,5,0.170213,0.049868,0.245611,0.003467,0.422915,0.414912,0
0.00907,5,0.191489,0.044554,0.241744,0.003467,0.422915,0.414912,0
0.00907,5,0.212766,0.049868,0.263612,0.003467,0.422915,0.414912,0
0.00907,5,0.234043,0.044554,0.311366,0.003467,0.422915,0.414912,0
0.00907,5,0.255319,0.056263,0.41208,0.003467,0.422915,0.414912,0
0.00907,5,0.276596,0.081632,0.50848,0.003467,0.422915,0.414912,1
0.00907,5,0.297872,0.041582,0.539423,0.003467,0.422915,0.414912,0
0.00907,5,0.319149,0.049868,0.637013,0.003467,0.422915,0.414912,0
0.00907,5,0.340426,0.049868,0.69756,0.003467,0.422915,0.414912,0
0.00907,5,0.361702,0.045635,0.720173,0.003467,0.422915,0.414912,0
0.00907,5,0.382979,0.104179,0.75543,0.003467,0.422915,0.414912,1
0.00907,5,0.404255,0.090098,0.760042,0.003467,0.422915,0.414912,1
0.00907,5,0.425532,0.090098,0.730437,0.003467,0.422915,0.414912,1
0.00907,5,0.446809,0.090098,0.692949,0.003467,0.422915,0.414912,1
0.00907,5,0.468085,0.081632,0.658584,0.003467,0.422915,0.414912,1
0.00907,5,0.489362,0.081632,0.627194,0.003467,0.422915,0.414912,1
0.00907,5,0.510638,0.081632,0.6205,0.003467,0.422915,0.414912,1
0.00907,5,0.531915,0.049868,0.59997,0.003467,0.422915,0.414912,0
0.00907,5,0.553191,0.044554,0.582118,0.003467,0.422915,0.414912,0
0.00907,5,0.574468,0.044554,0.565605,0.003467,0.422915,0.414912,0
0.00907,5,0.595745,0.044554,0.551919,0.003467,0.422915,0.414912,0
0.00907,5,0.617021,0.041882,0.538976,0.003467,0.422915,0.414912,0
0.00907,5,0.638298,0.044554,0.533918,0.003467,0.422915,0.414912,0
0.00907,5,0.659574,0.049868,0.556084,0.003467,0.422915,0.414912,0
0.00907,5,0.680851,0.081632,0.588069,0.003467,0.422915,0.414912,1
0.00907,5,0.702128,0.090098,0.645939,0.003467,0.422915,0.414912,1
0.00907,5,0.723404,0.090098,0.73133,0.003467,0.422915,0.414912,1
0.00907,5,0.744681,0.090098,0.797084,0.003467,0.422915,0.414912,1
0.00907,5,0.765957,0.081632,0.799464,0.003467,0.422915,0.414912,1
0.00907,5,0.787234,0.049868,0.77596,0.003467,0.422915,0.414912,0
0.00907,5,0.808511,0.044554,0.743529,0.003467,0.422915,0.414912,0
0.00907,5,0.829787,0.044554,0.713478,0.003467,0.422915,0.414912,0
0.00907,5,0.851064,0.090098,0.693395,0.003467,0.422915,0.414912,1
0.00907,5,0.87234,0.044554,0.660666,0.003467,0.422915,0.414912,0
0.00907,5,0.893617,0.043833,0.615888,0.003467,0.422915,0.414912,0
0.00907,5,0.914894,0.041642,0.559655,0.003467,0.422915,0.414912,0
0.00907,5,0.93617,0.090098,0.594763,0.003467,0.422915,0.414912,1
0.00907,5,0.957447,0.081632,0.598036,0.003467,0.422915,0.414912,1
0.00907,5,0.978723,0.081632,0.598929,0.003467,0.422915,0.414912,1
0.00907,5,1.0,0.044554,0.578697,0.003467,0.422915,0.414912,0
0.009115,6,0.0,0.044554,0.569027,0.003467,0.422915,0.414912,0
0.009115,6,0.021277,0.044554,0.536894,0.003467,0.422915,0.414912,0
0.009115,6,0.042553,0.043833,0.511009,0.003467,0.422915,0.414912,0
0.009115,6,0.06383,0.043833,0.451205,0.003467,0.422915,0.414912,0
0.009115,6,0.085106,0.044554,0.389021,0.003467,0.422915,0.414912,0
0.009115,6,0.106383,0.044554,0.338143,0.003467,0.422915,0.414912,0
0.009115,6,0.12766,0.044554,0.299018,0.003467,0.422915,0.414912,0
0.009115,6,0.148936,0.044554,0.258554,0.003467,0.422915,0.414912,0
0.009115,6,0.170213,0.056233,0.231479,0.003467,0.422915,0.414912,0
0.009115,6,0.191489,0.061517,0.20604,0.003467,0.422915,0.414912,1
0.009115,6,0.212766,0.061517,0.208866,0.003467,0.422915,0.414912,1
0.009115,6,0.234043,0.061517,0.218239,0.003467,0.422915,0.414912,1
0.009115,6,0.255319,0.061577,0.253198,0.003467,0.422915,0.414912,1
0.009115,6,0.276596,0.061577,0.29396,0.003467,0.422915,0.414912,0
0.009115,6,0.297872,0.080431,0.347962,0.003467,0.422915,0.414912,1
0.009115,6,0.319149,0.082263,0.448378,0.003467,0.422915,0.414912,1
0.009115,6,0.340426,0.09247,0.543588,0.003467,0.422915,0.414912,1
0.009115,6,0.361702,0.092921,0.605475,0.003467,0.422915,0.414912,1
0.009115,6,0.382979,0.092921,0.654418,0.003467,0.422915,0.414912,1
0.009115,6,0.404255,0.092921,0.656799,0.003467,0.422915,0.414912,1
0.009115,6,0.425532,0.090008,0.628831,0.003467,0.422915,0.414912,1
0.009115,6,0.446809,0.082263,0.59759,0.003467,0.422915,0.414912,1
0.009115,6,0.468085,0.067611,0.568134,0.003467,0.422915,0.414912,1
0.009115,6,0.489362,0.082263,0.532728,0.003467,0.422915,0.414912,1
0.009115,6,0.510638,0.067611,0.511306,0.003467,0.422915,0.414912,1
0.009115,6,0.531915,0.061577,0.488248,0.003467,0.422915,0.414912,0
0.009115,6,0.553191,0.067611,0.470247,0.003467,0.422915,0.414912,1
0.009115,6,0.574468,0.067611,0.463255,0.003467,0.422915,0.414912,1
0.009115,6,0.595745,0.082052,0.464148,0.003467,0.422915,0.414912,1
0.009115,6,0.617021,0.082052,0.458494,0.003467,0.422915,0.414912,1
0.009115,6,0.638298,0.082263,0.465338,0.003467,0.422915,0.414912,1
0.009115,6,0.659574,0.082323,0.488991,0.003467,0.422915,0.414912,1
0.009115,6,0.680851,0.087036,0.541654,0.003467,0.422915,0.414912,1
0.009115,6,0.702128,0.103579,0.609194,0.003467,0.422915,0.414912,1
0.009115,6,0.723404,0.149664,0.676584,0.003467,0.422915,0.414912,1
0.009115,6,0.744681,0.151765,0.75305,0.003467,0.422915,0.414912,1
0.009115,6,0.765957,0.149664,0.766736,0.003467,0.422915,0.414912,1
0.009115,6,0.787234,0.10475,0.739363,0.003467,0.422915,0.414912,1
0.009115,6,0.808511,0.100667,0.699643,0.003467,0.422915,0.414912,1
0.009115,6,0.829787,0.09247,0.655906,0.003467,0.422915,0.414912,1
0.009115,6,0.851064,0.09247,0.622731,0.003467,0.422915,0.414912,1
0.009115,6,0.87234,0.082263,0.592234,0.003467,0.422915,0.414912,1
0.009115,6,0.893617,0.082263,0.548646,0.003467,0.422915,0.414912,1
0.009115,6,0.914894,0.067611,0.503422,0.003467,0.422915,0.414912,0
0.009115,6,0.93617,0.082263,0.523505,0.003467,0.422915,0.414912,1
0.009115,6,0.957447,0.067611,0.506248,0.003467,0.422915,0.414912,0
0.009115,6,0.978723,0.067611,0.505504,0.003467,0.422915,0.414912,0
0.009115,6,1.0,0.041642,0.469801,0.003467,0.422915,0.414912,0
0.009159,7,0.0,0.041642,0.441982,0.003467,0.422915,0.414912,0
0.009159,7,0.021277,0.061577,0.387682,0.003467,0.422915,0.414912,0
0.009159,7,0.042553,0.061517,0.360161,0.003467,0.422915,0.414912,0
0.009159,7,0.06383,0.041492,0.307051,0.003467,0.422915,0.414912,0
0.009159,7,0.085106,0.041431,0.262422,0.003467,0.422915,0.414912,0
0.009159,7,0.106383,0.061517,0.233413,0.003467,0.422915,0.414912,0
0.009159,7,0.12766,0.061517,0.202618,0.003467,0.422915,0.414912,0
0.009159,7,0.148936,0.041431,0.173758,0.003467,0.422915,0.414912,0
0.009159,7,0.170213,0.055632,0.152336,0.003467,0.422915,0.414912,0
0.009159,7,0.191489,0.041431,0.141625,0.003467,0.422915,0.414912,0
0.009159,7,0.212766,0.041431,0.148616,0.003467,0.422915,0.414912,0
0.009159,7,0.234043,0.059175,0.157542,0.003467,0.422915,0.414912,0
0.009159,7,0.255319,0.059175,0.185808,0.003467,0.422915,0.414912,0
0.009159,7,0.276596,0.059175,0.213181,0.003467,0.422915,0.414912,0
0.009159,7,0.297872,0.073976,0.246802,0.003467,0.422915,0.414912,0
0.009159,7,0.319149,0.082263,0.326391,0.003467,0.422915,0.414912,1
0.009159,7,0.340426,0.086496,0.414014,0.003467,0.422915,0.414912,1
0.009159,7,0.361702,0.087366,0.485421,0.003467,0.422915,0.414912,1
0.009159,7,0.382979,0.088838,0.543886,0.003467,0.422915,0.414912,1
0.009159,7,0.404255,0.090008,0.571407,0.003467,0.422915,0.414912,1
0.009159,7,0.425532,0.067581,0.568134,0.003467,0.422915,0.414912,0
0.009159,7,0.446809,0.067581,0.545076,0.003467,0.422915,0.414912,0
0.009159,7,0.468085,0.067581,0.528563,0.003467,0.422915,0.414912,0
0.009159,7,0.489362,0.082263,0.489438,0.003467,0.422915,0.414912,1
0.009159,7,0.510638,0.059175,0.472627,0.003467,0.422915,0.414912,0
0.009159,7,0.531915,0.059175,0.447932,0.003467,0.422915,0.414912,0
0.009159,7,0.553191,0.067581,0.424725,0.003467,0.422915,0.414912,0
0.009159,7,0.574468,0.067581,0.398393,0.003467,0.422915,0.414912,0
0.009159,7,0.595745,0.078209,0.379946,0.003467,0.422915,0.414912,1
0.009159,7,0.617021,0.078209,0.378012,0.003467,0.422915,0.414912,1
0.009159,7,0.638298,0.082052,0.382922,0.003467,0.422915,0.414912,1
0.009159,7,0.659574,0.082263,0.394972,0.003467,0.422915,0.414912,1
0.009159,7,0.680851,0.093281,0.43127,0.003467,0.422915,0.414912,1
0.009159,7,0.702128,0.10475,0.496727,0.003467,0.422915,0.414912,1
0.009159,7,0.723404,0.162514,0.597739,0.003467,0.422915,0.414912,1
0.009159,7,0.744681,0.179596,0.702618,0.003467,0.422915,0.414912,1
0.009159,7,0.765957,0.179596,0.734752,0.003467,0.422915,0.414912,1
0.009159,7,0.787234,0.179236,0.725231,0.003467,0.422915,0.414912,1
0.009159,7,0.808511,0.119761,0.697411,0.003467,0.422915,0.414912,1
0.009159,7,0.829787,0.10475,0.677626,0.003467,0.422915,0.414912,1
0.009159,7,0.851064,0.103579,0.654121,0.003467,0.422915,0.414912,1
0.009159,7,0.87234,0.09247,0.627046,0.003467,0.422915,0.414912,1
0.009159,7,0.893617,0.090008,0.570961,0.003467,0.422915,0.414912,1
0.009159,7,0.914894,0.088838,0.516513,0.003467,0.422915,0.414912,1
0.009159,7,0.93617,0.088838,0.52291,0.003467,0.422915,0.414912,1
0.009159,7,0.957447,0.087366,0.486314,0.003467,0.422915,0.414912,1
0.009159,7,0.978723,0.087366,0.470544,0.003467,0.422915,0.414912,1
0.009159,7,1.0,0.067581,0.442428,0.003467,0.422915,0.414912,0
0.009203,1,0.0,0.059175,0.422047,0.003467,0.422915,0.414912,0
0.009203,1,0.021277,0.055632,0.386195,0.003467,0.422915,0.414912,0
0.009203,1,0.042553,0.041492,0.367896,0.003467,0.422915,0.414912,0
0.009203,1,0.06383,0.041492,0.325498,0.003467,0.422915,0.414912,0
0.009203,1,0.085106,0.041492,0.293663,0.003467,0.422915,0.414912,0
0.009203,1,0.106383,0.055632,0.271497,0.003467,0.422915,0.414912,0
0.009203,1,0.12766,0.058544,0.237429,0.003467,0.422915,0.414912,0
0.009203,1,0.148936,0.059175,0.21199,0.003467,0.422915,0.414912,0
0.009203,1,0.170213,0.057794,0.206189,0.003467,0.422915,0.414912,0
0.009203,1,0.191489,0.057794,0.209759,0.003467,0.422915,0.414912,0
0.009203,1,0.212766,0.074457,0.241148,0.003467,0.422915,0.414912,0
0.009203,1,0.234043,0.07869,0.293068,0.003467,0.422915,0.414912,0
0.009203,1,0.255319,0.082082,0.416989,0.003467,0.422915,0.414912,0
0.009203,1,0.276596,0.103339,0.538679,0.003467,0.422915,0.414912,1
0.009203,1,0.297872,0.043203,0.589854,0.003467,0.422915,0.414912,0
0.009203,1,0.319149,0.081632,0.686849,0.003467,0.422915,0.414912,0
0.009203,1,0.340426,0.043203,0.716305,0.003467,0.422915,0.414912,0
0.009203,1,0.361702,0.043203,0.714073,0.003467,0.422915,0.414912,0
0.009203,1,0.382979,0.045635,0.741892,0.003467,0.422915,0.414912,0
0.009203,1,0.404255,0.045635,0.755132,0.003467,0.422915,0.414912,0
0.009203,1,0.425532,0.043203,0.735793,0.003467,0.422915,0.414912,0
0.009203,1,0.446809,0.041642,0.68432,0.003467,0.422915,0.414912,0
0.009203,1,0.468085,0.042272,0.668551,0.003467,0.422915,0.414912,0
0.009203,1,0.489362,0.043203,0.652633,0.003467,0.422915,0.414912,0
0.009203,1,0.510638,0.043203,0.642666,0.003467,0.422915,0.414912,0
0.009203,1,0.531915,0.042783,0.634186,0.003467,0.422915,0.414912,0
0.009203,1,0.553191,0.041642,0.632104,0.003467,0.422915,0.414912,0
0.009203,1,0.574468,0.081632,0.627046,0.003467,0.422915,0.414912,1
0.009203,1,0.595745,0.081632,0.606367,0.003467,0.422915,0.414912,1
0.009203,1,0.617021,0.081632,0.589705,0.003467,0.422915,0.414912,1
0.009203,1,0.638298,0.097184,0.579738,0.003467,0.422915,0.414912,1
0.009203,1,0.659574,0.103339,0.589259,0.003467,0.422915,0.414912,1
0.009203,1,0.680851,0.103339,0.614103,0.003467,0.422915,0.414912,1
0.009203,1,0.702128,0.103339,0.673163,0.003467,0.422915,0.414912,1
0.009203,1,0.723404,0.103339,0.777596,0.003467,0.422915,0.414912,1
0.009203,1,0.744681,0.103339,0.884707,0.003467,0.422915,0.414912,1
0.009203,1,0.765957,0.103339,0.898096,0.003467,0.422915,0.414912,1
0.009203,1,0.787234,0.103339,0.876079,0.003467,0.422915,0.414912,1
0.009203,1,0.808511,0.103339,0.842755,0.003467,0.422915,0.414912,1
0.009203,1,0.829787,0.081632,0.810919,0.003467,0.422915,0.414912,1
0.009203,1,0.851064,0.103339,0.788605,0.003467,0.422915,0.414912,1
0.009203,1,0.87234,0.081632,0.753347,0.003467,0.422915,0.414912,1
0.009203,1,0.893617,0.041642,0.691461,0.003467,0.422915,0.414912,0
0.009203,1,0.914894,0.043203,0.63136,0.003467,0.422915,0.414912,0
0.009203,1,0.93617,0.081632,0.656799,0.003467,0.422915,0.414912,1
0.009203,1,0.957447,0.097184,0.645939,0.003467,0.422915,0.414912,1
0.009203,1,0.978723,0.097184,0.620649,0.003467,0.422915,0.414912,1
0.009203,1,1.0,0.081632,0.600417,0.003467,0.422915,0.414912,1
0.009247,2,0.0,0.081632,0.589705,0.003467,0.422915,0.414912,1
0.009247,2,0.021277,0.081632,0.567688,0.003467,0.422915,0.414912,1
0.009247,2,0.042553,0.041642,0.544927,0.003467,0.422915,0.414912,0
0.009247,2,0.06383,0.041882,0.485272,0.003467,0.422915,0.414912,0
0.009247,2,0.085106,0.057794,0.423981,0.003467,0.422915,0.414912,0
0.009247,2,0.106383,0.056443,0.380095,0.003467,0.422915,0.414912,0
0.009247,2,0.12766,0.056443,0.330556,0.003467,0.422915,0.414912,0
0.009247,2,0.148936,0.056443,0.288158,0.003467,0.422915,0.414912,0
0.009247,2,0.170213,0.062357,0.264653,0.003467,0.422915,0.414912,0
0.009247,2,0.191489,0.062357,0.262124,0.003467,0.422915,0.414912,0
0.009247,2,0.212766,0.074457,0.290687,0.003467,0.422915,0.414912,1
0.009247,2,0.234043,0.07869,0.34216,0.003467,0.422915,0.414912,1
0.009247,2,0.255319,0.081632,0.458643,0.003467,0.422915,0.414912,1
0.009247,2,0.276596,0.103759,0.598185,0.003467,0.422915,0.414912,1
0.009247,2,0.297872,0.082082,0.645046,0.003467,0.422915,0.414912,1
0.009247,2,0.319149,0.103759,0.741148,0.003467,0.422915,0.414912,1
0.009247,2,0.340426,0.139816,0.766141,0.003467,0.422915,0.414912,1
0.009247,2,0.361702,0.1312,0.753347,0.003467,0.422915,0.414912,1
0.009247,2,0.382979,0.179236,0.766141,0.003467,0.422915,0.414912,1
0.009247,2,0.404255,0.179236,0.771348,0.003467,0.422915,0.414912,1
0.009247,2,0.425532,0.114387,0.741297,0.003467,0.422915,0.414912,1
0.009247,2,0.446809,0.103759,0.704701,0.003467,0.422915,0.414912,1
0.009247,2,0.468085,0.103759,0.681642,0.003467,0.422915,0.414912,1
0.009247,2,0.489362,0.097184,0.662303,0.003467,0.422915,0.414912,1
0.009247,2,0.510638,0.100456,0.64579,0.003467,0.422915,0.414912,1
0.009247,2,0.531915,0.113486,0.627492,0.003467,0.422915,0.414912,1
0.009247,2,0.553191,0.103759,0.615293,0.003467,0.422915,0.414912,1
0.009247,2,0.574468,0.161643,0.606813,0.003467,0.422915,0.414912,1
0.009247,2,0.595745,0.103759,0.599226,0.003467,0.422915,0.414912,1
0.009247,2,0.617021,0.103759,0.594615,0.003467,0.422915,0.414912,1
0.009247,2,0.638298,0.103759,0.594317,0.003467,0.422915,0.414912,1
0.009247,2,0.659574,0.103759,0.613954,0.003467,0.422915,0.414912,1
0.009247,2,0.680851,0.119461,0.651592,0.003467,0.422915,0.414912,1
0.009247,2,0.702128,0.151765,0.701428,0.003467,0.422915,0.414912,1
0.009247,2,0.723404,0.151765,0.795745,0.003467,0.422915,0.414912,1
0.009247,2,0.744681,0.151765,0.909997,0.003467,0.422915,0.414912,1
0.009247,2,0.765957,0.151765,0.922642,0.003467,0.422915,0.414912,1
0.009247,2,0.787234,0.151765,0.900922,0.003467,0.422915,0.414912,1
0.009247,2,0.808511,0.1312,0.857929,0.003467,0.422915,0.414912,1
0.009247,2,0.829787,0.119881,0.832193,0.003467,0.422915,0.414912,1
0.009247,2,0.851064,0.151765,0.798126,0.003467,0.422915,0.414912,1
0.009247,2,0.87234,0.1312,0.770158,0.003467,0.422915,0.414912,1
0.009247,2,0.893617,0.103759,0.708866,0.003467,0.422915,0.414912,1
0.009247,2,0.914894,0.103759,0.63017,0.003467,0.422915,0.414912,0
0.009247,2,0.93617,0.1312,0.639691,0.003467,0.422915,0.414912,1
0.009247,2,0.957447,0.103759,0.61812,0.003467,0.422915,0.414912,0
0.009247,2,0.978723,0.097184,0.614847,0.003467,0.422915,0.414912,0
0.009247,2,1.0,0.097184,0.611574,0.003467,0.422915,0.414912,0
0.009292,3,0.0,0.081632,0.601904,0.003467,0.422915,0.414912,0
0.009292,3,0.021277,0.081632,0.579143,0.003467,0.422915,0.414912,0
0.009292,3,0.042553,0.062357,0.555787,0.003467,0.422915,0.414912,0
0.009292,3,0.06383,0.062357,0.499702,0.003467,0.422915,0.414912,0
0.009292,3,0.085106,0.075267,0.441386,0.003467,0.422915,0.414912,0
0.009292,3,0.106383,0.062357,0.392889,0.003467,0.422915,0.414912,0
0.009292,3,0.12766,0.062357,0.342011,0.003467,0.422915,0.414912,0
0.009292,3,0.148936,0.060706,0.30482,0.003467,0.422915,0.414912,0
0.009292,3,0.170213,0.064789,0.28191,0.003467,0.422915,0.414912,0
0.009292,3,0.191489,0.064789,0.273282,0.003467,0.422915,0.414912,0
0.009292,3,0.212766,0.069173,0.293216,0.003467,0.422915,0.414912,0
0.009292,3,0.234043,0.077609,0.350937,0.003467,0.422915,0.414912,0
0.009292,3,0.255319,0.110124,0.467718,0.003467,0.422915,0.414912,1
0.009292,3,0.276596,0.13114,0.596846,0.003467,0.422915,0.414912,1
0.009292,3,0.297872,0.110124,0.644897,0.003467,0.422915,0.414912,1
0.009292,3,0.319149,0.119161,0.744421,0.003467,0.422915,0.414912,1
0.009292,3,0.340426,0.110124,0.775811,0.003467,0.422915,0.414912,0
0.009292,3,0.361702,0.096824,0.759149,0.003467,0.422915,0.414912,0
0.009292,3,0.382979,0.067731,0.783844,0.003467,0.422915,0.414912,0
0.009292,3,0.404255,0.106611,0.79039,0.003467,0.422915,0.414912,1
0.009292,3,0.425532,0.106611,0.764951,0.003467,0.422915,0.414912,1
0.009292,3,0.446809,0.13114,0.715263,0.003467,0.422915,0.414912,1
0.009292,3,0.468085,0.106611,0.6928,0.003467,0.422915,0.414912,1
0.009292,3,0.489362,0.106611,0.677179,0.003467,0.422915,0.414912,1
0.009292,3,0.510638,0.110124,0.659179,0.003467,0.422915,0.414912,1
0.009292,3,0.531915,0.106611,0.632699,0.003467,0.422915,0.414912,1
0.009292,3,0.553191,0.110124,0.628384,0.003467,0.422915,0.414912,1
0.009292,3,0.574468,0.110124,0.623475,0.003467,0.422915,0.414912,1
0.009292,3,0.595745,0.106611,0.604284,0.003467,0.422915,0.414912,1
0.009292,3,0.617021,0.106611,0.601607,0.003467,0.422915,0.414912,1
0.009292,3,0.638298,0.106611,0.593573,0.003467,0.422915,0.414912,1
0.009292,3,0.659574,0.106611,0.601309,0.003467,0.422915,0.414912,1
0.009292,3,0.680851,0.096824,0.629575,0.003467,0.422915,0.414912,0
0.009292,3,0.702128,0.069173,0.680006,0.003467,0.422915,0.414912,0
0.009292,3,0.723404,0.096824,0.778191,0.003467,0.422915,0.414912,0
0.009292,3,0.744681,0.13114,0.878012,0.003467,0.422915,0.414912,1
0.009292,3,0.765957,0.106611,0.896162,0.003467,0.422915,0.414912,1
0.009292,3,0.787234,0.106611,0.878756,0.003467,0.422915,0.414912,1
0.009292,3,0.808511,0.106611,0.845433,0.003467,0.422915,0.414912,1
0.009292,3,0.829787,0.059475,0.812705,0.003467,0.422915,0.414912,0
0.009292,3,0.851064,0.134742,0.785927,0.003467,0.422915,0.414912,1
0.009292,3,0.87234,0.106611,0.754984,0.003467,0.422915,0.414912,1
0.009292,3,0.893617,0.069173,0.698899,0.003467,0.422915,0.414912,0
0.009292,3,0.914894,0.041732,0.621244,0.003467,0.422915,0.414912,0
0.009292,3,0.93617,0.106611,0.641773,0.003467,0.422915,0.414912,1
0.009292,3,0.957447,0.064789,0.630021,0.003467,0.422915,0.414912,0
0.009292,3,0.978723,0.106611,0.623029,0.003467,0.422915,0.414912,1
0.009292,3,1.0,0.042122,0.607855,0.003467,0.422915,0.414912,0
0.009336,4,0.0,0.064789,0.602499,0.003467,0.422915,0.414912,0
0.009336,4,0.021277,0.064789,0.578846,0.003467,0.422915,0.414912,0
0.009336,4,0.042553,0.042122,0.555638,0.003467,0.422915,0.414912,0
0.009336,4,0.06383,0.042122,0.498215,0.003467,0.422915,0.414912,0
0.009336,4,0.085106,0.041401,0.43008,0.003467,0.422915,0.414912,0
0.009336,4,0.106383,0.041371,0.3795,0.003467,0.422915,0.414912,0
0.009336,4,0.12766,0.041341,0.33368,0.003467,0.422915,0.414912,0
0.009336,4,0.148936,0.041341,0.291431,0.003467,0.422915,0.414912,0
0.009336,4,0.170213,0.041281,0.267182,0.003467,0.422915,0.414912,0
0.009336,4,0.191489,0.041341,0.266439,0.003467,0.422915,0.414912,0
0.009336,4,0.212766,0.041341,0.287563,0.003467,0.422915,0.414912,0
0.009336,4,0.234043,0.041822,0.340672,0.003467,0.422915,0.414912,0
0.009336,4,0.255319,0.06599,0.457007,0.003467,0.422915,0.414912,0
0.009336,4,0.276596,0.109493,0.583904,0.003467,0.422915,0.414912,1
0.009336,4,0.297872,0.042152,0.62526,0.003467,0.422915,0.414912,0
0.009336,4,0.319149,0.081182,0.714817,0.003467,0.422915,0.414912,0
0.009336,4,0.340426,0.114567,0.733561,0.003467,0.422915,0.414912,1
0.009336,4,0.361702,0.109493,0.718239,0.003467,0.422915,0.414912,1
0.009336,4,0.382979,0.179236,0.734008,0.003467,0.422915,0.414912,1
0.009336,4,0.404255,0.13222,0.728206,0.003467,0.422915,0.414912,1
0.009336,4,0.425532,0.114387,0.69637,0.003467,0.422915,0.414912,1
0.009336,4,0.446809,0.109493,0.660518,0.003467,0.422915,0.414912,1
0.009336,4,0.468085,0.13222,0.627789,0.003467,0.422915,0.414912,1
0.009336,4,0.489362,0.13222,0.604433,0.003467,0.422915,0.414912,1
0.009336,4,0.510638,0.109493,0.584647,0.003467,0.422915,0.414912,1
0.009336,4,0.531915,0.085475,0.56144,0.003467,0.422915,0.414912,0
0.009336,4,0.553191,0.098445,0.552514,0.003467,0.422915,0.414912,1
0.009336,4,0.574468,0.109493,0.53853,0.003467,0.422915,0.414912,1
0.009336,4,0.595745,0.098835,0.529307,0.003467,0.422915,0.414912,1
0.009336,4,0.617021,0.098835,0.516364,0.003467,0.422915,0.414912,1
0.009336,4,0.638298,0.098835,0.507736,0.003467,0.422915,0.414912,1
0.009336,4,0.659574,0.098835,0.5241,0.003467,0.422915,0.414912,1
0.009336,4,0.680851,0.109493,0.543886,0.003467,0.422915,0.414912,1
0.009336,4,0.702128,0.109493,0.588218,0.003467,0.422915,0.414912,1
0.009336,4,0.723404,0.109493,0.680155,0.003467,0.422915,0.414912,1
0.009336,4,0.744681,0.109493,0.790539,0.003467,0.422915,0.414912,1
0.009336,4,0.765957,0.119761,0.81806,0.003467,0.422915,0.414912,1
0.009336,4,0.787234,0.109493,0.814192,0.003467,0.422915,0.414912,1
0.009336,4,0.808511,0.109493,0.782059,0.003467,0.422915,0.414912,1
0.009336,4,0.829787,0.098835,0.75781,0.003467,0.422915,0.414912,1
0.009336,4,0.851064,0.151765,0.746206,0.003467,0.422915,0.414912,1
0.009336,4,0.87234,0.119761,0.718239,0.003467,0.422915,0.414912,1
0.009336,4,0.893617,0.109493,0.660369,0.003467,0.422915,0.414912,1
0.009336,4,0.914894,0.066591,0.596846,0.003467,0.422915,0.414912,0
0.009336,4,0.93617,0.13222,0.624963,0.003467,0.422915,0.414912,1
0.009336,4,0.957447,0.109493,0.611871,0.003467,0.422915,0.414912,1
0.009336,4,0.978723,0.119701,0.60607,0.003467,0.422915,0.414912,1
0.009336,4,1.0,0.109493,0.599078,0.003467,0.422915,0.414912,1
0.00938,5,0.0,0.109493,0.58435,0.003467,0.422915,0.414912,1
0.00938,5,0.021277,0.096703,0.563672,0.003467,0.422915,0.414912,1
0.00938,5,0.042553,0.081632,0.541803,0.003467,0.422915,0.414912,0
0.00938,5,0.06383,0.06599,0.476793,0.003467,0.422915,0.414912,0
0.00938,5,0.085106,0.06599,0.417733,0.003467,0.422915,0.414912,0
0.00938,5,0.106383,0.06599,0.365665,0.003467,0.422915,0.414912,0
0.00938,5,0.12766,0.06599,0.319548,0.003467,0.422915,0.414912,0
0.00938,5,0.148936,0.06599,0.285481,0.003467,0.422915,0.414912,0
0.00938,5,0.170213,0.050648,0.259595,0.003467,0.422915,0.414912,0
0.00938,5,0.191489,0.041642,0.253942,0.003467,0.422915,0.414912,0
0.00938,5,0.212766,0.041492,0.280125,0.003467,0.422915,0.414912,0
0.00938,5,0.234043,0.041642,0.326093,0.003467,0.422915,0.414912,0
0.00938,5,0.255319,0.041792,0.436477,0.003467,0.422915,0.414912,0
0.00938,5,0.276596,0.043383,0.562928,0.003467,0.422915,0.414912,0
0.00938,5,0.297872,0.041912,0.608599,0.003467,0.422915,0.414912,0
0.00938,5,0.319149,0.041912,0.695626,0.003467,0.422915,0.414912,0
0.00938,5,0.340426,0.041732,0.715115,0.003467,0.422915,0.414912,0
0.00938,5,0.361702,0.041642,0.700684,0.003467,0.422915,0.414912,0
0.00938,5,0.382979,0.043383,0.724933,0.003467,0.422915,0.414912,0
0.00938,5,0.404255,0.041912,0.719875,0.003467,0.422915,0.414912,0
0.00938,5,0.425532,0.041732,0.676436,0.003467,0.422915,0.414912,0
0.00938,5,0.446809,0.041642,0.644897,0.003467,0.422915,0.414912,0
0.00938,5,0.468085,0.041642,0.628533,0.003467,0.422915,0.414912,0
0.00938,5,0.489362,0.041732,0.608599,0.003467,0.422915,0.414912,0
0.00938,5,0.510638,0.041642,0.585689,0.003467,0.422915,0.414912,0
0.00938,5,0.531915,0.041642,0.568878,0.003467,0.422915,0.414912,0
0.00938,5,0.553191,0.041642,0.555638,0.003467,0.422915,0.414912,0
0.00938,5,0.574468,0.041612,0.539274,0.003467,0.422915,0.414912,0
0.00938,5,0.595745,0.041612,0.526034,0.003467,0.422915,0.414912,0
0.00938,5,0.617021,0.041612,0.514133,0.003467,0.422915,0.414912,0
0.00938,5,0.638298,0.041612,0.499107,0.003467,0.422915,0.414912,0
0.00938,5,0.659574,0.041612,0.507736,0.003467,0.422915,0.414912,0
0.00938,5,0.680851,0.041732,0.519637,0.003467,0.422915,0.414912,0
0.00938,5,0.702128,0.041642,0.555192,0.003467,0.422915,0.414912,0
0.00938,5,0.723404,0.041642,0.620797,0.003467,0.422915,0.414912,0
0.00938,5,0.744681,0.041642,0.694585,0.003467,0.422915,0.414912,0
0.00938,5,0.765957,0.041732,0.698899,0.003467,0.422915,0.414912,0
0.00938,5,0.787234,0.041642,0.67837,0.003467,0.422915,0.414912,0
0.00938,5,0.808511,0.041642,0.642963,0.003467,0.422915,0.414912,0
0.00938,5,0.829787,0.041582,0.606813,0.003467,0.422915,0.414912,0
0.00938,5,0.851064,0.041642,0.585838,0.003467,0.422915,0.414912,0
0.00938,5,0.87234,0.041642,0.564862,0.003467,0.422915,0.414912,0
0.00938,5,0.893617,0.041612,0.536894,0.003467,0.422915,0.414912,0
0.00938,5,0.914894,0.041492,0.485867,0.003467,0.422915,0.414912,0
0.00938,5,0.93617,0.041732,0.528265,0.003467,0.422915,0.414912,0
0.00938,5,0.957447,0.041732,0.540018,0.003467,0.422915,0.414912,0
0.00938,5,0.978723,0.041732,0.555936,0.003467,0.422915,0.414912,0
0.00938,5,1.0,0.041732,0.54701,0.003467,0.422915,0.414912,0
0.009424,6,0.0,0.041732,0.53615,0.003467,0.422915,0.414912,0
0.009424,6,0.021277,0.041732,0.504612,0.003467,0.422915,0.414912,0
0.009424,6,0.042553,0.041642,0.475156,0.003467,0.422915,0.414912,0
0.009424,6,0.06383,0.041612,0.410592,0.003467,0.422915,0.414912,0
0.009424,6,0.085106,0.041492,0.345135,0.003467,0.422915,0.414912,0
0.009424,6,0.106383,0.041492,0.292026,0.003467,0.422915,0.414912,0
0.009424,6,0.12766,0.041341,0.249182,0.003467,0.422915,0.414912,0
0.009424,6,0.148936,0.041341,0.209313,0.003467,0.422915,0.414912,0
0.009424,6,0.170213,0.041642,0.177031,0.003467,0.422915,0.414912,0
0.009424,6,0.191489,0.041341,0.16751,0.003467,0.422915,0.414912,0
0.009424,6,0.212766,0.041341,0.17108,0.003467,0.422915,0.414912,0
0.009424,6,0.234043,0.041642,0.184469,0.003467,0.422915,0.414912,0
0.009424,6,0.255319,0.057193,0.218982,0.003467,0.422915,0.414912,1
0.009424,6,0.276596,0.041642,0.261827,0.003467,0.422915,0.414912,0
0.009424,6,0.297872,0.041732,0.313895,0.003467,0.422915,0.414912,0
0.009424,6,0.319149,0.041732,0.408361,0.003467,0.422915,0.414912,0
0.009424,6,0.340426,0.041732,0.488545,0.003467,0.422915,0.414912,0
0.009424,6,0.361702,0.041762,0.535257,0.003467,0.422915,0.414912,0
0.009424,6,0.382979,0.041912,0.572895,0.003467,0.422915,0.414912,0
0.009424,6,0.404255,0.041762,0.583309,0.003467,0.422915,0.414912,0
0.009424,6,0.425532,0.041762,0.564564,0.003467,0.422915,0.414912,0
0.009424,6,0.446809,0.041732,0.532282,0.003467,0.422915,0.414912,0
0.009424,6,0.468085,0.041642,0.488545,0.003467,0.422915,0.414912,0
0.009424,6,0.489362,0.041642,0.471437,0.003467,0.422915,0.414912,0
0.009424,6,0.510638,0.041732,0.453883,0.003467,0.422915,0.414912,0
0.009424,6,0.531915,0.041732,0.440196,0.003467,0.422915,0.414912,0
0.009424,6,0.553191,0.041732,0.417733,0.003467,0.422915,0.414912,0
0.009424,6,0.574468,0.064789,0.397798,0.003467,0.422915,0.414912,1
0.009424,6,0.595745,0.041672,0.368492,0.003467,0.422915,0.414912,0
0.009424,6,0.617021,0.041582,0.371021,0.003467,0.422915,0.414912,0
0.009424,6,0.638298,0.041732,0.380095,0.003467,0.422915,0.414912,0
0.009424,6,0.659574,0.064789,0.388724,0.003467,0.422915,0.414912,1
0.009424,6,0.680851,0.041732,0.406724,0.003467,0.422915,0.414912,0
0.009424,6,0.702128,0.041732,0.457453,0.003467,0.422915,0.414912,0
0.009424,6,0.723404,0.041912,0.537786,0.003467,0.422915,0.414912,0
0.009424,6,0.744681,0.041912,0.643558,0.003467,0.422915,0.414912,0
0.009424,6,0.765957,0.041912,0.661262,0.003467,0.422915,0.414912,0
0.009424,6,0.787234,0.041882,0.649955,0.003467,0.422915,0.414912,0
0.009424,6,0.808511,0.041732,0.602202,0.003467,0.422915,0.414912,0
0.009424,6,0.829787,0.041732,0.573936,0.003467,0.422915,0.414912,0
0.009424,6,0.851064,0.041642,0.545522,0.003467,0.422915,0.414912,0
0.009424,6,0.87234,0.041642,0.525141,0.003467,0.422915,0.414912,0
0.009424,6,0.893617,0.041642,0.490628,0.003467,0.422915,0.414912,0
0.009424,6,0.914894,0.041642,0.451354,0.003467,0.422915,0.414912,0
0.009424,6,0.93617,0.041732,0.469057,0.003467,0.422915,0.414912,0
0.009424,6,0.957447,0.041642,0.470693,0.003467,0.422915,0.414912,0
0.009424,6,0.978723,0.041732,0.478875,0.003467,0.422915,0.414912,0
0.009424,6,1.0,0.041642,0.44704,0.003467,0.422915,0.414912,0
0.009469,7,0.0,0.041732,0.421749,0.003467,0.422915,0.414912,0
0.009469,7,0.021277,0.041642,0.373698,0.003467,0.422915,0.414912,0
0.009469,7,0.042553,0.041642,0.348706,0.003467,0.422915,0.414912,0
0.009469,7,0.06383,0.041642,0.29277,0.003467,0.422915,0.414912,0
0.009469,7,0.085106,0.041341,0.243826,0.003467,0.422915,0.414912,0
0.009469,7,0.106383,0.041642,0.203213,0.003467,0.422915,0.414912,0
0.009469,7,0.12766,0.041341,0.178072,0.003467,0.422915,0.414912,0
0.009469,7,0.148936,0.041642,0.153079,0.003467,0.422915,0.414912,0
0.009469,7,0.170213,0.041281,0.139244,0.003467,0.422915,0.414912,0
0.009469,7,0.191489,0.041281,0.130913,0.003467,0.422915,0.414912,0
0.009469,7,0.212766,0.041642,0.136418,0.003467,0.422915,0.414912,0
0.009469,7,0.234043,0.041642,0.148616,0.003467,0.422915,0.414912,0
0.009469,7,0.255319,0.059865,0.17227,0.003467,0.422915,0.414912,1
0.009469,7,0.276596,0.041642,0.196519,0.003467,0.422915,0.414912,0
0.009469,7,0.297872,0.061367,0.229545,0.003467,0.422915,0.414912,1
0.009469,7,0.319149,0.063949,0.309283,0.003467,0.422915,0.414912,1
0.009469,7,0.340426,0.063949,0.388129,0.003467,0.422915,0.414912,1
0.009469,7,0.361702,0.063949,0.447932,0.003467,0.422915,0.414912,1
0.009469,7,0.382979,0.041882,0.506397,0.003467,0.422915,0.414912,0
0.009469,7,0.404255,0.042602,0.524844,0.003467,0.422915,0.414912,0
0.009469,7,0.425532,0.041732,0.514579,0.003467,0.422915,0.414912,0
0.009469,7,0.446809,0.041642,0.499405,0.003467,0.422915,0.414912,0
0.009469,7,0.468085,0.041732,0.48795,0.003467,0.422915,0.414912,0
0.009469,7,0.489362,0.041732,0.469652,0.003467,0.422915,0.414912,0
0.009469,7,0.510638,0.041732,0.448081,0.003467,0.422915,0.414912,0
0.009469,7,0.531915,0.041732,0.421154,0.003467,0.422915,0.414912,0
0.009469,7,0.553191,0.041642,0.392443,0.003467,0.422915,0.414912,0
0.009469,7,0.574468,0.041642,0.368938,0.003467,0.422915,0.414912,0
0.009469,7,0.595745,0.041642,0.341267,0.003467,0.422915,0.414912,0
0.009469,7,0.617021,0.041732,0.346028,0.003467,0.422915,0.414912,0
0.009469,7,0.638298,0.041642,0.348408,0.003467,0.422915,0.414912,0
0.009469,7,0.659574,0.041732,0.364921,0.003467,0.422915,0.414912,0
0.009469,7,0.680851,0.041732,0.393633,0.003467,0.422915,0.414912,0
0.009469,7,0.702128,0.063949,0.459833,0.003467,0.422915,0.414912,1
0.009469,7,0.723404,0.063949,0.553109,0.003467,0.422915,0.414912,1
0.009469,7,0.744681,0.063949,0.673758,0.003467,0.422915,0.414912,1
0.009469,7,0.765957,0.063949,0.711693,0.003467,0.422915,0.414912,1
0.009469,7,0.787234,0.042602,0.708271,0.003467,0.422915,0.414912,0
0.009469,7,0.808511,0.061126,0.676436,0.003467,0.422915,0.414912,1
0.009469,7,0.829787,0.042602,0.652187,0.003467,0.422915,0.414912,0
0.009469,7,0.851064,0.063949,0.627641,0.003467,0.422915,0.414912,1
0.009469,7,0.87234,0.041762,0.593722,0.003467,0.422915,0.414912,0
0.009469,7,0.893617,0.041732,0.547307,0.003467,0.422915,0.414912,0
0.009469,7,0.914894,0.041642,0.485123,0.003467,0.422915,0.414912,0
0.009469,7,0.93617,0.041732,0.499107,0.003467,0.422915,0.414912,0
0.009469,7,0.957447,0.041642,0.472181,0.003467,0.422915,0.414912,0
0.009469,7,0.978723,0.041642,0.458346,0.003467,0.422915,0.414912,0
0.009469,7,1.0,0.041642,0.435138,0.003467,0.422915,0.414912,0
0.009513,1,0.0,0.041582,0.415948,0.003467,0.422915,0.414912,0
0.009513,1,0.021277,0.041492,0.375335,0.003467,0.422915,0.414912,0
0.009513,1,0.042553,0.041582,0.358673,0.003467,0.422915,0.414912,0
0.009513,1,0.06383,0.041492,0.312556,0.003467,0.422915,0.414912,0
0.009513,1,0.085106,0.041492,0.278042,0.003467,0.422915,0.414912,0
0.009513,1,0.106383,0.041492,0.250372,0.003467,0.422915,0.414912,0
0.009513,1,0.12766,0.041341,0.217495,0.003467,0.422915,0.414912,0
0.009513,1,0.148936,0.041642,0.195329,0.003467,0.422915,0.414912,0
0.009513,1,0.170213,0.041341,0.191461,0.003467,0.422915,0.414912,0
0.009513,1,0.191489,0.041341,0.192502,0.003467,0.422915,0.414912,0
0.009513,1,0.212766,0.041341,0.23014,0.003467,0.422915,0.414912,0
0.009513,1,0.234043,0.059475,0.293663,0.003467,0.422915,0.414912,1
0.009513,1,0.255319,0.068422,0.411187,0.003467,0.422915,0.414912,1
0.009513,1,0.276596,0.041732,0.538976,0.003467,0.422915,0.414912,0
0.009513,1,0.297872,0.041732,0.577358,0.003467,0.422915,0.414912,0
0.009513,1,0.319149,0.084844,0.666766,0.003467,0.422915,0.414912,1
0.009513,1,0.340426,0.041732,0.688337,0.003467,0.422915,0.414912,0
0.009513,1,0.361702,0.041732,0.67465,0.003467,0.422915,0.414912,0
0.009513,1,0.382979,0.043203,0.702172,0.003467,0.422915,0.414912,0
0.009513,1,0.404255,0.041762,0.699792,0.003467,0.422915,0.414912,0
0.009513,1,0.425532,0.041732,0.675841,0.003467,0.422915,0.414912,0
0.009513,1,0.446809,0.041642,0.644302,0.003467,0.422915,0.414912,0
0.009513,1,0.468085,0.041642,0.617525,0.003467,0.422915,0.414912,0
0.009513,1,0.489362,0.041732,0.600268,0.003467,0.422915,0.414912,0
0.009513,1,0.510638,0.041642,0.583755,0.003467,0.422915,0.414912,0
0.009513,1,0.531915,0.041642,0.569027,0.003467,0.422915,0.414912,0
0.009513,1,0.553191,0.041642,0.560994,0.003467,0.422915,0.414912,0
0.009513,1,0.574468,0.041642,0.548349,0.003467,0.422915,0.414912,0
0.009513,1,0.595745,0.041642,0.538679,0.003467,0.422915,0.414912,0
0.009513,1,0.617021,0.041642,0.525141,0.003467,0.422915,0.414912,0
0.009513,1,0.638298,0.041642,0.513389,0.003467,0.422915,0.414912,0
0.009513,1,0.659574,0.041642,0.52053,0.003467,0.422915,0.414912,0
0.009513,1,0.680851,0.041732,0.547902,0.003467,0.422915,0.414912,0
0.009513,1,0.702128,0.097394,0.599821,0.003467,0.422915,0.414912,1
0.009513,1,0.723404,0.084844,0.692056,0.003467,0.422915,0.414912,1
0.009513,1,0.744681,0.097394,0.805861,0.003467,0.422915,0.414912,1
0.009513,1,0.765957,0.041762,0.818506,0.003467,0.422915,0.414912,0
0.009513,1,0.787234,0.041762,0.801993,0.003467,0.422915,0.414912,0
0.009513,1,0.808511,0.041642,0.764058,0.003467,0.422915,0.414912,0
0.009513,1,0.829787,0.041702,0.735793,0.003467,0.422915,0.414912,0
0.009513,1,0.851064,0.041762,0.713776,0.003467,0.422915,0.414912,0
0.009513,1,0.87234,0.041732,0.689676,0.003467,0.422915,0.414912,0
0.009513,1,0.893617,0.041612,0.632401,0.003467,0.422915,0.414912,0
0.009513,1,0.914894,0.041582,0.571407,0.003467,0.422915,0.414912,0
0.009513,1,0.93617,0.059475,0.595805,0.003467,0.422915,0.414912,1
0.009513,1,0.957447,0.041732,0.590598,0.003467,0.422915,0.414912,0
0.009513,1,0.978723,0.041762,0.595805,0.003467,0.422915,0.414912,0
0.009513,1,1.0,0.041732,0.572597,0.003467,0.422915,0.414912,0
0.009557,2,0.0,0.041732,0.571407,0.003467,0.422915,0.414912,0
0.009557,2,0.021277,0.084844,0.548051,0.003467,0.422915,0.414912,1
0.009557,2,0.042553,0.041732,0.52172,0.003467,0.422915,0.414912,0
0.009557,2,0.06383,0.041732,0.457751,0.003467,0.422915,0.414912,0
0.009557,2,0.085106,0.041492,0.401369,0.003467,0.422915,0.414912,0
0.009557,2,0.106383,0.041642,0.356442,0.003467,0.422915,0.414912,0
0.009557,2,0.12766,0.041642,0.308539,0.003467,0.422915,0.414912,0
0.009557,2,0.148936,0.041341,0.264356,0.003467,0.422915,0.414912,0
0.009557,2,0.170213,0.041341,0.245314,0.003467,0.422915,0.414912,0
0.009557,2,0.191489,0.041642,0.239215,0.003467,0.422915,0.414912,0
0.009557,2,0.212766,0.059295,0.265992,0.003467,0.422915,0.414912,1
0.009557,2,0.234043,0.059295,0.321035,0.003467,0.422915,0.414912,1
0.009557,2,0.255319,0.074967,0.430229,0.003467,0.422915,0.414912,1
0.009557,2,0.276596,0.069143,0.554151,0.003467,0.422915,0.414912,1
0.009557,2,0.297872,0.043203,0.606516,0.003467,0.422915,0.414912,0
0.009557,2,0.319149,0.041732,0.674799,0.003467,0.422915,0.414912,0
0.009557,2,0.340426,0.041642,0.689824,0.003467,0.422915,0.414912,0
0.009557,2,0.361702,0.041582,0.668551,0.003467,0.422915,0.414912,0
0.009557,2,0.382979,0.041762,0.692502,0.003467,0.422915,0.414912,0
0.009557,2,0.404255,0.041732,0.687891,0.003467,0.422915,0.414912,0
0.009557,2,0.425532,0.041642,0.6626,0.003467,0.422915,0.414912,0
0.009557,2,0.446809,0.041642,0.629872,0.003467,0.422915,0.414912,0
0.009557,2,0.468085,0.041642,0.610384,0.003467,0.422915,0.414912,0
0.009557,2,0.489362,0.041642,0.583904,0.003467,0.422915,0.414912,0
0.009557,2,0.510638,0.041642,0.572746,0.003467,0.422915,0.414912,0
0.009557,2,0.531915,0.041642,0.556828,0.003467,0.422915,0.414912,0
0.009557,2,0.553191,0.041642,0.537191,0.003467,0.422915,0.414912,0
0.009557,2,0.574468,0.041492,0.528563,0.003467,0.422915,0.414912,0
0.009557,2,0.595745,0.041492,0.51681,0.003467,0.422915,0.414912,0
0.009557,2,0.617021,0.041492,0.497769,0.003467,0.422915,0.414912,0
0.009557,2,0.638298,0.041492,0.496132,0.003467,0.422915,0.414912,0
0.009557,2,0.659574,0.041642,0.522761,0.003467,0.422915,0.414912,0
0.009557,2,0.680851,0.068632,0.552068,0.003467,0.422915,0.414912,1
0.009557,2,0.702128,0.041732,0.596846,0.003467,0.422915,0.414912,0
0.009557,2,0.723404,0.041762,0.675841,0.003467,0.422915,0.414912,0
0.009557,2,0.744681,0.041762,0.77596,0.003467,0.422915,0.414912,0
0.009557,2,0.765957,0.041732,0.77715,0.003467,0.422915,0.414912,0
0.009557,2,0.787234,0.041642,0.758554,0.003467,0.422915,0.414912,0
0.009557,2,0.808511,0.041642,0.717941,0.003467,0.422915,0.414912,0
0.009557,2,0.829787,0.041642,0.683725,0.003467,0.422915,0.414912,0
0.009557,2,0.851064,0.041642,0.654121,0.003467,0.422915,0.414912,0
0.009557,2,0.87234,0.041642,0.626748,0.003467,0.422915,0.414912,0
0.009557,2,0.893617,0.041582,0.576912,0.003467,0.422915,0.414912,0
0.009557,2,0.914894,0.041341,0.509967,0.003467,0.422915,0.414912,0
0.009557,2,0.93617,0.041642,0.53496,0.003467,0.422915,0.414912,0
0.009557,2,0.957447,0.041642,0.533621,0.003467,0.422915,0.414912,0
0.009557,2,0.978723,0.041642,0.536894,0.003467,0.422915,0.414912,0
0.009557,2,1.0,0.041642,0.52886,0.003467,0.422915,0.414912,0
0.009601,3,0.0,0.041732,0.529604,0.003467,0.422915,0.414912,0
0.009601,3,0.021277,0.041732,0.500446,0.003467,0.422915,0.414912,0
0.009601,3,0.042553,0.041732,0.475156,0.003467,0.422915,0.414912,0
0.009601,3,0.06383,0.041732,0.419816,0.003467,0.422915,0.414912,0
0.009601,3,0.085106,0.041492,0.355103,0.003467,0.422915,0.414912,0
0.009601,3,0.106383,0.041431,0.304374,0.003467,0.422915,0.414912,0
0.009601,3,0.12766,0.041341,0.262273,0.003467,0.422915,0.414912,0
0.009601,3,0.148936,0.041341,0.219875,0.003467,0.422915,0.414912,0
0.009601,3,0.170213,0.041281,0.192502,0.003467,0.422915,0.414912,0
0.009601,3,0.191489,0.041281,0.188188,0.003467,0.422915,0.414912,0
0.009601,3,0.212766,0.046385,0.214222,0.003467,0.422915,0.414912,1
0.009601,3,0.234043,0.041732,0.260934,0.003467,0.422915,0.414912,0
0.009601,3,0.255319,0.046385,0.371318,0.003467,0.422915,0.414912,1
0.009601,3,0.276596,0.065089,0.498959,0.003467,0.422915,0.414912,1
0.009601,3,0.297872,0.041732,0.531241,0.003467,0.422915,0.414912,0
0.009601,3,0.319149,0.041732,0.60607,0.003467,0.422915,0.414912,0
0.009601,3,0.340426,0.041642,0.619905,0.003467,0.422915,0.414912,0
0.009601,3,0.361702,0.041341,0.602053,0.003467,0.422915,0.414912,0
0.009601,3,0.382979,0.041732,0.625707,0.003467,0.422915,0.414912,0
0.009601,3,0.404255,0.041642,0.627789,0.003467,0.422915,0.414912,0
0.009601,3,0.425532,0.041582,0.593871,0.003467,0.422915,0.414912,0
0.009601,3,0.446809,0.041341,0.570366,0.003467,0.422915,0.414912,0
0.009601,3,0.468085,0.041642,0.558465,0.003467,0.422915,0.414912,0
0.009601,3,0.489362,0.041642,0.550283,0.003467,0.422915,0.414912,0
0.009601,3,0.510638,0.041642,0.537489,0.003467,0.422915,0.414912,0
0.009601,3,0.531915,0.041642,0.524695,0.003467,0.422915,0.414912,0
0.009601,3,0.553191,0.041642,0.518596,0.003467,0.422915,0.414912,0
0.009601,3,0.574468,0.046385,0.508628,0.003467,0.422915,0.414912,1
0.009601,3,0.595745,0.041642,0.498661,0.003467,0.422915,0.414912,0
0.009601,3,0.617021,0.046385,0.485272,0.003467,0.422915,0.414912,1
0.009601,3,0.638298,0.046385,0.478578,0.003467,0.422915,0.414912,1
0.009601,3,0.659574,0.046385,0.487206,0.003467,0.422915,0.414912,1
0.009601,3,0.680851,0.065089,0.504314,0.003467,0.422915,0.414912,1
0.009601,3,0.702128,0.046385,0.53377,0.003467,0.422915,0.414912,1
0.009601,3,0.723404,0.044614,0.617822,0.003467,0.422915,0.414912,1
0.009601,3,0.744681,0.041732,0.716007,0.003467,0.422915,0.414912,0
0.009601,3,0.765957,0.041732,0.735644,0.003467,0.422915,0.414912,0
0.009601,3,0.787234,0.041732,0.718685,0.003467,0.422915,0.414912,0
0.009601,3,0.808511,0.041582,0.683576,0.003467,0.422915,0.414912,0
0.009601,3,0.829787,0.041582,0.663642,0.003467,0.422915,0.414912,0
0.009601,3,0.851064,0.041732,0.638649,0.003467,0.422915,0.414912,0
0.009601,3,0.87234,0.041732,0.619607,0.003467,0.422915,0.414912,0
0.009601,3,0.893617,0.041341,0.569473,0.003467,0.422915,0.414912,0
0.009601,3,0.914894,0.041221,0.509075,0.003467,0.422915,0.414912,0
0.009601,3,0.93617,0.045665,0.541059,0.003467,0.422915,0.414912,1
0.009601,3,0.957447,0.041732,0.543142,0.003467,0.422915,0.414912,0
0.009601,3,0.978723,0.041732,0.551622,0.003467,0.422915,0.414912,0
0.009601,3,1.0,0.046385,0.543588,0.003467,0.422915,0.414912,1
0.009646,4,0.0,0.046385,0.535257,0.003467,0.422915,0.414912,1
0.009646,4,0.021277,0.065089,0.522166,0.003467,0.422915,0.414912,1
0.009646,4,0.042553,0.046385,0.492115,0.003467,0.422915,0.414912,1
0.009646,4,0.06383,0.041281,0.428741,0.003467,0.422915,0.414912,0
0.009646,4,0.085106,0.041281,0.367896,0.003467,0.422915,0.414912,0
0.009646,4,0.106383,0.041281,0.321035,0.003467,0.422915,0.414912,0
0.009646,4,0.12766,0.041371,0.279381,0.003467,0.422915,0.414912,0
0.009646,4,0.148936,0.041281,0.237578,0.003467,0.422915,0.414912,0
0.009646,4,0.170213,0.041281,0.216453,0.003467,0.422915,0.414912,0
0.009646,4,0.191489,0.041281,0.2108,0.003467,0.422915,0.414912,0
0.009646,4,0.212766,0.065089,0.242339,0.003467,0.422915,0.414912,1
0.009646,4,0.234043,0.071574,0.287712,0.003467,0.422915,0.414912,1
0.009646,4,0.255319,0.073976,0.399435,0.003467,0.422915,0.414912,1
0.009646,4,0.276596,0.083644,0.527522,0.003467,0.422915,0.414912,1
0.009646,4,0.297872,0.071574,0.565754,0.003467,0.422915,0.414912,1
0.009646,4,0.319149,0.045605,0.631508,0.003467,0.422915,0.414912,0
0.009646,4,0.340426,0.041582,0.629277,0.003467,0.422915,0.414912,0
0.009646,4,0.361702,0.041281,0.617673,0.003467,0.422915,0.414912,0
0.009646,4,0.382979,0.041582,0.638054,0.003467,0.422915,0.414912,0
0.009646,4,0.404255,0.041582,0.637608,0.003467,0.422915,0.414912,0
0.009646,4,0.425532,0.041582,0.60964,0.003467,0.422915,0.414912,0
0.009646,4,0.446809,0.041582,0.572002,0.003467,0.422915,0.414912,0
0.009646,4,0.468085,0.041281,0.549093,0.003467,0.422915,0.414912,0
0.009646,4,0.489362,0.041281,0.533621,0.003467,0.422915,0.414912,0
0.009646,4,0.510638,0.041281,0.512199,0.003467,0.422915,0.414912,0
0.009646,4,0.531915,0.041281,0.497173,0.003467,0.422915,0.414912,0
0.009646,4,0.553191,0.041281,0.486165,0.003467,0.422915,0.414912,0
0.009646,4,0.574468,0.041281,0.476793,0.003467,0.422915,0.414912,0
0.009646,4,0.595745,0.041281,0.466528,0.003467,0.422915,0.414912,0
0.009646,4,0.617021,0.075958,0.457156,0.003467,0.422915,0.414912,1
0.009646,4,0.638298,0.090939,0.453288,0.003467,0.422915,0.414912,1
0.009646,4,0.659574,0.092861,0.46385,0.003467,0.422915,0.414912,1
0.009646,4,0.680851,0.092861,0.483487,0.003467,0.422915,0.414912,1
0.009646,4,0.702128,0.092861,0.524398,0.003467,0.422915,0.414912,1
0.009646,4,0.723404,0.092861,0.607557,0.003467,0.422915,0.414912,1
0.009646,4,0.744681,0.097814,0.715412,0.003467,0.422915,0.414912,1
0.009646,4,0.765957,0.092861,0.744273,0.003467,0.422915,0.414912,1
0.009646,4,0.787234,0.084935,0.732074,0.003467,0.422915,0.414912,1
0.009646,4,0.808511,0.083644,0.704255,0.003467,0.422915,0.414912,1
0.009646,4,0.829787,0.083644,0.685659,0.003467,0.422915,0.414912,1
0.009646,4,0.851064,0.097814,0.674799,0.003467,0.422915,0.414912,1
0.009646,4,0.87234,0.084935,0.649509,0.003467,0.422915,0.414912,1
0.009646,4,0.893617,0.042933,0.604433,0.003467,0.422915,0.414912,0
0.009646,4,0.914894,0.041732,0.538976,0.003467,0.422915,0.414912,0
0.009646,4,0.93617,0.045605,0.566944,0.003467,0.422915,0.414912,0
0.009646,4,0.957447,0.083644,0.565457,0.003467,0.422915,0.414912,1
0.009646,4,0.978723,0.090939,0.575722,0.003467,0.422915,0.414912,1
0.009646,4,1.0,0.045605,0.563523,0.003467,0.422915,0.414912,0
0.00969,5,0.0,0.076648,0.561738,0.003467,0.422915,0.414912,1
0.00969,5,0.021277,0.076648,0.533323,0.003467,0.422915,0.414912,1
0.00969,5,0.042553,0.041732,0.506397,0.003467,0.422915,0.414912,0
0.00969,5,0.06383,0.041582,0.442725,0.003467,0.422915,0.414912,0
0.00969,5,0.085106,0.041281,0.374145,0.003467,0.422915,0.414912,0
0.00969,5,0.106383,0.041311,0.326986,0.003467,0.422915,0.414912,0
0.00969,5,0.12766,0.041281,0.279084,0.003467,0.422915,0.414912,0
0.00969,5,0.148936,0.041281,0.242636,0.003467,0.422915,0.414912,0
0.00969,5,0.170213,0.040921,0.219429,0.003467,0.422915,0.414912,0
0.00969,5,0.191489,0.059625,0.216007,0.003467,0.422915,0.414912,0
0.00969,5,0.212766,0.041281,0.242487,0.003467,0.422915,0.414912,0
0.00969,5,0.234043,0.041732,0.29396,0.003467,0.422915,0.414912,0
0.00969,5,0.255319,0.071454,0.39765,0.003467,0.422915,0.414912,1
0.00969,5,0.276596,0.077159,0.513686,0.003467,0.422915,0.414912,1
0.00969,5,0.297872,0.041732,0.553555,0.003467,0.422915,0.414912,0
0.00969,5,0.319149,0.045154,0.645195,0.003467,0.422915,0.414912,0
0.00969,5,0.340426,0.041732,0.672865,0.003467,0.422915,0.414912,0
0.00969,5,0.361702,0.041732,0.664683,0.003467,0.422915,0.414912,0
0.00969,5,0.382979,0.059025,0.703065,0.003467,0.422915,0.414912,0
0.00969,5,0.404255,0.059025,0.721958,0.003467,0.422915,0.414912,0
0.00969,5,0.425532,0.076798,0.707825,0.003467,0.422915,0.414912,1
0.00969,5,0.446809,0.092861,0.675989,0.003467,0.422915,0.414912,1
0.00969,5,0.468085,0.087877,0.655162,0.003467,0.422915,0.414912,1
0.00969,5,0.489362,0.095232,0.642666,0.003467,0.422915,0.414912,1
0.00969,5,0.510638,0.07896,0.636864,0.003467,0.422915,0.414912,1
0.00969,5,0.531915,0.076798,0.622583,0.003467,0.422915,0.414912,1
0.00969,5,0.553191,0.079921,0.6144,0.003467,0.422915,0.414912,1
0.00969,5,0.574468,0.092861,0.613508,0.003467,0.422915,0.414912,1
0.00969,5,0.595745,0.07896,0.599524,0.003467,0.422915,0.414912,1
0.00969,5,0.617021,0.092861,0.577655,0.003467,0.422915,0.414912,1
0.00969,5,0.638298,0.07896,0.57111,0.003467,0.422915,0.414912,1
0.00969,5,0.659574,0.092861,0.588218,0.003467,0.422915,0.414912,1
0.00969,5,0.680851,0.092861,0.609789,0.003467,0.422915,0.414912,1
0.00969,5,0.702128,0.097814,0.64817,0.003467,0.422915,0.414912,1
0.00969,5,0.723404,0.097814,0.710354,0.003467,0.422915,0.414912,1
0.00969,5,0.744681,0.092861,0.76019,0.003467,0.422915,0.414912,1
0.00969,5,0.765957,0.069353,0.758256,0.003467,0.422915,0.414912,1
0.00969,5,0.787234,0.055572,0.734454,0.003467,0.422915,0.414912,0
0.00969,5,0.808511,0.041612,0.687147,0.003467,0.422915,0.414912,0
0.00969,5,0.829787,0.041582,0.651741,0.003467,0.422915,0.414912,0
0.00969,5,0.851064,0.059025,0.62526,0.003467,0.422915,0.414912,0
0.00969,5,0.87234,0.041732,0.596549,0.003467,0.422915,0.414912,0
0.00969,5,0.893617,0.041582,0.54939,0.003467,0.422915,0.414912,0
0.00969,5,0.914894,0.041281,0.492859,0.003467,0.422915,0.414912,0
0.00969,5,0.93617,0.071454,0.537935,0.003467,0.422915,0.414912,1
0.00969,5,0.957447,0.071454,0.546712,0.003467,0.422915,0.414912,1
0.00969,5,0.978723,0.076798,0.560994,0.003467,0.422915,0.414912,1
0.00969,5,1.0,0.059025,0.554299,0.003467,0.422915,0.414912,0
0.009734,6,0.0,0.059025,0.552812,0.003467,0.422915,0.414912,0
0.009734,6,0.021277,0.069173,0.521125,0.003467,0.422915,0.414912,1
0.009734,6,0.042553,0.045154,0.489289,0.003467,0.422915,0.414912,0
0.009734,6,0.06383,0.041732,0.418179,0.003467,0.422915,0.414912,0
0.009734,6,0.085106,0.045154,0.347664,0.003467,0.422915,0.414912,0
0.009734,6,0.106383,0.041582,0.302142,0.003467,0.422915,0.414912,0
0.009734,6,0.12766,0.041552,0.250074,0.003467,0.422915,0.414912,0
0.009734,6,0.148936,0.041582,0.209461,0.003467,0.422915,0.414912,0
0.009734,6,0.170213,0.059625,0.176138,0.003467,0.422915,0.414912,0
0.009734,6,0.191489,0.041642,0.160964,0.003467,0.422915,0.414912,0
0.009734,6,0.212766,0.041642,0.170336,0.003467,0.422915,0.414912,0
0.009734,6,0.234043,0.059625,0.181642,0.003467,0.422915,0.414912,0
0.009734,6,0.255319,0.06557,0.217644,0.003467,0.422915,0.414912,1
0.009734,6,0.276596,0.041582,0.255727,0.003467,0.422915,0.414912,0
0.009734,6,0.297872,0.06557,0.30601,0.003467,0.422915,0.414912,1
0.009734,6,0.319149,0.041732,0.394079,0.003467,0.422915,0.414912,0
0.009734,6,0.340426,0.041732,0.479619,0.003467,0.422915,0.414912,0
0.009734,6,0.361702,0.041732,0.534811,0.003467,0.422915,0.414912,0
0.009734,6,0.382979,0.042392,0.587623,0.003467,0.422915,0.414912,0
0.009734,6,0.404255,0.071454,0.597739,0.003467,0.422915,0.414912,1
0.009734,6,0.425532,0.041732,0.59402,0.003467,0.422915,0.414912,0
0.009734,6,0.446809,0.041732,0.57349,0.003467,0.422915,0.414912,0
0.009734,6,0.468085,0.041732,0.540167,0.003467,0.422915,0.414912,0
0.009734,6,0.489362,0.076018,0.552514,0.003467,0.422915,0.414912,1
0.009734,6,0.510638,0.084304,0.546415,0.003467,0.422915,0.414912,1
0.009734,6,0.531915,0.081062,0.533472,0.003467,0.422915,0.414912,1
0.009734,6,0.553191,0.078029,0.524249,0.003467,0.422915,0.414912,1
0.009734,6,0.574468,0.081062,0.516067,0.003467,0.422915,0.414912,1
0.009734,6,0.595745,0.081062,0.508926,0.003467,0.422915,0.414912,1
0.009734,6,0.617021,0.084304,0.503719,0.003467,0.422915,0.414912,1
0.009734,6,0.638298,0.084304,0.506694,0.003467,0.422915,0.414912,1
0.009734,6,0.659574,0.084484,0.511009,0.003467,0.422915,0.414912,1
0.009734,6,0.680851,0.085535,0.549688,0.003467,0.422915,0.414912,1
0.009734,6,0.702128,0.088657,0.594763,0.003467,0.422915,0.414912,1
0.009734,6,0.723404,0.092801,0.624665,0.003467,0.422915,0.414912,1
0.009734,6,0.744681,0.085535,0.68194,0.003467,0.422915,0.414912,1
0.009734,6,0.765957,0.069173,0.671229,0.003467,0.422915,0.414912,1
0.009734,6,0.787234,0.042062,0.651889,0.003467,0.422915,0.414912,0
0.009734,6,0.808511,0.041732,0.600417,0.003467,0.422915,0.414912,0
0.009734,6,0.829787,0.041732,0.549688,0.003467,0.422915,0.414912,0
0.009734,6,0.851064,0.041642,0.515472,0.003467,0.422915,0.414912,0
0.009734,6,0.87234,0.041582,0.493752,0.003467,0.422915,0.414912,0
0.009734,6,0.893617,0.041582,0.46385,0.003467,0.422915,0.414912,0
0.009734,6,0.914894,0.040741,0.424278,0.003467,0.422915,0.414912,0
0.009734,6,0.93617,0.041732,0.44704,0.003467,0.422915,0.414912,0
0.009734,6,0.957447,0.041642,0.448676,0.003467,0.422915,0.414912,0
0.009734,6,0.978723,0.041642,0.453436,0.003467,0.422915,0.414912,0
0.009734,6,1.0,0.041642,0.430378,0.003467,0.422915,0.414912,0
0.009778,7,0.0,0.041281,0.405385,0.003467,0.422915,0.414912,0
0.009778,7,0.021277,0.041642,0.350937,0.003467,0.422915,0.414912,0
0.009778,7,0.042553,0.041281,0.328325,0.003467,0.422915,0.414912,0
0.009778,7,0.06383,0.041642,0.276852,0.003467,0.422915,0.414912,0
0.009778,7,0.085106,0.041041,0.225379,0.003467,0.422915,0.414912,0
0.009778,7,0.106383,0.041281,0.18551,0.003467,0.422915,0.414912,0
0.009778,7,0.12766,0.041281,0.153377,0.003467,0.422915,0.414912,0
0.009778,7,0.148936,0.041281,0.130318,0.003467,0.422915,0.414912,0
0.009778,7,0.170213,0.041281,0.1144,0.003467,0.422915,0.414912,0
0.009778,7,0.191489,0.041281,0.108747,0.003467,0.422915,0.414912,0
0.009778,7,0.212766,0.041281,0.113805,0.003467,0.422915,0.414912,0
0.009778,7,0.234043,0.041281,0.116632,0.003467,0.422915,0.414912,0
0.009778,7,0.255319,0.041281,0.139244,0.003467,0.422915,0.414912,0
0.009778,7,0.276596,0.041642,0.162154,0.003467,0.422915,0.414912,0
0.009778,7,0.297872,0.064969,0.194139,0.003467,0.422915,0.414912,1
0.009778,7,0.319149,0.068422,0.25543,0.003467,0.422915,0.414912,1
0.009778,7,0.340426,0.041642,0.330854,0.003467,0.422915,0.414912,0
0.009778,7,0.361702,0.041732,0.40598,0.003467,0.422915,0.414912,0
0.009778,7,0.382979,0.068422,0.470544,0.003467,0.422915,0.414912,1
0.009778,7,0.404255,0.068422,0.518596,0.003467,0.422915,0.414912,1
0.009778,7,0.425532,0.076018,0.53258,0.003467,0.422915,0.414912,1
0.009778,7,0.446809,0.068422,0.540762,0.003467,0.422915,0.414912,1
0.009778,7,0.468085,0.084304,0.53377,0.003467,0.422915,0.414912,1
0.009778,7,0.489362,0.081692,0.544183,0.003467,0.422915,0.414912,1
0.009778,7,0.510638,0.084304,0.531538,0.003467,0.422915,0.414912,1
0.009778,7,0.531915,0.077039,0.510265,0.003467,0.422915,0.414912,1
0.009778,7,0.553191,0.078029,0.479024,0.003467,0.422915,0.414912,1
0.009778,7,0.574468,0.078029,0.46028,0.003467,0.422915,0.414912,1
0.009778,7,0.595745,0.077039,0.438411,0.003467,0.422915,0.414912,1
0.009778,7,0.617021,0.076018,0.416245,0.003467,0.422915,0.414912,1
0.009778,7,0.638298,0.076018,0.414014,0.003467,0.422915,0.414912,1
0.009778,7,0.659574,0.077039,0.408807,0.003467,0.422915,0.414912,1
0.009778,7,0.680851,0.076018,0.42532,0.003467,0.422915,0.414912,1
0.009778,7,0.702128,0.077039,0.476793,0.003467,0.422915,0.414912,1
0.009778,7,0.723404,0.088657,0.543588,0.003467,0.422915,0.414912,1
0.009778,7,0.744681,0.088237,0.625558,0.003467,0.422915,0.414912,1
0.009778,7,0.765957,0.084454,0.660518,0.003467,0.422915,0.414912,1
0.009778,7,0.787234,0.076018,0.641625,0.003467,0.422915,0.414912,1
0.009778,7,0.808511,0.041732,0.609194,0.003467,0.422915,0.414912,0
0.009778,7,0.829787,0.041732,0.585094,0.003467,0.422915,0.414912,0
0.009778,7,0.851064,0.041732,0.565457,0.003467,0.422915,0.414912,0
0.009778,7,0.87234,0.041732,0.546415,0.003467,0.422915,0.414912,0
0.009778,7,0.893617,0.041732,0.49881,0.003467,0.422915,0.414912,0
0.009778,7,0.914894,0.041642,0.447486,0.003467,0.422915,0.414912,0
0.009778,7,0.93617,0.068422,0.461767,0.003467,0.422915,0.414912,1
0.009778,7,0.957447,0.041642,0.447635,0.003467,0.422915,0.414912,0
0.009778,7,0.978723,0.041732,0.452246,0.003467,0.422915,0.414912,0
0.009778,7,1.0,0.041732,0.423088,0.003467,0.422915,0.414912,0
0.009823,1,0.0,0.041281,0.395567,0.003467,0.422915,0.414912,0
0.009823,1,0.021277,0.040741,0.345582,0.003467,0.422915,0.414912,0
0.009823,1,0.042553,0.041281,0.326986,0.003467,0.422915,0.414912,0
0.009823,1,0.06383,0.041281,0.278786,0.003467,0.422915,0.414912,0
0.009823,1,0.085106,0.041281,0.237876,0.003467,0.422915,0.414912,0
0.009823,1,0.106383,0.040681,0.211098,0.003467,0.422915,0.414912,0
0.009823,1,0.12766,0.040591,0.184766,0.003467,0.422915,0.414912,0
0.009823,1,0.148936,0.040591,0.162452,0.003467,0.422915,0.414912,0
0.009823,1,0.170213,0.041582,0.150104,0.003467,0.422915,0.414912,0
0.009823,1,0.191489,0.044824,0.158733,0.003467,0.422915,0.414912,0
0.009823,1,0.212766,0.041281,0.190866,0.003467,0.422915,0.414912,0
0.009823,1,0.234043,0.044824,0.251711,0.003467,0.422915,0.414912,0
0.009823,1,0.255319,0.041732,0.359268,0.003467,0.422915,0.414912,0
0.009823,1,0.276596,0.043683,0.486314,0.003467,0.422915,0.414912,0
0.009823,1,0.297872,0.044824,0.522464,0.003467,0.422915,0.414912,0
0.009823,1,0.319149,0.041732,0.595507,0.003467,0.422915,0.414912,0
0.009823,1,0.340426,0.042242,0.613954,0.003467,0.422915,0.414912,0
0.009823,1,0.361702,0.041582,0.597888,0.003467,0.422915,0.414912,0
0.009823,1,0.382979,0.041732,0.633145,0.003467,0.422915,0.414912,0
0.009823,1,0.404255,0.041732,0.640137,0.003467,0.422915,0.414912,0
0.009823,1,0.425532,0.041582,0.616781,0.003467,0.422915,0.414912,0
0.009823,1,0.446809,0.041732,0.591491,0.003467,0.422915,0.414912,0
0.009823,1,0.468085,0.041732,0.570068,0.003467,0.422915,0.414912,0
0.009823,1,0.489362,0.041732,0.563076,0.003467,0.422915,0.414912,0
0.009823,1,0.510638,0.042092,0.548349,0.003467,0.422915,0.414912,0
0.009823,1,0.531915,0.044824,0.53853,0.003467,0.422915,0.414912,0
0.009823,1,0.553191,0.044824,0.534662,0.003467,0.422915,0.414912,0
0.009823,1,0.574468,0.044824,0.526629,0.003467,0.422915,0.414912,0
0.009823,1,0.595745,0.044824,0.511752,0.003467,0.422915,0.414912,0
0.009823,1,0.617021,0.044824,0.494347,0.003467,0.422915,0.414912,0
0.009823,1,0.638298,0.044824,0.484528,0.003467,0.422915,0.414912,0
0.009823,1,0.659574,0.044824,0.492711,0.003467,0.422915,0.414912,0
0.009823,1,0.680851,0.045154,0.505802,0.003467,0.422915,0.414912,0
0.009823,1,0.702128,0.044824,0.53496,0.003467,0.422915,0.414912,0
0.009823,1,0.723404,0.041732,0.603541,0.003467,0.422915,0.414912,0
0.009823,1,0.744681,0.042062,0.717941,0.003467,0.422915,0.414912,0
0.009823,1,0.765957,0.042062,0.734008,0.003467,0.422915,0.414912,0
0.009823,1,0.787234,0.041732,0.720321,0.003467,0.422915,0.414912,0
0.009823,1,0.808511,0.041732,0.681345,0.003467,0.422915,0.414912,0
0.009823,1,0.829787,0.041582,0.659923,0.003467,0.422915,0.414912,0
0.009823,1,0.851064,0.044824,0.639988,0.003467,0.422915,0.414912,1
0.009823,1,0.87234,0.041732,0.615144,0.003467,0.422915,0.414912,0
0.009823,1,0.893617,0.071905,0.569473,0.003467,0.422915,0.414912,1
0.009823,1,0.914894,0.045154,0.515323,0.003467,0.422915,0.414912,1
0.009823,1,0.93617,0.094332,0.544927,0.003467,0.422915,0.414912,1
0.009823,1,0.957447,0.088777,0.546564,0.003467,0.422915,0.414912,1
0.009823,1,0.978723,0.094332,0.556084,0.003467,0.422915,0.414912,1
0.009823,1,1.0,0.088777,0.546266,0.003467,0.422915,0.414912,1
0.009867,2,0.0,0.094332,0.542696,0.003467,0.422915,0.414912,1
0.009867,2,0.021277,0.088777,0.515472,0.003467,0.422915,0.414912,1
0.009867,2,0.042553,0.088777,0.496281,0.003467,0.422915,0.414912,1
0.009867,2,0.06383,0.075267,0.434841,0.003467,0.422915,0.414912,1
0.009867,2,0.085106,0.071454,0.373698,0.003467,0.422915,0.414912,1
0.009867,2,0.106383,0.056173,0.325498,0.003467,0.422915,0.414912,1
0.009867,2,0.12766,0.044824,0.276555,0.003467,0.422915,0.414912,0
0.009867,2,0.148936,0.044824,0.234305,0.003467,0.422915,0.414912,0
0.009867,2,0.170213,0.047286,0.212139,0.003467,0.422915,0.414912,0
0.009867,2,0.191489,0.047286,0.211395,0.003467,0.422915,0.414912,0
0.009867,2,0.212766,0.047286,0.237429,0.003467,0.422915,0.414912,0
0.009867,2,0.234043,0.071454,0.285778,0.003467,0.422915,0.414912,1
0.009867,2,0.255319,0.071454,0.402856,0.003467,0.422915,0.414912,1
0.009867,2,0.276596,0.082863,0.526331,0.003467,0.422915,0.414912,1
0.009867,2,0.297872,0.075267,0.553704,0.003467,0.422915,0.414912,1
0.009867,2,0.319149,0.075267,0.632699,0.003467,0.422915,0.414912,1
0.009867,2,0.340426,0.060526,0.652633,0.003467,0.422915,0.414912,1
0.009867,2,0.361702,0.048006,0.644749,0.003467,0.422915,0.414912,0
0.009867,2,0.382979,0.082863,0.669444,0.003467,0.422915,0.414912,1
0.009867,2,0.404255,0.075267,0.665427,0.003467,0.422915,0.414912,1
0.009867,2,0.425532,0.082863,0.639839,0.003467,0.422915,0.414912,1
0.009867,2,0.446809,0.075267,0.603094,0.003467,0.422915,0.414912,1
0.009867,2,0.468085,0.07887,0.590896,0.003467,0.422915,0.414912,1
0.009867,2,0.489362,0.071454,0.579143,0.003467,0.422915,0.414912,1
0.009867,2,0.510638,0.07887,0.560845,0.003467,0.422915,0.414912,1
0.009867,2,0.531915,0.075267,0.547902,0.003467,0.422915,0.414912,1
0.009867,2,0.553191,0.075267,0.538828,0.003467,0.422915,0.414912,1
0.009867,2,0.574468,0.048006,0.525141,0.003467,0.422915,0.414912,0
0.009867,2,0.595745,0.047286,0.509075,0.003467,0.422915,0.414912,0
0.009867,2,0.617021,0.047286,0.499702,0.003467,0.422915,0.414912,0
0.009867,2,0.638298,0.048006,0.490925,0.003467,0.422915,0.414912,0
0.009867,2,0.659574,0.075267,0.499405,0.003467,0.422915,0.414912,1
0.009867,2,0.680851,0.076318,0.519042,0.003467,0.422915,0.414912,1
0.009867,2,0.702128,0.047286,0.557572,0.003467,0.422915,0.414912,0
0.009867,2,0.723404,0.047286,0.631062,0.003467,0.422915,0.414912,0
0.009867,2,0.744681,0.042062,0.74695,0.003467,0.422915,0.414912,0
0.009867,2,0.765957,0.047286,0.765695,0.003467,0.422915,0.414912,0
0.009867,2,0.787234,0.041732,0.75186,0.003467,0.422915,0.414912,0
0.009867,2,0.808511,0.041732,0.717792,0.003467,0.422915,0.414912,0
0.009867,2,0.829787,0.041732,0.684766,0.003467,0.422915,0.414912,0
0.009867,2,0.851064,0.047286,0.669295,0.003467,0.422915,0.414912,0
0.009867,2,0.87234,0.047286,0.637905,0.003467,0.422915,0.414912,0
0.009867,2,0.893617,0.047286,0.596102,0.003467,0.422915,0.414912,0
0.009867,2,0.914894,0.041732,0.532728,0.003467,0.422915,0.414912,0
0.009867,2,0.93617,0.047286,0.558316,0.003467,0.422915,0.414912,0
0.009867,2,0.957447,0.047286,0.557423,0.003467,0.422915,0.414912,0
0.009867,2,0.978723,0.071454,0.566201,0.003467,0.422915,0.414912,1
0.009867,2,1.0,0.048006,0.554894,0.003467,0.422915,0.414912,0
0.009911,3,0.0,0.048006,0.550431,0.003467,0.422915,0.414912,0
0.009911,3,0.021277,0.071454,0.531836,0.003467,0.422915,0.414912,1
0.009911,3,0.042553,0.071454,0.511306,0.003467,0.422915,0.414912,1
0.009911,3,0.06383,0.047286,0.446147,0.003467,0.422915,0.414912,0
0.009911,3,0.085106,0.063798,0.387682,0.003467,0.422915,0.414912,1
0.009911,3,0.106383,0.047286,0.337697,0.003467,0.422915,0.414912,0
0.009911,3,0.12766,0.045274,0.289795,0.003467,0.422915,0.414912,0
0.009911,3,0.148936,0.041612,0.24814,0.003467,0.422915,0.414912,0
0.009911,3,0.170213,0.041281,0.229098,0.003467,0.422915,0.414912,0
0.009911,3,0.191489,0.060496,0.22166,0.003467,0.422915,0.414912,1
0.009911,3,0.212766,0.060496,0.252603,0.003467,0.422915,0.414912,1
0.009911,3,0.234043,0.069173,0.301993,0.003467,0.422915,0.414912,1
0.009911,3,0.255319,0.07887,0.412824,0.003467,0.422915,0.414912,1
0.009911,3,0.276596,0.048247,0.533175,0.003467,0.422915,0.414912,0
0.009911,3,0.297872,0.064009,0.563374,0.003467,0.422915,0.414912,1
0.009911,3,0.319149,0.041732,0.638054,0.003467,0.422915,0.414912,0
0.009911,3,0.340426,0.041732,0.660518,0.003467,0.422915,0.414912,0
0.009911,3,0.361702,0.041281,0.648319,0.003467,0.422915,0.414912,0
0.009911,3,0.382979,0.043203,0.675989,0.003467,0.422915,0.414912,0
0.009911,3,0.404255,0.041732,0.677774,0.003467,0.422915,0.414912,0
0.009911,3,0.425532,0.041582,0.643112,0.003467,0.422915,0.414912,0
0.009911,3,0.446809,0.041732,0.602499,0.003467,0.422915,0.414912,0
0.009911,3,0.468085,0.041732,0.574383,0.003467,0.422915,0.414912,0
0.009911,3,0.489362,0.041582,0.560547,0.003467,0.422915,0.414912,0
0.009911,3,0.510638,0.041582,0.543588,0.003467,0.422915,0.414912,0
0.009911,3,0.531915,0.041281,0.517852,0.003467,0.422915,0.414912,0
0.009911,3,0.553191,0.041281,0.510414,0.003467,0.422915,0.414912,0
0.009911,3,0.574468,0.041281,0.505207,0.003467,0.422915,0.414912,0
0.009911,3,0.595745,0.041582,0.497322,0.003467,0.422915,0.414912,0
0.009911,3,0.617021,0.041281,0.478429,0.003467,0.422915,0.414912,0
0.009911,3,0.638298,0.041281,0.467718,0.003467,0.422915,0.414912,0
0.009911,3,0.659574,0.041732,0.481553,0.003467,0.422915,0.414912,0
0.009911,3,0.680851,0.082773,0.501339,0.003467,0.422915,0.414912,1
0.009911,3,0.702128,0.048247,0.53972,0.003467,0.422915,0.414912,0
0.009911,3,0.723404,0.041732,0.603689,0.003467,0.422915,0.414912,0
0.009911,3,0.744681,0.041732,0.71809,0.003467,0.422915,0.414912,0
0.009911,3,0.765957,0.041732,0.726272,0.003467,0.422915,0.414912,0
0.009911,3,0.787234,0.041582,0.722999,0.003467,0.422915,0.414912,0
0.009911,3,0.808511,0.041582,0.679857,0.003467,0.422915,0.414912,0
0.009911,3,0.829787,0.041281,0.660369,0.003467,0.422915,0.414912,0
0.009911,3,0.851064,0.041732,0.641476,0.003467,0.422915,0.414912,0
0.009911,3,0.87234,0.041582,0.609491,0.003467,0.422915,0.414912,0
0.009911,3,0.893617,0.041281,0.566647,0.003467,0.422915,0.414912,0
0.009911,3,0.914894,0.041281,0.510414,0.003467,0.422915,0.414912,0
0.009911,3,0.93617,0.043203,0.545671,0.003467,0.422915,0.414912,0
0.009911,3,0.957447,0.041732,0.545225,0.003467,0.422915,0.414912,0
0.009911,3,0.978723,0.048247,0.554002,0.003467,0.422915,0.414912,0
0.009911,3,1.0,0.041732,0.542398,0.003467,0.422915,0.414912,0
0.013008,4,0.0,0.092981,0.541506,0.003467,0.422915,0.414912,1
0.013008,4,0.021277,0.092981,0.518149,0.003467,0.422915,0.414912,1
0.013008,4,0.042553,0.090068,0.490628,0.003467,0.422915,0.414912,1
0.013008,4,0.06383,0.041281,0.427551,0.003467,0.422915,0.414912,0
0.013008,4,0.085106,0.041281,0.365665,0.003467,0.422915,0.414912,0
0.013008,4,0.106383,0.060496,0.318358,0.003467,0.422915,0.414912,1
0.013008,4,0.12766,0.041281,0.273728,0.003467,0.422915,0.414912,0
0.013008,4,0.148936,0.041281,0.234603,0.003467,0.422915,0.414912,0
0.013008,4,0.170213,0.041281,0.212288,0.003467,0.422915,0.414912,0
0.013008,4,0.191489,0.048787,0.209164,0.003467,0.422915,0.414912,0
0.013008,4,0.212766,0.060496,0.237578,0.003467,0.422915,0.414912,1
0.013008,4,0.234043,0.064519,0.282654,0.003467,0.422915,0.414912,1
0.013008,4,0.255319,0.078059,0.395418,0.003467,0.422915,0.414912,1
0.013008,4,0.276596,0.048787,0.507289,0.003467,0.422915,0.414912,1
0.013008,4,0.297872,0.048787,0.541357,0.003467,0.422915,0.414912,1
0.013008,4,0.319149,0.041732,0.618863,0.003467,0.422915,0.414912,0
0.013008,4,0.340426,0.041732,0.644451,0.003467,0.422915,0.414912,0
0.013008,4,0.361702,0.041732,0.629575,0.003467,0.422915,0.414912,0
0.013008,4,0.382979,0.041732,0.655162,0.003467,0.422915,0.414912,0
0.013008,4,0.404255,0.041732,0.654716,0.003467,0.422915,0.414912,0
0.013008,4,0.425532,0.048787,0.627641,0.003467,0.422915,0.414912,1
0.013008,4,0.446809,0.041732,0.599226,0.003467,0.422915,0.414912,0
0.013008,4,0.468085,0.048787,0.572151,0.003467,0.422915,0.414912,1
0.013008,4,0.489362,0.041732,0.564118,0.003467,0.422915,0.414912,0
0.013008,4,0.510638,0.041732,0.547456,0.003467,0.422915,0.414912,0
0.013008,4,0.531915,0.041732,0.530497,0.003467,0.422915,0.414912,0
0.013008,4,0.553191,0.041732,0.524249,0.003467,0.422915,0.414912,0
0.013008,4,0.574468,0.041732,0.514579,0.003467,0.422915,0.414912,0
0.013008,4,0.595745,0.041281,0.50119,0.003467,0.422915,0.414912,0
0.013008,4,0.617021,0.041281,0.493306,0.003467,0.422915,0.414912,0
0.013008,4,0.638298,0.041281,0.48557,0.003467,0.422915,0.414912,0
0.013008,4,0.659574,0.078059,0.493306,0.003467,0.422915,0.414912,1
0.013008,4,0.680851,0.082773,0.508628,0.003467,0.422915,0.414912,1
0.013008,4,0.702128,0.078059,0.536745,0.003467,0.422915,0.414912,1
0.013008,4,0.723404,0.082773,0.591044,0.003467,0.422915,0.414912,1
0.013008,4,0.744681,0.048787,0.691163,0.003467,0.422915,0.414912,0
0.013008,4,0.765957,0.041732,0.705147,0.003467,0.422915,0.414912,0
0.013008,4,0.787234,0.041732,0.693395,0.003467,0.422915,0.414912,0
0.013008,4,0.808511,0.041732,0.665873,0.003467,0.422915,0.414912,0
0.013008,4,0.829787,0.041582,0.643707,0.003467,0.422915,0.414912,0
0.013008,4,0.851064,0.048787,0.628087,0.003467,0.422915,0.414912,0
0.013008,4,0.87234,0.041732,0.606516,0.003467,0.422915,0.414912,0
0.013008,4,0.893617,0.041732,0.555489,0.003467,0.422915,0.414912,0
0.013008,4,0.914894,0.041281,0.498364,0.003467,0.422915,0.414912,0
0.013008,4,0.93617,0.048787,0.535109,0.003467,0.422915,0.414912,0
0.013008,4,0.957447,0.048787,0.547456,0.003467,0.422915,0.414912,0
0.013008,4,0.978723,0.078059,0.552812,0.003467,0.422915,0.414912,1
0.013008,4,1.0,0.078059,0.545968,0.003467,0.422915,0.414912,1
0.013053,5,0.0,0.041732,0.539572,0.003467,0.422915,0.414912,0
0.013053,5,0.021277,0.078059,0.520827,0.003467,0.422915,0.414912,1
0.013053,5,0.042553,0.041732,0.492711,0.003467,0.422915,0.414912,0
0.013053,5,0.06383,0.041281,0.423535,0.003467,0.422915,0.414912,0
0.013053,5,0.085106,0.048787,0.360458,0.003467,0.422915,0.414912,0
0.013053,5,0.106383,0.059625,0.313746,0.003467,0.422915,0.414912,1
0.013053,5,0.12766,0.064969,0.272538,0.003467,0.422915,0.414912,1
0.013053,5,0.148936,0.060496,0.234157,0.003467,0.422915,0.414912,1
0.013053,5,0.170213,0.041732,0.211693,0.003467,0.422915,0.414912,0
0.013053,5,0.191489,0.041582,0.208569,0.003467,0.422915,0.414912,0
0.013053,5,0.212766,0.059625,0.234603,0.003467,0.422915,0.414912,1
0.013053,5,0.234043,0.048247,0.284439,0.003467,0.422915,0.414912,0
0.013053,5,0.255319,0.082353,0.384112,0.003467,0.422915,0.414912,1
0.013053,5,0.276596,0.048247,0.503868,0.003467,0.422915,0.414912,0
0.013053,5,0.297872,0.048247,0.525588,0.003467,0.422915,0.414912,0
0.013053,5,0.319149,0.041732,0.590449,0.003467,0.422915,0.414912,0
0.013053,5,0.340426,0.041732,0.602499,0.003467,0.422915,0.414912,0
0.013053,5,0.361702,0.041582,0.593871,0.003467,0.422915,0.414912,0
0.013053,5,0.382979,0.048247,0.620649,0.003467,0.422915,0.414912,0
0.013053,5,0.404255,0.041732,0.633591,0.003467,0.422915,0.414912,0
0.013053,5,0.425532,0.041732,0.611425,0.003467,0.422915,0.414912,0
0.013053,5,0.446809,0.041582,0.58197,0.003467,0.422915,0.414912,0
0.013053,5,0.468085,0.041732,0.558465,0.003467,0.422915,0.414912,0
0.013053,5,0.489362,0.048247,0.546712,0.003467,0.422915,0.414912,0
0.013053,5,0.510638,0.041582,0.529307,0.003467,0.422915,0.414912,0
0.013053,5,0.531915,0.048247,0.516959,0.003467,0.422915,0.414912,0
0.013053,5,0.553191,0.041732,0.502083,0.003467,0.422915,0.414912,0
0.013053,5,0.574468,0.043323,0.486016,0.003467,0.422915,0.414912,0
0.013053,5,0.595745,0.048247,0.475751,0.003467,0.422915,0.414912,0
0.013053,5,0.617021,0.048247,0.459833,0.003467,0.422915,0.414912,0
0.013053,5,0.638298,0.048247,0.451503,0.003467,0.422915,0.414912,0
0.013053,5,0.659574,0.048247,0.45537,0.003467,0.422915,0.414912,0
0.013053,5,0.680851,0.048667,0.465338,0.003467,0.422915,0.414912,0
0.013053,5,0.702128,0.041732,0.486909,0.003467,0.422915,0.414912,0
0.013053,5,0.723404,0.041672,0.535109,0.003467,0.422915,0.414912,0
0.013053,5,0.744681,0.041702,0.630318,0.003467,0.422915,0.414912,0
0.013053,5,0.765957,0.041732,0.649658,0.003467,0.422915,0.414912,0
0.013053,5,0.787234,0.041582,0.633889,0.003467,0.422915,0.414912,0
0.013053,5,0.808511,0.041582,0.602946,0.003467,0.422915,0.414912,0
0.013053,5,0.829787,0.041582,0.57587,0.003467,0.422915,0.414912,0
0.013053,5,0.851064,0.041582,0.561143,0.003467,0.422915,0.414912,0
0.013053,5,0.87234,0.041582,0.546266,0.003467,0.422915,0.414912,0
0.013053,5,0.893617,0.041582,0.501339,0.003467,0.422915,0.414912,0
0.013053,5,0.914894,0.041281,0.457453,0.003467,0.422915,0.414912,0
0.013053,5,0.93617,0.048247,0.505207,0.003467,0.422915,0.414912,0
0.013053,5,0.957447,0.041732,0.519339,0.003467,0.422915,0.414912,0
0.013053,5,0.978723,0.048247,0.534365,0.003467,0.422915,0.414912,1
0.013053,5,1.0,0.048247,0.534216,0.003467,0.422915,0.414912,1
0.013097,6,0.0,0.048667,0.52767,0.003467,0.422915,0.414912,1
0.013097,6,0.021277,0.048667,0.502083,0.003467,0.422915,0.414912,1
0.013097,6,0.042553,0.048247,0.4759,0.003467,0.422915,0.414912,1
0.013097,6,0.06383,0.048247,0.404344,0.003467,0.422915,0.414912,1
0.013097,6,0.085106,0.041582,0.3374,0.003467,0.422915,0.414912,0
0.013097,6,0.106383,0.048247,0.282208,0.003467,0.422915,0.414912,1
0.013097,6,0.12766,0.041281,0.240553,0.003467,0.422915,0.414912,0
0.013097,6,0.148936,0.041281,0.200982,0.003467,0.422915,0.414912,0
0.013097,6,0.170213,0.041582,0.173758,0.003467,0.422915,0.414912,0
0.013097,6,0.191489,0.05317,0.159625,0.003467,0.422915,0.414912,1
0.013097,6,0.212766,0.048097,0.162154,0.003467,0.422915,0.414912,1
0.013097,6,0.234043,0.049538,0.175989,0.003467,0.422915,0.414912,1
0.013097,6,0.255319,0.059475,0.210354,0.003467,0.422915,0.414912,1
0.013097,6,0.276596,0.049538,0.251562,0.003467,0.422915,0.414912,1
0.013097,6,0.297872,0.049538,0.306456,0.003467,0.422915,0.414912,1
0.013097,6,0.319149,0.07833,0.391848,0.003467,0.422915,0.414912,1
0.013097,6,0.340426,0.049538,0.459833,0.003467,0.422915,0.414912,1
0.013097,6,0.361702,0.049538,0.507289,0.003467,0.422915,0.414912,1
0.013097,6,0.382979,0.049538,0.536299,0.003467,0.422915,0.414912,1
0.013097,6,0.404255,0.041732,0.533175,0.003467,0.422915,0.414912,0
0.013097,6,0.425532,0.041732,0.507736,0.003467,0.422915,0.414912,0
0.013097,6,0.446809,0.041582,0.47709,0.003467,0.422915,0.414912,0
0.013097,6,0.468085,0.041732,0.455073,0.003467,0.422915,0.414912,0
0.013097,6,0.489362,0.041732,0.424278,0.003467,0.422915,0.414912,0
0.013097,6,0.510638,0.041582,0.396757,0.003467,0.422915,0.414912,0
0.013097,6,0.531915,0.041582,0.381732,0.003467,0.422915,0.414912,0
0.013097,6,0.553191,0.041582,0.363434,0.003467,0.422915,0.414912,0
0.013097,6,0.574468,0.041401,0.343201,0.003467,0.422915,0.414912,0
0.013097,6,0.595745,0.041401,0.328027,0.003467,0.422915,0.414912,0
0.013097,6,0.617021,0.041401,0.317019,0.003467,0.422915,0.414912,0
0.013097,6,0.638298,0.041401,0.311068,0.003467,0.422915,0.414912,0
0.013097,6,0.659574,0.041401,0.308985,0.003467,0.422915,0.414912,0
0.013097,6,0.680851,0.041401,0.327135,0.003467,0.422915,0.414912,0
0.013097,6,0.702128,0.041401,0.359714,0.003467,0.422915,0.414912,0
0.013097,6,0.723404,0.041582,0.409402,0.003467,0.422915,0.414912,0
0.013097,6,0.744681,0.041582,0.519637,0.003467,0.422915,0.414912,0
0.013097,6,0.765957,0.046866,0.55787,0.003467,0.422915,0.414912,1
0.013097,6,0.787234,0.041732,0.543737,0.003467,0.422915,0.414912,0
0.013097,6,0.808511,0.041642,0.510414,0.003467,0.422915,0.414912,0
0.013097,6,0.829787,0.041582,0.473222,0.003467,0.422915,0.414912,0
0.013097,6,0.851064,0.041732,0.448974,0.003467,0.422915,0.414912,0
0.013097,6,0.87234,0.041582,0.435882,0.003467,0.422915,0.414912,0
0.013097,6,0.893617,0.041582,0.39765,0.003467,0.422915,0.414912,0
0.013097,6,0.914894,0.041401,0.36507,0.003467,0.422915,0.414912,0
0.013097,6,0.93617,0.041582,0.391699,0.003467,0.422915,0.414912,0
0.013097,6,0.957447,0.041401,0.400179,0.003467,0.422915,0.414912,0
0.013097,6,0.978723,0.041732,0.410295,0.003467,0.422915,0.414912,0
0.013097,6,1.0,0.041401,0.390509,0.003467,0.422915,0.414912,0
0.013141,7,0.0,0.041582,0.366558,0.003467,0.422915,0.414912,0
0.013141,7,0.021277,0.041582,0.327879,0.003467,0.422915,0.414912,0
0.013141,7,0.042553,0.041431,0.307349,0.003467,0.422915,0.414912,0
0.013141,7,0.06383,0.041401,0.252752,0.003467,0.422915,0.414912,0
0.013141,7,0.085106,0.041191,0.204552,0.003467,0.422915,0.414912,0
0.013141,7,0.106383,0.041341,0.167658,0.003467,0.422915,0.414912,0
0.013141,7,0.12766,0.040801,0.137608,0.003467,0.422915,0.414912,0
0.013141,7,0.148936,0.040801,0.115739,0.003467,0.422915,0.414912,0
0.013141,7,0.170213,0.040801,0.099226,0.003467,0.422915,0.414912,0
0.013141,7,0.191489,0.040801,0.095954,0.003467,0.422915,0.414912,0
0.013141,7,0.212766,0.040801,0.095061,0.003467,0.422915,0.414912,0
0.013141,7,0.234043,0.040801,0.10607,0.003467,0.422915,0.414912,0
0.013141,7,0.255319,0.040801,0.127492,0.003467,0.422915,0.414912,0
0.013141,7,0.276596,0.041281,0.150699,0.003467,0.422915,0.414912,0
0.013141,7,0.297872,0.048247,0.177328,0.003467,0.422915,0.414912,1
0.013141,7,0.319149,0.041401,0.239958,0.003467,0.422915,0.414912,0
0.013141,7,0.340426,0.041401,0.301845,0.003467,0.422915,0.414912,0
0.013141,7,0.361702,0.041401,0.355103,0.003467,0.422915,0.414912,0
0.013141,7,0.382979,0.048247,0.398542,0.003467,0.422915,0.414912,1
0.013141,7,0.404255,0.041582,0.421749,0.003467,0.422915,0.414912,0
0.013141,7,0.425532,0.041582,0.423237,0.003467,0.422915,0.414912,0
0.013141,7,0.446809,0.041582,0.402559,0.003467,0.422915,0.414912,0
0.013141,7,0.468085,0.041401,0.378905,0.003467,0.422915,0.414912,0
0.013141,7,0.489362,0.041401,0.364624,0.003467,0.422915,0.414912,0
0.013141,7,0.510638,0.041401,0.350342,0.003467,0.422915,0.414912,0
0.013141,7,0.531915,0.041401,0.3313,0.003467,0.422915,0.414912,0
0.013141,7,0.553191,0.041401,0.312109,0.003467,0.422915,0.414912,0
0.013141,7,0.574468,0.041401,0.286968,0.003467,0.422915,0.414912,0
0.013141,7,0.595745,0.041401,0.272687,0.003467,0.422915,0.414912,0
0.013141,7,0.617021,0.041401,0.258256,0.003467,0.422915,0.414912,0
0.013141,7,0.638298,0.041401,0.258405,0.003467,0.422915,0.414912,0
0.013141,7,0.659574,0.041401,0.260785,0.003467,0.422915,0.414912,0
0.013141,7,0.680851,0.041401,0.277298,0.003467,0.422915,0.414912,0
0.013141,7,0.702128,0.041401,0.313448,0.003467,0.422915,0.414912,0
0.013141,7,0.723404,0.041582,0.370574,0.003467,0.422915,0.414912,0
0.013141,7,0.744681,0.041582,0.482297,0.003467,0.422915,0.414912,0
0.013141,7,0.765957,0.041582,0.539274,0.003467,0.422915,0.414912,0
0.013141,7,0.787234,0.041522,0.52886,0.003467,0.422915,0.414912,0
0.013141,7,0.808511,0.041582,0.501041,0.003467,0.422915,0.414912,0
0.013141,7,0.829787,0.041582,0.483785,0.003467,0.422915,0.414912,0
0.013141,7,0.851064,0.041582,0.46742,0.003467,0.422915,0.414912,0
0.013141,7,0.87234,0.041401,0.449717,0.003467,0.422915,0.414912,0
0.013141,7,0.893617,0.041401,0.411336,0.003467,0.422915,0.414912,0
0.013141,7,0.914894,0.041401,0.365516,0.003467,0.422915,0.414912,0
0.013141,7,0.93617,0.041401,0.383071,0.003467,0.422915,0.414912,0
0.013141,7,0.957447,0.041401,0.386938,0.003467,0.422915,0.414912,0
0.013141,7,0.978723,0.041401,0.409997,0.003467,0.422915,0.414912,0
0.013141,7,1.0,0.041401,0.38917,0.003467,0.422915,0.414912,0
0.013185,1,0.0,0.040801,0.370872,0.003467,0.422915,0.414912,0
0.013185,1,0.021277,0.040801,0.32773,0.003467,0.422915,0.414912,0
0.013185,1,0.042553,0.040801,0.308093,0.003467,0.422915,0.414912,0
0.013185,1,0.06383,0.040801,0.265248,0.003467,0.422915,0.414912,0
0.013185,1,0.085106,0.040801,0.233115,0.003467,0.422915,0.414912,0
0.013185,1,0.106383,0.040801,0.202916,0.003467,0.422915,0.414912,0
0.013185,1,0.12766,0.040801,0.179411,0.003467,0.422915,0.414912,0
0.013185,1,0.148936,0.040801,0.158881,0.003467,0.422915,0.414912,0
0.013185,1,0.170213,0.040621,0.153377,0.003467,0.422915,0.414912,0
0.013185,1,0.191489,0.040621,0.161708,0.003467,0.422915,0.414912,0
0.013185,1,0.212766,0.041281,0.194585,0.003467,0.422915,0.414912,0
0.013185,1,0.234043,0.041582,0.238024,0.003467,0.422915,0.414912,1
0.013185,1,0.255319,0.041582,0.343201,0.003467,0.422915,0.414912,1
0.013185,1,0.276596,0.041732,0.446147,0.003467,0.422915,0.414912,1
0.013185,1,0.297872,0.041281,0.474859,0.003467,0.422915,0.414912,0
0.013185,1,0.319149,0.041281,0.530497,0.003467,0.422915,0.414912,0
0.013185,1,0.340426,0.041582,0.550283,0.003467,0.422915,0.414912,1
0.013185,1,0.361702,0.041281,0.54582,0.003467,0.422915,0.414912,0
0.013185,1,0.382979,0.041732,0.575126,0.003467,0.422915,0.414912,1
0.013185,1,0.404255,0.041582,0.586879,0.003467,0.422915,0.414912,1
0.013185,1,0.425532,0.041582,0.56263,0.003467,0.422915,0.414912,1
0.013185,1,0.446809,0.041582,0.541506,0.003467,0.422915,0.414912,1
0.013185,1,0.468085,0.041582,0.522761,0.003467,0.422915,0.414912,1
0.013185,1,0.489362,0.041582,0.50967,0.003467,0.422915,0.414912,1
0.013185,1,0.510638,0.041582,0.495983,0.003467,0.422915,0.414912,1
0.013185,1,0.531915,0.041281,0.487206,0.003467,0.422915,0.414912,0
0.013185,1,0.553191,0.041281,0.491223,0.003467,0.422915,0.414912,0
0.013185,1,0.574468,0.041582,0.482148,0.003467,0.422915,0.414912,1
0.013185,1,0.595745,0.041281,0.475454,0.003467,0.422915,0.414912,0
0.013185,1,0.617021,0.041281,0.453585,0.003467,0.422915,0.414912,0
0.013185,1,0.638298,0.041281,0.449717,0.003467,0.422915,0.414912,0
0.013185,1,0.659574,0.041281,0.46266,0.003467,0.422915,0.414912,0
0.013185,1,0.680851,0.041732,0.473073,0.003467,0.422915,0.414912,1
0.013185,1,0.702128,0.041732,0.502083,0.003467,0.422915,0.414912,1
0.013185,1,0.723404,0.049267,0.557126,0.003467,0.422915,0.414912,1
0.013185,1,0.744681,0.048247,0.6687,0.003467,0.422915,0.414912,1
0.013185,1,0.765957,0.048247,0.688188,0.003467,0.422915,0.414912,1
0.013185,1,0.787234,0.041732,0.675245,0.003467,0.422915,0.414912,0
0.013185,1,0.808511,0.041582,0.637757,0.003467,0.422915,0.414912,0
0.013185,1,0.829787,0.041732,0.616781,0.003467,0.422915,0.414912,0
0.013185,1,0.851064,0.041732,0.591639,0.003467,0.422915,0.414912,0
0.013185,1,0.87234,0.041582,0.570217,0.003467,0.422915,0.414912,0
0.013185,1,0.893617,0.041732,0.527522,0.003467,0.422915,0.414912,0
0.013185,1,0.914894,0.041281,0.476644,0.003467,0.422915,0.414912,0
0.013185,1,0.93617,0.041732,0.519042,0.003467,0.422915,0.414912,0
0.013185,1,0.957447,0.048247,0.529753,0.003467,0.422915,0.414912,1
0.013185,1,0.978723,0.049267,0.537935,0.003467,0.422915,0.414912,1
0.013185,1,1.0,0.048247,0.533472,0.003467,0.422915,0.414912,1
0.01323,2,0.0,0.049267,0.531538,0.003467,0.422915,0.414912,1
0.01323,2,0.021277,0.075057,0.511752,0.003467,0.422915,0.414912,1
0.01323,2,0.042553,0.049267,0.490181,0.003467,0.422915,0.414912,1
0.01323,2,0.06383,0.048247,0.428295,0.003467,0.422915,0.414912,1
0.01323,2,0.085106,0.072175,0.363285,0.003467,0.422915,0.414912,1
0.01323,2,0.106383,0.041732,0.318953,0.003467,0.422915,0.414912,0
0.01323,2,0.12766,0.046475,0.273728,0.003467,0.422915,0.414912,1
0.01323,2,0.148936,0.041582,0.235644,0.003467,0.422915,0.414912,0
0.01323,2,0.170213,0.049538,0.221214,0.003467,0.422915,0.414912,1
0.01323,2,0.191489,0.049538,0.210503,0.003467,0.422915,0.414912,1
0.01323,2,0.212766,0.060496,0.236388,0.003467,0.422915,0.414912,1
0.01323,2,0.234043,0.071965,0.292919,0.003467,0.422915,0.414912,1
0.01323,2,0.255319,0.07953,0.41208,0.003467,0.422915,0.414912,1
0.01323,2,0.276596,0.085535,0.535406,0.003467,0.422915,0.414912,1
0.01323,2,0.297872,0.07953,0.560101,0.003467,0.422915,0.414912,1
0.01323,2,0.319149,0.082773,0.63374,0.003467,0.422915,0.414912,1
0.01323,2,0.340426,0.07953,0.648319,0.003467,0.422915,0.414912,1
0.01323,2,0.361702,0.049538,0.626004,0.003467,0.422915,0.414912,0
0.01323,2,0.382979,0.049538,0.646087,0.003467,0.422915,0.414912,0
0.01323,2,0.404255,0.049538,0.641773,0.003467,0.422915,0.414912,0
0.01323,2,0.425532,0.048247,0.613062,0.003467,0.422915,0.414912,0
0.01323,2,0.446809,0.048247,0.58078,0.003467,0.422915,0.414912,0
0.01323,2,0.468085,0.083764,0.566944,0.003467,0.422915,0.414912,1
0.01323,2,0.489362,0.075718,0.549985,0.003467,0.422915,0.414912,1
0.01323,2,0.510638,0.075718,0.532282,0.003467,0.422915,0.414912,1
0.01323,2,0.531915,0.075718,0.525439,0.003467,0.422915,0.414912,1
0.01323,2,0.553191,0.046055,0.520976,0.003467,0.422915,0.414912,0
0.01323,2,0.574468,0.048247,0.506248,0.003467,0.422915,0.414912,0
0.01323,2,0.595745,0.048247,0.496727,0.003467,0.422915,0.414912,0
0.01323,2,0.617021,0.048247,0.486611,0.003467,0.422915,0.414912,0
0.01323,2,0.638298,0.048247,0.474412,0.003467,0.422915,0.414912,0
0.01323,2,0.659574,0.048247,0.48438,0.003467,0.422915,0.414912,0
0.01323,2,0.680851,0.075718,0.493306,0.003467,0.422915,0.414912,1
0.01323,2,0.702128,0.049538,0.519637,0.003467,0.422915,0.414912,0
0.01323,2,0.723404,0.082773,0.577655,0.003467,0.422915,0.414912,1
0.01323,2,0.744681,0.075718,0.672716,0.003467,0.422915,0.414912,1
0.01323,2,0.765957,0.075718,0.714222,0.003467,0.422915,0.414912,1
0.01323,2,0.787234,0.049538,0.711098,0.003467,0.422915,0.414912,0
0.01323,2,0.808511,0.048247,0.662898,0.003467,0.422915,0.414912,0
0.01323,2,0.829787,0.048247,0.633889,0.003467,0.422915,0.414912,0
0.01323,2,0.851064,0.075718,0.611276,0.003467,0.422915,0.414912,1
0.01323,2,0.87234,0.075718,0.590449,0.003467,0.422915,0.414912,1
0.01323,2,0.893617,0.048247,0.536745,0.003467,0.422915,0.414912,0
0.01323,2,0.914894,0.041582,0.483933,0.003467,0.422915,0.414912,0
0.01323,2,0.93617,0.085535,0.515769,0.003467,0.422915,0.414912,1
0.01323,2,0.957447,0.07953,0.517852,0.003467,0.422915,0.414912,1
0.01323,2,0.978723,0.085535,0.529307,0.003467,0.422915,0.414912,1
0.01323,2,1.0,0.087637,0.522761,0.003467,0.422915,0.414912,1
0.013274,3,0.0,0.087637,0.525439,0.003467,0.422915,0.414912,1
0.013274,3,0.021277,0.090939,0.504017,0.003467,0.422915,0.414912,1
0.013274,3,0.042553,0.07953,0.480661,0.003467,0.422915,0.414912,1
0.013274,3,0.06383,0.049538,0.417287,0.003467,0.422915,0.414912,0
0.013274,3,0.085106,0.048247,0.357037,0.003467,0.422915,0.414912,0
0.013274,3,0.106383,0.049538,0.310027,0.003467,0.422915,0.414912,0
0.013274,3,0.12766,0.041582,0.265992,0.003467,0.422915,0.414912,0
0.013274,3,0.148936,0.041582,0.226718,0.003467,0.422915,0.414912,0
0.013274,3,0.170213,0.050168,0.209164,0.003467,0.422915,0.414912,0
0.013274,3,0.191489,0.051249,0.200684,0.003467,0.422915,0.414912,0
0.013274,3,0.212766,0.051249,0.231479,0.003467,0.422915,0.414912,0
0.013274,3,0.234043,0.051249,0.281613,0.003467,0.422915,0.414912,0
0.013274,3,0.255319,0.075567,0.38798,0.003467,0.422915,0.414912,1
0.013274,3,0.276596,0.086135,0.503124,0.003467,0.422915,0.414912,1
0.013274,3,0.297872,0.071304,0.509967,0.003467,0.422915,0.414912,1
0.013274,3,0.319149,0.041732,0.571407,0.003467,0.422915,0.414912,0
0.013274,3,0.340426,0.041732,0.582416,0.003467,0.422915,0.414912,0
0.013274,3,0.361702,0.041732,0.569325,0.003467,0.422915,0.414912,0
0.013274,3,0.382979,0.043203,0.601012,0.003467,0.422915,0.414912,0
0.013274,3,0.404255,0.043203,0.603838,0.003467,0.422915,0.414912,0
0.013274,3,0.425532,0.041732,0.583011,0.003467,0.422915,0.414912,0
0.013274,3,0.446809,0.041732,0.560994,0.003467,0.422915,0.414912,0
0.013274,3,0.468085,0.041732,0.546712,0.003467,0.422915,0.414912,0
0.013274,3,0.489362,0.041732,0.536596,0.003467,0.422915,0.414912,0
0.013274,3,0.510638,0.041732,0.521125,0.003467,0.422915,0.414912,0
0.013274,3,0.531915,0.041732,0.509223,0.003467,0.422915,0.414912,0
0.013274,3,0.553191,0.041732,0.505058,0.003467,0.422915,0.414912,0
0.013274,3,0.574468,0.041732,0.497769,0.003467,0.422915,0.414912,0
0.013274,3,0.595745,0.041732,0.485867,0.003467,0.422915,0.414912,0
0.013274,3,0.617021,0.051249,0.481553,0.003467,0.422915,0.414912,0
0.013274,3,0.638298,0.082833,0.471288,0.003467,0.422915,0.414912,1
0.013274,3,0.659574,0.086135,0.478429,0.003467,0.422915,0.414912,1
0.013274,3,0.680851,0.082833,0.496132,0.003467,0.422915,0.414912,1
0.013274,3,0.702128,0.088567,0.530497,0.003467,0.422915,0.414912,1
0.013274,3,0.723404,0.090309,0.587623,0.003467,0.422915,0.414912,1
0.013274,3,0.744681,0.090309,0.698453,0.003467,0.422915,0.414912,1
0.013274,3,0.765957,0.10505,0.732966,0.003467,0.422915,0.414912,1
0.013274,3,0.787234,0.090068,0.720173,0.003467,0.422915,0.414912,1
0.013274,3,0.808511,0.088567,0.683874,0.003467,0.422915,0.414912,1
0.013274,3,0.829787,0.088567,0.65665,0.003467,0.422915,0.414912,1
0.013274,3,0.851064,0.090309,0.635823,0.003467,0.422915,0.414912,1
0.013274,3,0.87234,0.090068,0.612169,0.003467,0.422915,0.414912,1
0.013274,3,0.893617,0.086135,0.561886,0.003467,0.422915,0.414912,1
0.013274,3,0.914894,0.051249,0.509223,0.003467,0.422915,0.414912,0
0.013274,3,0.93617,0.090068,0.540613,0.003467,0.422915,0.414912,1
0.013274,3,0.957447,0.090068,0.546415,0.003467,0.422915,0.414912,1
0.013274,3,0.978723,0.097574,0.549241,0.003467,0.422915,0.414912,1
0.013274,3,1.0,0.090309,0.545076,0.003467,0.422915,0.414912,1
0.013318,4,0.0,0.097574,0.541952,0.003467,0.422915,0.414912,1
0.013318,4,0.021277,0.097574,0.520976,0.003467,0.422915,0.414912,1
0.013318,4,0.042553,0.090068,0.501041,0.003467,0.422915,0.414912,1
0.013318,4,0.06383,0.090068,0.443023,0.003467,0.422915,0.414912,1
0.013318,4,0.085106,0.071304,0.380542,0.003467,0.422915,0.414912,1
0.013318,4,0.106383,0.060496,0.332193,0.003467,0.422915,0.414912,0
0.013318,4,0.12766,0.050168,0.281166,0.003467,0.422915,0.414912,0
0.013318,4,0.148936,0.050168,0.244719,0.003467,0.422915,0.414912,0
0.013318,4,0.170213,0.050318,0.227313,0.003467,0.422915,0.414912,0
0.013318,4,0.191489,0.059926,0.216305,0.003467,0.422915,0.414912,0
0.013318,4,0.212766,0.060496,0.245165,0.003467,0.422915,0.414912,0
0.013318,4,0.234043,0.060496,0.295448,0.003467,0.422915,0.414912,0
0.013318,4,0.255319,0.081002,0.411336,0.003467,0.422915,0.414912,1
0.013318,4,0.276596,0.081002,0.528563,0.003467,0.422915,0.414912,1
0.013318,4,0.297872,0.075567,0.558614,0.003467,0.422915,0.414912,1
0.013318,4,0.319149,0.051099,0.633442,0.003467,0.422915,0.414912,0
0.013318,4,0.340426,0.050318,0.64817,0.003467,0.422915,0.414912,0
0.013318,4,0.361702,0.045034,0.635525,0.003467,0.422915,0.414912,0
0.013318,4,0.382979,0.050318,0.661857,0.003467,0.422915,0.414912,0
0.013318,4,0.404255,0.045995,0.666468,0.003467,0.422915,0.414912,0
0.013318,4,0.425532,0.050318,0.6446,0.003467,0.422915,0.414912,0
0.013318,4,0.446809,0.050318,0.612318,0.003467,0.422915,0.414912,0
0.013318,4,0.468085,0.051099,0.594763,0.003467,0.422915,0.414912,0
0.013318,4,0.489362,0.081002,0.588069,0.003467,0.422915,0.414912,1
0.013318,4,0.510638,0.081002,0.580482,0.003467,0.422915,0.414912,1
0.013318,4,0.531915,0.081932,0.573788,0.003467,0.422915,0.414912,1
0.013318,4,0.553191,0.081932,0.57349,0.003467,0.422915,0.414912,1
0.013318,4,0.574468,0.088567,0.563225,0.003467,0.422915,0.414912,1
0.013318,4,0.595745,0.081932,0.552365,0.003467,0.422915,0.414912,1
0.013318,4,0.617021,0.081932,0.545968,0.003467,0.422915,0.414912,1
0.013318,4,0.638298,0.082833,0.53734,0.003467,0.422915,0.414912,1
0.013318,4,0.659574,0.081932,0.551919,0.003467,0.422915,0.414912,1
0.013318,4,0.680851,0.088567,0.57587,0.003467,0.422915,0.414912,1
0.013318,4,0.702128,0.088567,0.609789,0.003467,0.422915,0.414912,1
0.013318,4,0.723404,0.10505,0.68075,0.003467,0.422915,0.414912,1
0.013318,4,0.744681,0.106341,0.803332,0.003467,0.422915,0.414912,1
0.013318,4,0.765957,0.113937,0.836358,0.003467,0.422915,0.414912,1
0.013318,4,0.787234,0.10505,0.827581,0.003467,0.422915,0.414912,1
0.013318,4,0.808511,0.090068,0.802142,0.003467,0.422915,0.414912,1
0.013318,4,0.829787,0.088567,0.775811,0.003467,0.422915,0.414912,1
0.013318,4,0.851064,0.11889,0.755132,0.003467,0.422915,0.414912,1
0.013318,4,0.87234,0.090068,0.727908,0.003467,0.422915,0.414912,1
0.013318,4,0.893617,0.088567,0.66751,0.003467,0.422915,0.414912,1
0.013318,4,0.914894,0.075057,0.599226,0.003467,0.422915,0.414912,0
0.013318,4,0.93617,0.090068,0.623624,0.003467,0.422915,0.414912,1
0.013318,4,0.957447,0.088567,0.611128,0.003467,0.422915,0.414912,1
0.013318,4,0.978723,0.081002,0.605177,0.003467,0.422915,0.414912,1
0.013318,4,1.0,0.081002,0.598483,0.003467,0.422915,0.414912,1
0.013362,5,0.0,0.088567,0.591491,0.003467,0.422915,0.414912,1
0.013362,5,0.021277,0.088567,0.568134,0.003467,0.422915,0.414912,1
0.013362,5,0.042553,0.088567,0.542696,0.003467,0.422915,0.414912,1
0.013362,5,0.06383,0.081002,0.480512,0.003467,0.422915,0.414912,1
0.013362,5,0.085106,0.071965,0.416245,0.003467,0.422915,0.414912,0
0.013362,5,0.106383,0.060496,0.365665,0.003467,0.422915,0.414912,0
0.013362,5,0.12766,0.051099,0.323118,0.003467,0.422915,0.414912,0
0.013362,5,0.148936,0.059926,0.283844,0.003467,0.422915,0.414912,0
0.013362,5,0.170213,0.060496,0.258108,0.003467,0.422915,0.414912,0
0.013362,5,0.191489,0.067491,0.257661,0.003467,0.422915,0.414912,0
0.013362,5,0.212766,0.071965,0.285183,0.003467,0.422915,0.414912,0
0.013362,5,0.234043,0.074667,0.3374,0.003467,0.422915,0.414912,0
0.013362,5,0.255319,0.097574,0.452693,0.003467,0.422915,0.414912,1
0.013362,5,0.276596,0.116909,0.586581,0.003467,0.422915,0.414912,1
0.013362,5,0.297872,0.097574,0.628831,0.003467,0.422915,0.414912,1
0.013362,5,0.319149,0.11784,0.711395,0.003467,0.422915,0.414912,1
0.013362,5,0.340426,0.119731,0.727016,0.003467,0.422915,0.414912,1
0.013362,5,0.361702,0.090068,0.714668,0.003467,0.422915,0.414912,1
0.013362,5,0.382979,0.119731,0.740256,0.003467,0.422915,0.414912,1
0.013362,5,0.404255,0.11784,0.734603,0.003467,0.422915,0.414912,1
0.013362,5,0.425532,0.097574,0.703957,0.003467,0.422915,0.414912,1
0.013362,5,0.446809,0.116909,0.664534,0.003467,0.422915,0.414912,1
0.013362,5,0.468085,0.104179,0.635823,0.003467,0.422915,0.414912,1
0.013362,5,0.489362,0.088567,0.611425,0.003467,0.422915,0.414912,0
0.013362,5,0.510638,0.097574,0.597144,0.003467,0.422915,0.414912,1
0.013362,5,0.531915,0.090068,0.578697,0.003467,0.422915,0.414912,0
0.013362,5,0.553191,0.076258,0.554894,0.003467,0.422915,0.414912,0
0.013362,5,0.574468,0.074817,0.542993,0.003467,0.422915,0.414912,0
0.013362,5,0.595745,0.057013,0.525141,0.003467,0.422915,0.414912,0
0.013362,5,0.617021,0.057013,0.50848,0.003467,0.422915,0.414912,0
0.013362,5,0.638298,0.057013,0.500446,0.003467,0.422915,0.414912,0
0.013362,5,0.659574,0.057013,0.508777,0.003467,0.422915,0.414912,0
0.013362,5,0.680851,0.074817,0.521422,0.003467,0.422915,0.414912,0
0.013362,5,0.702128,0.057013,0.559357,0.003467,0.422915,0.414912,0
0.013362,5,0.723404,0.104179,0.626004,0.003467,0.422915,0.414912,1
0.013362,5,0.744681,0.116909,0.7349,0.003467,0.422915,0.414912,1
0.013362,5,0.765957,0.124745,0.771199,0.003467,0.422915,0.414912,1
0.013362,5,0.787234,0.119731,0.759595,0.003467,0.422915,0.414912,1
0.013362,5,0.808511,0.11784,0.732074,0.003467,0.422915,0.414912,1
0.013362,5,0.829787,0.088567,0.699792,0.003467,0.422915,0.414912,1
0.013362,5,0.851064,0.119731,0.67956,0.003467,0.422915,0.414912,1
0.013362,5,0.87234,0.116909,0.648616,0.003467,0.422915,0.414912,1
0.013362,5,0.893617,0.088567,0.60607,0.003467,0.422915,0.414912,0
0.013362,5,0.914894,0.088567,0.548051,0.003467,0.422915,0.414912,0
0.013362,5,0.93617,0.116909,0.584499,0.003467,0.422915,0.414912,1
0.013362,5,0.957447,0.097574,0.593573,0.003467,0.422915,0.414912,1
0.013362,5,0.978723,0.116909,0.602202,0.003467,0.422915,0.414912,1
0.013362,5,1.0,0.11784,0.601755,0.003467,0.422915,0.414912,1
0.013406,6,0.0,0.116909,0.592086,0.003467,0.422915,0.414912,1
0.013406,6,0.021277,0.11784,0.569027,0.003467,0.422915,0.414912,1
0.013406,6,0.042553,0.090068,0.531389,0.003467,0.422915,0.414912,0
0.013406,6,0.06383,0.076258,0.461767,0.003467,0.422915,0.414912,0
0.013406,6,0.085106,0.071965,0.396162,0.003467,0.422915,0.414912,0
0.013406,6,0.106383,0.071965,0.340375,0.003467,0.422915,0.414912,0
0.013406,6,0.12766,0.060496,0.290687,0.003467,0.422915,0.414912,0
0.013406,6,0.148936,0.060496,0.248438,0.003467,0.422915,0.414912,0
0.013406,6,0.170213,0.066531,0.222553,0.003467,0.422915,0.414912,0
0.013406,6,0.191489,0.062958,0.203065,0.003467,0.422915,0.414912,0
0.013406,6,0.212766,0.066531,0.20842,0.003467,0.422915,0.414912,0
0.013406,6,0.234043,0.071905,0.214668,0.003467,0.422915,0.414912,0
0.013406,6,0.255319,0.072175,0.253942,0.003467,0.422915,0.414912,0
0.013406,6,0.276596,0.074817,0.297233,0.003467,0.422915,0.414912,0
0.013406,6,0.297872,0.078029,0.367301,0.003467,0.422915,0.414912,0
0.013406,6,0.319149,0.085235,0.461619,0.003467,0.422915,0.414912,0
0.013406,6,0.340426,0.085235,0.543439,0.003467,0.422915,0.414912,0
0.013406,6,0.361702,0.085235,0.584647,0.003467,0.422915,0.414912,0
0.013406,6,0.382979,0.085235,0.618566,0.003467,0.422915,0.414912,0
0.013406,6,0.404255,0.078029,0.614698,0.003467,0.422915,0.414912,0
0.013406,6,0.425532,0.074817,0.579738,0.003467,0.422915,0.414912,0
0.013406,6,0.446809,0.074817,0.540018,0.003467,0.422915,0.414912,0
0.013406,6,0.468085,0.071905,0.496578,0.003467,0.422915,0.414912,0
0.013406,6,0.489362,0.057464,0.46742,0.003467,0.422915,0.414912,0
0.013406,6,0.510638,0.076258,0.435287,0.003467,0.422915,0.414912,0
0.013406,6,0.531915,0.057464,0.401964,0.003467,0.422915,0.414912,0
0.013406,6,0.553191,0.051249,0.383666,0.003467,0.422915,0.414912,0
0.013406,6,0.574468,0.045034,0.361797,0.003467,0.422915,0.414912,0
0.013406,6,0.595745,0.051249,0.346177,0.003467,0.422915,0.414912,0
0.013406,6,0.617021,0.041371,0.336805,0.003467,0.422915,0.414912,0
0.013406,6,0.638298,0.041401,0.33011,0.003467,0.422915,0.414912,0
0.013406,6,0.659574,0.041762,0.337251,0.003467,0.422915,0.414912,0
0.013406,6,0.680851,0.051249,0.359119,0.003467,0.422915,0.414912,0
0.013406,6,0.702128,0.068422,0.405385,0.003467,0.422915,0.414912,0
0.013406,6,0.723404,0.10508,0.467569,0.003467,0.422915,0.414912,1
0.013406,6,0.744681,0.114567,0.60235,0.003467,0.422915,0.414912,1
0.013406,6,0.765957,0.134682,0.658881,0.003467,0.422915,0.414912,1
0.013406,6,0.787234,0.108833,0.654716,0.003467,0.422915,0.414912,1
0.013406,6,0.808511,0.10508,0.615591,0.003467,0.422915,0.414912,1
0.013406,6,0.829787,0.087306,0.583011,0.003467,0.422915,0.414912,1
0.013406,6,0.851064,0.087426,0.553109,0.003467,0.422915,0.414912,1
0.013406,6,0.87234,0.087156,0.536745,0.003467,0.422915,0.414912,1
0.013406,6,0.893617,0.085205,0.498959,0.003467,0.422915,0.414912,1
0.013406,6,0.914894,0.061907,0.456114,0.003467,0.422915,0.414912,0
0.013406,6,0.93617,0.084965,0.477536,0.003467,0.422915,0.414912,1
0.013406,6,0.957447,0.078029,0.476941,0.003467,0.422915,0.414912,0
0.013406,6,0.978723,0.076258,0.481107,0.003467,0.422915,0.414912,0
0.013406,6,1.0,0.071905,0.464445,0.003467,0.422915,0.414912,0
0.013451,7,0.0,0.072175,0.437072,0.003467,0.422915,0.414912,0
0.013451,7,0.021277,0.072175,0.383963,0.003467,0.422915,0.414912,0
0.013451,7,0.042553,0.057464,0.360458,0.003467,0.422915,0.414912,0
0.013451,7,0.06383,0.068272,0.30601,0.003467,0.422915,0.414912,0
0.013451,7,0.085106,0.057464,0.259595,0.003467,0.422915,0.414912,0
0.013451,7,0.106383,0.059625,0.228057,0.003467,0.422915,0.414912,0
0.013451,7,0.12766,0.062958,0.197858,0.003467,0.422915,0.414912,0
0.013451,7,0.148936,0.059625,0.173163,0.003467,0.422915,0.414912,0
0.013451,7,0.170213,0.062958,0.155906,0.003467,0.422915,0.414912,0
0.013451,7,0.191489,0.059565,0.138798,0.003467,0.422915,0.414912,0
0.013451,7,0.212766,0.059565,0.1446,0.003467,0.422915,0.414912,0
0.013451,7,0.234043,0.06623,0.156352,0.003467,0.422915,0.414912,0
0.013451,7,0.255319,0.068272,0.182832,0.003467,0.422915,0.414912,0
0.013451,7,0.276596,0.068272,0.215858,0.003467,0.422915,0.414912,0
0.013451,7,0.297872,0.074817,0.25543,0.003467,0.422915,0.414912,1
0.013451,7,0.319149,0.077039,0.334722,0.003467,0.422915,0.414912,1
0.013451,7,0.340426,0.084965,0.39765,0.003467,0.422915,0.414912,1
0.013451,7,0.361702,0.081092,0.455222,0.003467,0.422915,0.414912,1
0.013451,7,0.382979,0.085235,0.500446,0.003467,0.422915,0.414912,1
0.013451,7,0.404255,0.085235,0.515323,0.003467,0.422915,0.414912,1
0.013451,7,0.425532,0.078029,0.494347,0.003467,0.422915,0.414912,1
0.013451,7,0.446809,0.071905,0.470693,0.003467,0.422915,0.414912,0
0.013451,7,0.468085,0.071905,0.43975,0.003467,0.422915,0.414912,0
0.013451,7,0.489362,0.071905,0.416989,0.003467,0.422915,0.414912,0
0.013451,7,0.510638,0.068272,0.389467,0.003467,0.422915,0.414912,0
0.013451,7,0.531915,0.071905,0.365367,0.003467,0.422915,0.414912,0
0.013451,7,0.553191,0.051249,0.331747,0.003467,0.422915,0.414912,0
0.013451,7,0.574468,0.068272,0.30482,0.003467,0.422915,0.414912,0
0.013451,7,0.595745,0.051249,0.289051,0.003467,0.422915,0.414912,0
0.013451,7,0.617021,0.068272,0.275364,0.003467,0.422915,0.414912,0
0.013451,7,0.638298,0.051249,0.278489,0.003467,0.422915,0.414912,0
0.013451,7,0.659574,0.071905,0.282654,0.003467,0.422915,0.414912,0
0.013451,7,0.680851,0.068272,0.299018,0.003467,0.422915,0.414912,0
0.013451,7,0.702128,0.072175,0.337251,0.003467,0.422915,0.414912,0
0.013451,7,0.723404,0.072175,0.396162,0.003467,0.422915,0.414912,0
0.013451,7,0.744681,0.085235,0.532728,0.003467,0.422915,0.414912,1
0.013451,7,0.765957,0.085235,0.602797,0.003467,0.422915,0.414912,1
0.013451,7,0.787234,0.085235,0.612318,0.003467,0.422915,0.414912,1
0.013451,7,0.808511,0.078029,0.587771,0.003467,0.422915,0.414912,1
0.013451,7,0.829787,0.085235,0.571705,0.003467,0.422915,0.414912,1
0.013451,7,0.851064,0.077099,0.535704,0.003467,0.422915,0.414912,1
0.013451,7,0.87234,0.074817,0.525736,0.003467,0.422915,0.414912,1
0.013451,7,0.893617,0.071905,0.481851,0.003467,0.422915,0.414912,1
0.013451,7,0.914894,0.068272,0.430527,0.003467,0.422915,0.414912,0
0.013451,7,0.93617,0.071905,0.443618,0.003467,0.422915,0.414912,1
0.013451,7,0.957447,0.068272,0.431419,0.003467,0.422915,0.414912,0
0.013451,7,0.978723,0.068272,0.435733,0.003467,0.422915,0.414912,0
0.013451,7,1.0,0.051249,0.406575,0.003467,0.422915,0.414912,0
0.013495,1,0.0,0.041401,0.397054,0.003467,0.422915,0.414912,0
0.013495,1,0.021277,0.041401,0.360458,0.003467,0.422915,0.414912,0
0.013495,1,0.042553,0.041401,0.345284,0.003467,0.422915,0.414912,0
0.013495,1,0.06383,0.041401,0.300655,0.003467,0.422915,0.414912,0
0.013495,1,0.085106,0.041401,0.264653,0.003467,0.422915,0.414912,0
0.013495,1,0.106383,0.041401,0.233859,0.003467,0.422915,0.414912,0
0.013495,1,0.12766,0.051249,0.205445,0.003467,0.422915,0.414912,0
0.013495,1,0.148936,0.040651,0.181494,0.003467,0.422915,0.414912,0
0.013495,1,0.170213,0.057464,0.175245,0.003467,0.422915,0.414912,0
0.013495,1,0.191489,0.070283,0.181047,0.003467,0.422915,0.414912,1
0.013495,1,0.212766,0.072295,0.219875,0.003467,0.422915,0.414912,1
0.013495,1,0.234043,0.07836,0.275364,0.003467,0.422915,0.414912,1
0.013495,1,0.255319,0.119461,0.397798,0.003467,0.422915,0.414912,1
0.013495,1,0.276596,0.134142,0.520232,0.003467,0.422915,0.414912,1
0.013495,1,0.297872,0.106341,0.547902,0.003467,0.422915,0.414912,1
0.013495,1,0.319149,0.106461,0.616037,0.003467,0.422915,0.414912,1
0.013495,1,0.340426,0.088267,0.637162,0.003467,0.422915,0.414912,1
0.013495,1,0.361702,0.057464,0.623178,0.003467,0.422915,0.414912,0
0.013495,1,0.382979,0.051759,0.650699,0.003467,0.422915,0.414912,0
0.013495,1,0.404255,0.051759,0.656947,0.003467,0.422915,0.414912,0
0.013495,1,0.425532,0.057464,0.63136,0.003467,0.422915,0.414912,0
0.013495,1,0.446809,0.051759,0.591937,0.003467,0.422915,0.414912,0
0.013495,1,0.468085,0.041431,0.563374,0.003467,0.422915,0.414912,0
0.013495,1,0.489362,0.051759,0.551324,0.003467,0.422915,0.414912,0
0.013495,1,0.510638,0.041431,0.540464,0.003467,0.422915,0.414912,0
0.013495,1,0.531915,0.057464,0.527968,0.003467,0.422915,0.414912,0
0.013495,1,0.553191,0.041431,0.520381,0.003467,0.422915,0.414912,0
0.013495,1,0.574468,0.051759,0.503422,0.003467,0.422915,0.414912,0
0.013495,1,0.595745,0.051759,0.494347,0.003467,0.422915,0.414912,0
0.013495,1,0.617021,0.041431,0.475156,0.003467,0.422915,0.414912,0
0.013495,1,0.638298,0.041431,0.463701,0.003467,0.422915,0.414912,0
0.013495,1,0.659574,0.041131,0.466974,0.003467,0.422915,0.414912,0
0.013495,1,0.680851,0.057464,0.480661,0.003467,0.422915,0.414912,0
0.013495,1,0.702128,0.051759,0.501488,0.003467,0.422915,0.414912,0
0.013495,1,0.723404,0.051789,0.540762,0.003467,0.422915,0.414912,0
0.013495,1,0.744681,0.051759,0.647426,0.003467,0.422915,0.414912,0
0.013495,1,0.765957,0.057464,0.686849,0.003467,0.422915,0.414912,0
0.013495,1,0.787234,0.051759,0.668997,0.003467,0.422915,0.414912,0
0.013495,1,0.808511,0.041431,0.636566,0.003467,0.422915,0.414912,0
0.013495,1,0.829787,0.041431,0.610979,0.003467,0.422915,0.414912,0
0.013495,1,0.851064,0.051759,0.591342,0.003467,0.422915,0.414912,0
0.013495,1,0.87234,0.057464,0.570068,0.003467,0.422915,0.414912,0
0.013495,1,0.893617,0.051759,0.531538,0.003467,0.422915,0.414912,0
0.013495,1,0.914894,0.045094,0.476644,0.003467,0.422915,0.414912,0
0.013495,1,0.93617,0.074817,0.513538,0.003467,0.422915,0.414912,1
0.013495,1,0.957447,0.088267,0.519935,0.003467,0.422915,0.414912,1
0.013495,1,0.978723,0.088267,0.526034,0.003467,0.422915,0.414912,1
0.013495,1,1.0,0.090939,0.526034,0.003467,0.422915,0.414912,1
0.013539,2,0.0,0.090939,0.530199,0.003467,0.422915,0.414912,1
0.013539,2,0.021277,0.098925,0.510414,0.003467,0.422915,0.414912,1
0.013539,2,0.042553,0.095473,0.491372,0.003467,0.422915,0.414912,1
0.013539,2,0.06383,0.098925,0.426659,0.003467,0.422915,0.414912,1
0.013539,2,0.085106,0.057464,0.368343,0.003467,0.422915,0.414912,0
0.013539,2,0.106383,0.072295,0.317465,0.003467,0.422915,0.414912,1
0.013539,2,0.12766,0.060496,0.269414,0.003467,0.422915,0.414912,0
0.013539,2,0.148936,0.067491,0.237727,0.003467,0.422915,0.414912,1
0.013539,2,0.170213,0.051699,0.219875,0.003467,0.422915,0.414912,0
0.013539,2,0.191489,0.051699,0.211395,0.003467,0.422915,0.414912,0
0.013539,2,0.212766,0.059445,0.239512,0.003467,0.422915,0.414912,0
0.013539,2,0.234043,0.10511,0.288158,0.003467,0.422915,0.414912,1
0.013539,2,0.255319,0.119581,0.400476,0.003467,0.422915,0.414912,1
0.013539,2,0.276596,0.133812,0.52172,0.003467,0.422915,0.414912,1
0.013539,2,0.297872,0.11787,0.538381,0.003467,0.422915,0.414912,1
0.013539,2,0.319149,0.106341,0.605772,0.003467,0.422915,0.414912,1
0.013539,2,0.340426,0.087697,0.605177,0.003467,0.422915,0.414912,1
0.013539,2,0.361702,0.062988,0.582416,0.003467,0.422915,0.414912,0
0.013539,2,0.382979,0.119491,0.605177,0.003467,0.422915,0.414912,1
0.013539,2,0.404255,0.119491,0.610533,0.003467,0.422915,0.414912,1
0.013539,2,0.425532,0.087697,0.584201,0.003467,0.422915,0.414912,1
0.013539,2,0.446809,0.11898,0.55177,0.003467,0.422915,0.414912,1
0.013539,2,0.468085,0.119491,0.528563,0.003467,0.422915,0.414912,1
0.013539,2,0.489362,0.087697,0.514281,0.003467,0.422915,0.414912,1
0.013539,2,0.510638,0.103549,0.506843,0.003467,0.422915,0.414912,1
0.013539,2,0.531915,0.087697,0.49033,0.003467,0.422915,0.414912,1
0.013539,2,0.553191,0.103549,0.485421,0.003467,0.422915,0.414912,1
0.013539,2,0.574468,0.087066,0.473817,0.003467,0.422915,0.414912,1
0.013539,2,0.595745,0.075117,0.463106,0.003467,0.422915,0.414912,0
0.013539,2,0.617021,0.051699,0.452841,0.003467,0.422915,0.414912,0
0.013539,2,0.638298,0.041431,0.450164,0.003467,0.422915,0.414912,0
0.013539,2,0.659574,0.051699,0.45418,0.003467,0.422915,0.414912,0
0.013539,2,0.680851,0.051699,0.463106,0.003467,0.422915,0.414912,0
0.013539,2,0.702128,0.050889,0.477239,0.003467,0.422915,0.414912,0
0.013539,2,0.723404,0.041431,0.526034,0.003467,0.422915,0.414912,0
0.013539,2,0.744681,0.046085,0.620054,0.003467,0.422915,0.414912,0
0.013539,2,0.765957,0.043203,0.649509,0.003467,0.422915,0.414912,0
0.013539,2,0.787234,0.041431,0.634484,0.003467,0.422915,0.414912,0
0.013539,2,0.808511,0.041431,0.600863,0.003467,0.422915,0.414912,0
0.013539,2,0.829787,0.041431,0.57349,0.003467,0.422915,0.414912,0
0.013539,2,0.851064,0.045094,0.559506,0.003467,0.422915,0.414912,0
0.013539,2,0.87234,0.041431,0.537043,0.003467,0.422915,0.414912,0
0.013539,2,0.893617,0.041431,0.494049,0.003467,0.422915,0.414912,0
0.013539,2,0.914894,0.041431,0.454032,0.003467,0.422915,0.414912,0
0.013539,2,0.93617,0.051699,0.492115,0.003467,0.422915,0.414912,0
0.013539,2,0.957447,0.041431,0.495091,0.003467,0.422915,0.414912,0
0.013539,2,0.978723,0.051699,0.510711,0.003467,0.422915,0.414912,0
0.013539,2,1.0,0.051699,0.513686,0.003467,0.422915,0.414912,0
0.013583,3,0.0,0.074427,0.517852,0.003467,0.422915,0.414912,1
0.013583,3,0.021277,0.074427,0.494644,0.003467,0.422915,0.414912,1
0.013583,3,0.042553,0.056293,0.473073,0.003467,0.422915,0.414912,0
0.013583,3,0.06383,0.051699,0.413865,0.003467,0.422915,0.414912,0
0.013583,3,0.085106,0.041431,0.355549,0.003467,0.422915,0.414912,0
0.013583,3,0.106383,0.041131,0.30958,0.003467,0.422915,0.414912,0
0.013583,3,0.12766,0.041131,0.265992,0.003467,0.422915,0.414912,0
0.013583,3,0.148936,0.043503,0.233859,0.003467,0.422915,0.414912,0
0.013583,3,0.170213,0.041431,0.213478,0.003467,0.422915,0.414912,0
0.013583,3,0.191489,0.051819,0.205296,0.003467,0.422915,0.414912,0
0.013583,3,0.212766,0.041431,0.23609,0.003467,0.422915,0.414912,0
0.013583,3,0.234043,0.067491,0.286522,0.003467,0.422915,0.414912,0
0.013583,3,0.255319,0.074216,0.396459,0.003467,0.422915,0.414912,1
0.013583,3,0.276596,0.074216,0.51443,0.003467,0.422915,0.414912,1
0.013583,3,0.297872,0.057764,0.524695,0.003467,0.422915,0.414912,0
0.013583,3,0.319149,0.041431,0.590896,0.003467,0.422915,0.414912,0
0.013583,3,0.340426,0.041431,0.590301,0.003467,0.422915,0.414912,0
0.013583,3,0.361702,0.041431,0.567688,0.003467,0.422915,0.414912,0
0.013583,3,0.382979,0.045545,0.594615,0.003467,0.422915,0.414912,0
0.013583,3,0.404255,0.106431,0.596995,0.003467,0.422915,0.414912,1
0.013583,3,0.425532,0.088327,0.576168,0.003467,0.422915,0.414912,1
0.013583,3,0.446809,0.088327,0.555192,0.003467,0.422915,0.414912,1
0.013583,3,0.468085,0.088327,0.534216,0.003467,0.422915,0.414912,1
0.013583,3,0.489362,0.088327,0.529158,0.003467,0.422915,0.414912,1
0.013583,3,0.510638,0.074216,0.512348,0.003467,0.422915,0.414912,1
0.013583,3,0.531915,0.088327,0.496727,0.003467,0.422915,0.414912,1
0.013583,3,0.553191,0.088327,0.495388,0.003467,0.422915,0.414912,1
0.013583,3,0.574468,0.088327,0.493008,0.003467,0.422915,0.414912,1
0.013583,3,0.595745,0.088327,0.480661,0.003467,0.422915,0.414912,1
0.013583,3,0.617021,0.086466,0.465338,0.003467,0.422915,0.414912,1
0.013583,3,0.638298,0.088327,0.454775,0.003467,0.422915,0.414912,1
0.013583,3,0.659574,0.088327,0.457899,0.003467,0.422915,0.414912,1
0.013583,3,0.680851,0.088327,0.466825,0.003467,0.422915,0.414912,1
0.013583,3,0.702128,0.074727,0.477983,0.003467,0.422915,0.414912,1
0.013583,3,0.723404,0.077129,0.504612,0.003467,0.422915,0.414912,1
0.013583,3,0.744681,0.074216,0.585094,0.003467,0.422915,0.414912,1
0.013583,3,0.765957,0.074216,0.609045,0.003467,0.422915,0.414912,1
0.013583,3,0.787234,0.045094,0.587325,0.003467,0.422915,0.414912,0
0.013583,3,0.808511,0.041431,0.54939,0.003467,0.422915,0.414912,0
0.013583,3,0.829787,0.041431,0.52291,0.003467,0.422915,0.414912,0
0.013583,3,0.851064,0.051819,0.506248,0.003467,0.422915,0.414912,0
0.013583,3,0.87234,0.041431,0.47709,0.003467,0.422915,0.414912,0
0.013583,3,0.893617,0.041431,0.438114,0.003467,0.422915,0.414912,0
0.013583,3,0.914894,0.041431,0.389021,0.003467,0.422915,0.414912,0
0.013583,3,0.93617,0.0526,0.436924,0.003467,0.422915,0.414912,0
0.013583,3,0.957447,0.051819,0.461172,0.003467,0.422915,0.414912,0
0.013583,3,0.978723,0.073316,0.489586,0.003467,0.422915,0.414912,1
0.013583,3,1.0,0.089318,0.496727,0.003467,0.422915,0.414912,1
0.013628,4,0.0,0.108833,0.500893,0.003467,0.422915,0.414912,1
0.013628,4,0.021277,0.108833,0.481404,0.003467,0.422915,0.414912,1
0.013628,4,0.042553,0.088327,0.453436,0.003467,0.422915,0.414912,1
0.013628,4,0.06383,0.051819,0.393335,0.003467,0.422915,0.414912,0
0.013628,4,0.085106,0.051819,0.329069,0.003467,0.422915,0.414912,0
0.013628,4,0.106383,0.041131,0.288753,0.003467,0.422915,0.414912,0
0.013628,4,0.12766,0.041131,0.240702,0.003467,0.422915,0.414912,0
0.013628,4,0.148936,0.041131,0.207528,0.003467,0.422915,0.414912,0
0.013628,4,0.170213,0.042602,0.190122,0.003467,0.422915,0.414912,0
0.013628,4,0.191489,0.042602,0.184469,0.003467,0.422915,0.414912,0
0.013628,4,0.212766,0.042602,0.208123,0.003467,0.422915,0.414912,0
0.013628,4,0.234043,0.042602,0.261083,0.003467,0.422915,0.414912,0
0.013628,4,0.255319,0.067581,0.363731,0.003467,0.422915,0.414912,1
0.013628,4,0.276596,0.043503,0.464445,0.003467,0.422915,0.414912,0
0.013628,4,0.297872,0.041131,0.471883,0.003467,0.422915,0.414912,0
0.013628,4,0.319149,0.041131,0.523802,0.003467,0.422915,0.414912,0
0.013628,4,0.340426,0.041431,0.548349,0.003467,0.422915,0.414912,0
0.013628,4,0.361702,0.041431,0.548646,0.003467,0.422915,0.414912,0
0.013628,4,0.382979,0.045094,0.582267,0.003467,0.422915,0.414912,0
0.013628,4,0.404255,0.041431,0.594466,0.003467,0.422915,0.414912,0
0.013628,4,0.425532,0.041431,0.581077,0.003467,0.422915,0.414912,0
0.013628,4,0.446809,0.041251,0.565457,0.003467,0.422915,0.414912,0
0.013628,4,0.468085,0.042032,0.546712,0.003467,0.422915,0.414912,0
0.013628,4,0.489362,0.042602,0.539274,0.003467,0.422915,0.414912,0
0.013628,4,0.510638,0.042602,0.531985,0.003467,0.422915,0.414912,0
0.013628,4,0.531915,0.043503,0.521571,0.003467,0.422915,0.414912,0
0.013628,4,0.553191,0.043503,0.519637,0.003467,0.422915,0.414912,0
0.013628,4,0.574468,0.067581,0.509223,0.003467,0.422915,0.414912,1
0.013628,4,0.595745,0.067581,0.499702,0.003467,0.422915,0.414912,1
0.013628,4,0.617021,0.043503,0.484082,0.003467,0.422915,0.414912,0
0.013628,4,0.638298,0.043503,0.46266,0.003467,0.422915,0.414912,0
0.013628,4,0.659574,0.043503,0.461619,0.003467,0.422915,0.414912,0
0.013628,4,0.680851,0.043503,0.475602,0.003467,0.422915,0.414912,0
0.013628,4,0.702128,0.074216,0.498364,0.003467,0.422915,0.414912,1
0.013628,4,0.723404,0.067581,0.538233,0.003467,0.422915,0.414912,1
0.013628,4,0.744681,0.074667,0.622434,0.003467,0.422915,0.414912,1
0.013628,4,0.765957,0.045094,0.648468,0.003467,0.422915,0.414912,0
0.013628,4,0.787234,0.045094,0.632252,0.003467,0.422915,0.414912,0
0.013628,4,0.808511,0.041431,0.593722,0.003467,0.422915,0.414912,0
0.013628,4,0.829787,0.041431,0.565605,0.003467,0.422915,0.414912,0
0.013628,4,0.851064,0.041431,0.553258,0.003467,0.422915,0.414912,0
0.013628,4,0.87234,0.041431,0.526778,0.003467,0.422915,0.414912,0
0.013628,4,0.893617,0.041131,0.481851,0.003467,0.422915,0.414912,0
0.013628,4,0.914894,0.041431,0.430973,0.003467,0.422915,0.414912,0
0.013628,4,0.93617,0.045755,0.476198,0.003467,0.422915,0.414912,0
0.013628,4,0.957447,0.042602,0.490033,0.003467,0.422915,0.414912,0
0.013628,4,0.978723,0.045094,0.508033,0.003467,0.422915,0.414912,0
0.013628,4,1.0,0.045755,0.50967,0.003467,0.422915,0.414912,0
0.013672,5,0.0,0.045755,0.509223,0.003467,0.422915,0.414912,0
0.013672,5,0.021277,0.043503,0.4759,0.003467,0.422915,0.414912,0
0.013672,5,0.042553,0.043503,0.454924,0.003467,0.422915,0.414912,0
0.013672,5,0.06383,0.043503,0.404195,0.003467,0.422915,0.414912,0
0.013672,5,0.085106,0.041131,0.340077,0.003467,0.422915,0.414912,0
0.013672,5,0.106383,0.042602,0.299316,0.003467,0.422915,0.414912,0
0.013672,5,0.12766,0.042602,0.252306,0.003467,0.422915,0.414912,0
0.013672,5,0.148936,0.041131,0.219429,0.003467,0.422915,0.414912,0
0.013672,5,0.170213,0.041131,0.193544,0.003467,0.422915,0.414912,0
0.013672,5,0.191489,0.041131,0.194139,0.003467,0.422915,0.414912,0
0.013672,5,0.212766,0.051549,0.220916,0.003467,0.422915,0.414912,1
0.013672,5,0.234043,0.051549,0.259149,0.003467,0.422915,0.414912,1
0.013672,5,0.255319,0.051549,0.358524,0.003467,0.422915,0.414912,1
0.013672,5,0.276596,0.041552,0.468908,0.003467,0.422915,0.414912,0
0.013672,5,0.297872,0.041431,0.481553,0.003467,0.422915,0.414912,0
0.013672,5,0.319149,0.041431,0.539125,0.003467,0.422915,0.414912,0
0.013672,5,0.340426,0.041431,0.555638,0.003467,0.422915,0.414912,0
0.013672,5,0.361702,0.041431,0.545522,0.003467,0.422915,0.414912,0
0.013672,5,0.382979,0.045094,0.5723,0.003467,0.422915,0.414912,0
0.013672,5,0.404255,0.041552,0.589408,0.003467,0.422915,0.414912,0
0.013672,5,0.425532,0.041431,0.576168,0.003467,0.422915,0.414912,0
0.013672,5,0.446809,0.041431,0.551919,0.003467,0.422915,0.414912,0
0.013672,5,0.468085,0.041431,0.528117,0.003467,0.422915,0.414912,0
0.013672,5,0.489362,0.041431,0.522017,0.003467,0.422915,0.414912,0
0.013672,5,0.510638,0.041431,0.509372,0.003467,0.422915,0.414912,0
0.013672,5,0.531915,0.041431,0.494793,0.003467,0.422915,0.414912,0
0.013672,5,0.553191,0.041431,0.484082,0.003467,0.422915,0.414912,0
0.013672,5,0.574468,0.041431,0.475305,0.003467,0.422915,0.414912,0
0.013672,5,0.595745,0.041431,0.455222,0.003467,0.422915,0.414912,0
0.013672,5,0.617021,0.041431,0.443767,0.003467,0.422915,0.414912,0
0.013672,5,0.638298,0.041431,0.427551,0.003467,0.422915,0.414912,0
0.013672,5,0.659574,0.041431,0.436775,0.003467,0.422915,0.414912,0
0.013672,5,0.680851,0.041552,0.441089,0.003467,0.422915,0.414912,0
0.013672,5,0.702128,0.041431,0.462065,0.003467,0.422915,0.414912,0
0.013672,5,0.723404,0.041552,0.486165,0.003467,0.422915,0.414912,0
0.013672,5,0.744681,0.041431,0.561291,0.003467,0.422915,0.414912,0
0.013672,5,0.765957,0.041431,0.590598,0.003467,0.422915,0.414912,0
0.013672,5,0.787234,0.041431,0.582713,0.003467,0.422915,0.414912,0
0.013672,5,0.808511,0.041431,0.542844,0.003467,0.422915,0.414912,0
0.013672,5,0.829787,0.041431,0.5241,0.003467,0.422915,0.414912,0
0.013672,5,0.851064,0.041431,0.509372,0.003467,0.422915,0.414912,0
0.013672,5,0.87234,0.041431,0.496132,0.003467,0.422915,0.414912,0
0.013672,5,0.893617,0.041431,0.455222,0.003467,0.422915,0.414912,0
0.013672,5,0.914894,0.041431,0.415799,0.003467,0.422915,0.414912,0
0.013672,5,0.93617,0.051549,0.465338,0.003467,0.422915,0.414912,1
0.013672,5,0.957447,0.041431,0.487652,0.003467,0.422915,0.414912,0
0.013672,5,0.978723,0.051549,0.508331,0.003467,0.422915,0.414912,1
0.013672,5,1.0,0.051549,0.508331,0.003467,0.422915,0.414912,1
0.013716,6,0.0,0.064609,0.508628,0.003467,0.422915,0.414912,1
0.013716,6,0.021277,0.073976,0.484528,0.003467,0.422915,0.414912,1
0.013716,6,0.042553,0.073856,0.453288,0.003467,0.422915,0.414912,1
0.013716,6,0.06383,0.045965,0.387831,0.003467,0.422915,0.414912,1
0.013716,6,0.085106,0.051549,0.323713,0.003467,0.422915,0.414912,1
0.013716,6,0.106383,0.051549,0.27715,0.003467,0.422915,0.414912,1
0.013716,6,0.12766,0.051549,0.229545,0.003467,0.422915,0.414912,1
0.013716,6,0.148936,0.051549,0.193841,0.003467,0.422915,0.414912,1
0.013716,6,0.170213,0.041131,0.167063,0.003467,0.422915,0.414912,0
0.013716,6,0.191489,0.041131,0.152336,0.003467,0.422915,0.414912,0
0.013716,6,0.212766,0.041131,0.157096,0.003467,0.422915,0.414912,0
0.013716,6,0.234043,0.045755,0.176287,0.003467,0.422915,0.414912,1
0.013716,6,0.255319,0.045755,0.214966,0.003467,0.422915,0.414912,1
0.013716,6,0.276596,0.045755,0.253198,0.003467,0.422915,0.414912,1
0.013716,6,0.297872,0.045755,0.313746,0.003467,0.422915,0.414912,1
0.013716,6,0.319149,0.045755,0.403005,0.003467,0.422915,0.414912,1
0.013716,6,0.340426,0.072985,0.475454,0.003467,0.422915,0.414912,1
0.013716,6,0.361702,0.045755,0.510711,0.003467,0.422915,0.414912,0
0.013716,6,0.382979,0.072985,0.542993,0.003467,0.422915,0.414912,1
0.013716,6,0.404255,0.045755,0.546564,0.003467,0.422915,0.414912,0
0.013716,6,0.425532,0.045755,0.517852,0.003467,0.422915,0.414912,0
0.013716,6,0.446809,0.045154,0.479173,0.003467,0.422915,0.414912,0
0.013716,6,0.468085,0.045034,0.442428,0.003467,0.422915,0.414912,0
0.013716,6,0.489362,0.045755,0.416245,0.003467,0.422915,0.414912,0
0.013716,6,0.510638,0.041431,0.392591,0.003467,0.422915,0.414912,0
0.013716,6,0.531915,0.045755,0.374293,0.003467,0.422915,0.414912,0
0.013716,6,0.553191,0.041431,0.35302,0.003467,0.422915,0.414912,0
0.013716,6,0.574468,0.045755,0.333978,0.003467,0.422915,0.414912,0
0.013716,6,0.595745,0.041431,0.313002,0.003467,0.422915,0.414912,0
0.013716,6,0.617021,0.041431,0.301101,0.003467,0.422915,0.414912,0
0.013716,6,0.638298,0.041431,0.300952,0.003467,0.422915,0.414912,0
0.013716,6,0.659574,0.045755,0.308093,0.003467,0.422915,0.414912,0
0.013716,6,0.680851,0.045755,0.319697,0.003467,0.422915,0.414912,0
0.013716,6,0.702128,0.045755,0.349598,0.003467,0.422915,0.414912,0
0.013716,6,0.723404,0.045755,0.386641,0.003467,0.422915,0.414912,0
0.013716,6,0.744681,0.045755,0.50238,0.003467,0.422915,0.414912,0
0.013716,6,0.765957,0.045755,0.571705,0.003467,0.422915,0.414912,0
0.013716,6,0.787234,0.045755,0.564415,0.003467,0.422915,0.414912,0
0.013716,6,0.808511,0.045034,0.52886,0.003467,0.422915,0.414912,0
0.013716,6,0.829787,0.045755,0.494049,0.003467,0.422915,0.414912,0
0.013716,6,0.851064,0.045034,0.46742,0.003467,0.422915,0.414912,0
0.013716,6,0.87234,0.041431,0.453139,0.003467,0.422915,0.414912,0
0.013716,6,0.893617,0.045755,0.416394,0.003467,0.422915,0.414912,0
0.013716,6,0.914894,0.041431,0.378608,0.003467,0.422915,0.414912,0
0.013716,6,0.93617,0.045755,0.401815,0.003467,0.422915,0.414912,0
0.013716,6,0.957447,0.045755,0.408063,0.003467,0.422915,0.414912,0
0.013716,6,0.978723,0.045755,0.422493,0.003467,0.422915,0.414912,0
0.013716,6,1.0,0.045755,0.404344,0.003467,0.422915,0.414912,0
0.01376,7,0.0,0.041431,0.384707,0.003467,0.422915,0.414912,0
0.01376,7,0.021277,0.041431,0.335763,0.003467,0.422915,0.414912,0
0.01376,7,0.042553,0.041431,0.320738,0.003467,0.422915,0.414912,0
0.01376,7,0.06383,0.041431,0.264058,0.003467,0.422915,0.414912,0
0.01376,7,0.085106,0.041431,0.217792,0.003467,0.422915,0.414912,0
0.01376,7,0.106383,0.045755,0.185808,0.003467,0.422915,0.414912,0
0.01376,7,0.12766,0.045755,0.159476,0.003467,0.422915,0.414912,1
0.01376,7,0.148936,0.045755,0.135971,0.003467,0.422915,0.414912,1
0.01376,7,0.170213,0.040651,0.11812,0.003467,0.422915,0.414912,0
0.01376,7,0.191489,0.040651,0.108896,0.003467,0.422915,0.414912,0
0.01376,7,0.212766,0.041131,0.112913,0.003467,0.422915,0.414912,0
0.01376,7,0.234043,0.045755,0.124814,0.003467,0.422915,0.414912,1
0.01376,7,0.255319,0.056713,0.144154,0.003467,0.422915,0.414912,1
0.01376,7,0.276596,0.045755,0.174502,0.003467,0.422915,0.414912,1
0.01376,7,0.297872,0.068272,0.21199,0.003467,0.422915,0.414912,1
0.01376,7,0.319149,0.068452,0.285481,0.003467,0.422915,0.414912,1
0.01376,7,0.340426,0.045755,0.35183,0.003467,0.422915,0.414912,0
0.01376,7,0.361702,0.068452,0.405237,0.003467,0.422915,0.414912,1
0.01376,7,0.382979,0.068452,0.449122,0.003467,0.422915,0.414912,1
0.01376,7,0.404255,0.045755,0.455668,0.003467,0.422915,0.414912,0
0.01376,7,0.425532,0.045755,0.44704,0.003467,0.422915,0.414912,0
0.01376,7,0.446809,0.041431,0.421006,0.003467,0.422915,0.414912,0
0.01376,7,0.468085,0.041431,0.398691,0.003467,0.422915,0.414912,0
0.01376,7,0.489362,0.041431,0.380988,0.003467,0.422915,0.414912,0
0.01376,7,0.510638,0.041431,0.366855,0.003467,0.422915,0.414912,0
0.01376,7,0.531915,0.041221,0.353317,0.003467,0.422915,0.414912,0
0.01376,7,0.553191,0.041431,0.328176,0.003467,0.422915,0.414912,0
0.01376,7,0.574468,0.061997,0.310324,0.003467,0.422915,0.414912,1
0.01376,7,0.595745,0.068452,0.302737,0.003467,0.422915,0.414912,1
0.01376,7,0.617021,0.068452,0.301398,0.003467,0.422915,0.414912,1
0.01376,7,0.638298,0.068452,0.306159,0.003467,0.422915,0.414912,1
0.01376,7,0.659574,0.072175,0.316126,0.003467,0.422915,0.414912,1
0.01376,7,0.680851,0.072175,0.332193,0.003467,0.422915,0.414912,1
0.01376,7,0.702128,0.072175,0.370723,0.003467,0.422915,0.414912,1
0.01376,7,0.723404,0.081062,0.428444,0.003467,0.422915,0.414912,1
0.01376,7,0.744681,0.119581,0.535555,0.003467,0.422915,0.414912,1
0.01376,7,0.765957,0.119731,0.594168,0.003467,0.422915,0.414912,1
0.01376,7,0.787234,0.09178,0.596995,0.003467,0.422915,0.414912,1
0.01376,7,0.808511,0.086496,0.57468,0.003467,0.422915,0.414912,1
0.01376,7,0.829787,0.045394,0.555192,0.003467,0.422915,0.414912,0
0.01376,7,0.851064,0.068452,0.531538,0.003467,0.422915,0.414912,1
0.01376,7,0.87234,0.045364,0.513835,0.003467,0.422915,0.414912,0
0.01376,7,0.893617,0.061036,0.465338,0.003467,0.422915,0.414912,1
0.01376,7,0.914894,0.045154,0.408956,0.003467,0.422915,0.414912,0
0.01376,7,0.93617,0.045785,0.426807,0.003467,0.422915,0.414912,0
0.01376,7,0.957447,0.045755,0.412675,0.003467,0.422915,0.414912,0
0.01376,7,0.978723,0.045034,0.415799,0.003467,0.422915,0.414912,0
0.01376,7,1.0,0.045034,0.38679,0.003467,0.422915,0.414912,0
0.013805,1,0.0,0.041131,0.366111,0.003467,0.422915,0.414912,0
0.013805,1,0.021277,0.041191,0.330854,0.003467,0.422915,0.414912,0
0.013805,1,0.042553,0.041972,0.320738,0.003467,0.422915,0.414912,0
0.013805,1,0.06383,0.045034,0.274918,0.003467,0.422915,0.414912,0
0.013805,1,0.085106,0.043413,0.232966,0.003467,0.422915,0.414912,0
0.013805,1,0.106383,0.045755,0.198155,0.003467,0.422915,0.414912,0
0.013805,1,0.12766,0.041131,0.177031,0.003467,0.422915,0.414912,0
0.013805,1,0.148936,0.045034,0.15055,0.003467,0.422915,0.414912,0
