date,day,period,nswprice,nswdemand,vicprice,vicdemand,transfer,class
0.005354,5,0.085106,0.076858,0.366706,0.003467,0.422915,0.414912,0
0.005354,5,0.106383,0.075808,0.320292,0.003467,0.422915,0.414912,0
0.005354,5,0.12766,0.075808,0.274918,0.003467,0.422915,0.414912,0
0.005354,5,0.148936,0.075808,0.235495,0.003467,0.422915,0.414912,0
0.005354,5,0.170213,0.064519,0.209759,0.003467,0.422915,0.414912,0
0.005354,5,0.191489,0.064519,0.20842,0.003467,0.422915,0.414912,0
0.005354,5,0.212766,0.064519,0.238173,0.003467,0.422915,0.414912,0
0.005354,5,0.234043,0.077909,0.288456,0.003467,0.422915,0.414912,1
0.005354,5,0.255319,0.106071,0.390658,0.003467,0.422915,0.414912,1
0.005354,5,0.276596,0.106011,0.502827,0.003467,0.422915,0.414912,1
0.005354,5,0.297872,0.056173,0.543439,0.003467,0.422915,0.414912,0
0.005354,5,0.319149,0.088297,0.627789,0.003467,0.422915,0.414912,1
0.005354,5,0.340426,0.088297,0.662005,0.003467,0.422915,0.414912,1
0.005354,5,0.361702,0.064519,0.651294,0.003467,0.422915,0.414912,0
0.005354,5,0.382979,0.088297,0.676436,0.003467,0.422915,0.414912,1
0.005354,5,0.404255,0.085565,0.673907,0.003467,0.422915,0.414912,1
0.005354,5,0.425532,0.088297,0.651294,0.003467,0.422915,0.414912,1
0.005354,5,0.446809,0.064519,0.614549,0.003467,0.422915,0.414912,0
0.005354,5,0.468085,0.088297,0.588367,0.003467,0.422915,0.414912,1
0.005354,5,0.489362,0.088297,0.574383,0.003467,0.422915,0.414912,1
0.005354,5,0.510638,0.085565,0.556977,0.003467,0.422915,0.414912,1
0.005354,5,0.531915,0.088297,0.539423,0.003467,0.422915,0.414912,1
0.005354,5,0.553191,0.056173,0.525439,0.003467,0.422915,0.414912,0
0.005354,5,0.574468,0.056173,0.509819,0.003467,0.422915,0.414912,0
0.005354,5,0.595745,0.042572,0.495537,0.003467,0.422915,0.414912,0
0.005354,5,0.617021,0.054612,0.483041,0.003467,0.422915,0.414912,0
0.005354,5,0.638298,0.056173,0.471883,0.003467,0.422915,0.414912,0
0.005354,5,0.659574,0.042572,0.482594,0.003467,0.422915,0.414912,0
0.005354,5,0.680851,0.054612,0.504463,0.003467,0.422915,0.414912,0
0.005354,5,0.702128,0.088297,0.559209,0.003467,0.422915,0.414912,1
0.005354,5,0.723404,0.064519,0.642517,0.003467,0.422915,0.414912,0
0.005354,5,0.744681,0.064519,0.72404,0.003467,0.422915,0.414912,0
0.005354,5,0.765957,0.088297,0.725974,0.003467,0.422915,0.414912,1
0.005354,5,0.787234,0.064519,0.703957,0.003467,0.422915,0.414912,0
0.005354,5,0.808511,0.056173,0.670634,0.003467,0.422915,0.414912,0
0.005354,5,0.829787,0.057674,0.645195,0.003467,0.422915,0.414912,0
0.005354,5,0.851064,0.064519,0.620649,0.003467,0.422915,0.414912,0
0.005354,5,0.87234,0.057674,0.603838,0.003467,0.422915,0.414912,0
0.005354,5,0.893617,0.064519,0.562481,0.003467,0.422915,0.414912,0
0.005354,5,0.914894,0.054612,0.510711,0.003467,0.422915,0.414912,0
0.005354,5,0.93617,0.085565,0.554002,0.003467,0.422915,0.414912,1
0.005354,5,0.957447,0.085565,0.558018,0.003467,0.422915,0.414912,1
0.005354,5,0.978723,0.064519,0.569771,0.003467,0.422915,0.414912,0
0.005354,5,1.0,0.064519,0.543588,0.003467,0.422915,0.414912,0
0.005398,6,0.0,0.085565,0.541803,0.003467,0.422915,0.414912,1
0.005398,6,0.021277,0.085565,0.506992,0.003467,0.422915,0.414912,1
0.005398,6,0.042553,0.078209,0.477834,0.003467,0.422915,0.414912,1
0.005398,6,0.06383,0.064519,0.415204,0.003467,0.422915,0.414912,0
0.005398,6,0.085106,0.064519,0.351532,0.003467,0.422915,0.414912,0
0.005398,6,0.106383,0.064519,0.303184,0.003467,0.422915,0.414912,0
0.005398,6,0.12766,0.064519,0.260934,0.003467,0.422915,0.414912,0
0.005398,6,0.148936,0.064519,0.221363,0.003467,0.422915,0.414912,0
0.005398,6,0.170213,0.054251,0.194585,0.003467,0.422915,0.414912,0
0.005398,6,0.191489,0.054612,0.179262,0.003467,0.422915,0.414912,0
0.005398,6,0.212766,0.056713,0.179708,0.003467,0.422915,0.414912,0
0.005398,6,0.234043,0.056713,0.194287,0.003467,0.422915,0.414912,0
0.005398,6,0.255319,0.074817,0.227016,0.003467,0.422915,0.414912,1
0.005398,6,0.276596,0.063378,0.267777,0.003467,0.422915,0.414912,0
0.005398,6,0.297872,0.082683,0.318655,0.003467,0.422915,0.414912,1
0.005398,6,0.319149,0.097574,0.409848,0.003467,0.422915,0.414912,1
0.005398,6,0.340426,0.097574,0.501041,0.003467,0.422915,0.414912,1
0.005398,6,0.361702,0.107542,0.562779,0.003467,0.422915,0.414912,1
0.005398,6,0.382979,0.119731,0.6144,0.003467,0.422915,0.414912,1
0.005398,6,0.404255,0.119731,0.618863,0.003467,0.422915,0.414912,1
0.005398,6,0.425532,0.119731,0.591491,0.003467,0.422915,0.414912,1
0.005398,6,0.446809,0.090939,0.555043,0.003467,0.422915,0.414912,1
0.005398,6,0.468085,0.090939,0.522761,0.003467,0.422915,0.414912,1
0.005398,6,0.489362,0.090939,0.485719,0.003467,0.422915,0.414912,1
0.005398,6,0.510638,0.084574,0.464296,0.003467,0.422915,0.414912,1
0.005398,6,0.531915,0.074817,0.442577,0.003467,0.422915,0.414912,1
0.005398,6,0.553191,0.059865,0.421154,0.003467,0.422915,0.414912,0
0.005398,6,0.574468,0.063378,0.407617,0.003467,0.422915,0.414912,0
0.005398,6,0.595745,0.059865,0.391253,0.003467,0.422915,0.414912,0
0.005398,6,0.617021,0.059865,0.379203,0.003467,0.422915,0.414912,0
0.005398,6,0.638298,0.075958,0.374591,0.003467,0.422915,0.414912,1
0.005398,6,0.659574,0.084574,0.38069,0.003467,0.422915,0.414912,1
0.005398,6,0.680851,0.106311,0.407022,0.003467,0.422915,0.414912,1
0.005398,6,0.702128,0.097574,0.471288,0.003467,0.422915,0.414912,1
0.005398,6,0.723404,0.108232,0.562928,0.003467,0.422915,0.414912,1
0.005398,6,0.744681,0.119731,0.644897,0.003467,0.422915,0.414912,1
0.005398,6,0.765957,0.106311,0.658286,0.003467,0.422915,0.414912,1
0.005398,6,0.787234,0.088717,0.637905,0.003467,0.422915,0.414912,1
0.005398,6,0.808511,0.080911,0.592978,0.003467,0.422915,0.414912,1
0.005398,6,0.829787,0.080911,0.555787,0.003467,0.422915,0.414912,1
0.005398,6,0.851064,0.080911,0.523951,0.003467,0.422915,0.414912,1
0.005398,6,0.87234,0.080911,0.504017,0.003467,0.422915,0.414912,1
0.005398,6,0.893617,0.063378,0.459982,0.003467,0.422915,0.414912,0
0.005398,6,0.914894,0.062447,0.420559,0.003467,0.422915,0.414912,0
0.005398,6,0.93617,0.074817,0.440345,0.003467,0.422915,0.414912,0
0.005398,6,0.957447,0.063378,0.437965,0.003467,0.422915,0.414912,0
0.005398,6,0.978723,0.063378,0.438709,0.003467,0.422915,0.414912,0
0.005398,6,1.0,0.063378,0.421452,0.003467,0.422915,0.414912,0
0.005442,7,0.0,0.063378,0.393782,0.003467,0.422915,0.414912,0
0.005442,7,0.021277,0.063378,0.342904,0.003467,0.422915,0.414912,0
0.005442,7,0.042553,0.054612,0.319399,0.003467,0.422915,0.414912,0
0.005442,7,0.06383,0.05305,0.25781,0.003467,0.422915,0.414912,0
0.005442,7,0.085106,0.054612,0.217346,0.003467,0.422915,0.414912,0
0.005442,7,0.106383,0.054612,0.184469,0.003467,0.422915,0.414912,0
0.005442,7,0.12766,0.05305,0.15546,0.003467,0.422915,0.414912,0
0.005442,7,0.148936,0.042122,0.128682,0.003467,0.422915,0.414912,0
0.005442,7,0.170213,0.042122,0.108004,0.003467,0.422915,0.414912,0
0.005442,7,0.191489,0.05305,0.105177,0.003467,0.422915,0.414912,0
0.005442,7,0.212766,0.042122,0.104582,0.003467,0.422915,0.414912,0
0.005442,7,0.234043,0.05305,0.117971,0.003467,0.422915,0.414912,0
0.005442,7,0.255319,0.05305,0.140137,0.003467,0.422915,0.414912,0
0.005442,7,0.276596,0.05305,0.161262,0.003467,0.422915,0.414912,0
0.005442,7,0.297872,0.054612,0.196073,0.003467,0.422915,0.414912,0
0.005442,7,0.319149,0.074817,0.258405,0.003467,0.422915,0.414912,0
0.005442,7,0.340426,0.080911,0.331449,0.003467,0.422915,0.414912,1
0.005442,7,0.361702,0.088838,0.391104,0.003467,0.422915,0.414912,1
0.005442,7,0.382979,0.087066,0.442725,0.003467,0.422915,0.414912,1
0.005442,7,0.404255,0.087066,0.468015,0.003467,0.422915,0.414912,1
0.005442,7,0.425532,0.078209,0.461024,0.003467,0.422915,0.414912,1
0.005442,7,0.446809,0.078209,0.444362,0.003467,0.422915,0.414912,1
0.005442,7,0.468085,0.080911,0.423981,0.003467,0.422915,0.414912,1
0.005442,7,0.489362,0.077609,0.408063,0.003467,0.422915,0.414912,1
0.005442,7,0.510638,0.074817,0.386938,0.003467,0.422915,0.414912,1
0.005442,7,0.531915,0.074817,0.368492,0.003467,0.422915,0.414912,1
0.005442,7,0.553191,0.059865,0.343201,0.003467,0.422915,0.414912,0
0.005442,7,0.574468,0.059865,0.320738,0.003467,0.422915,0.414912,0
0.005442,7,0.595745,0.059865,0.293068,0.003467,0.422915,0.414912,0
0.005442,7,0.617021,0.05305,0.295745,0.003467,0.422915,0.414912,0
0.005442,7,0.638298,0.054612,0.297084,0.003467,0.422915,0.414912,0
0.005442,7,0.659574,0.059865,0.314639,0.003467,0.422915,0.414912,0
0.005442,7,0.680851,0.075958,0.339334,0.003467,0.422915,0.414912,1
0.005442,7,0.702128,0.059865,0.403154,0.003467,0.422915,0.414912,0
0.005442,7,0.723404,0.074817,0.499107,0.003467,0.422915,0.414912,1
0.005442,7,0.744681,0.077999,0.587771,0.003467,0.422915,0.414912,1
0.005442,7,0.765957,0.077609,0.614698,0.003467,0.422915,0.414912,1
0.005442,7,0.787234,0.074817,0.602499,0.003467,0.422915,0.414912,1
0.005442,7,0.808511,0.077609,0.580482,0.003467,0.422915,0.414912,1
0.005442,7,0.829787,0.059865,0.554151,0.003467,0.422915,0.414912,0
0.005442,7,0.851064,0.077609,0.535109,0.003467,0.422915,0.414912,1
0.005442,7,0.87234,0.075958,0.51562,0.003467,0.422915,0.414912,1
0.005442,7,0.893617,0.077609,0.475751,0.003467,0.422915,0.414912,1
0.005442,7,0.914894,0.059865,0.427105,0.003467,0.422915,0.414912,0
0.005442,7,0.93617,0.074817,0.444362,0.003467,0.422915,0.414912,1
0.005442,7,0.957447,0.05305,0.429188,0.003467,0.422915,0.414912,0
0.005442,7,0.978723,0.059865,0.421898,0.003467,0.422915,0.414912,0
0.005442,7,1.0,0.042572,0.401666,0.003467,0.422915,0.414912,0
0.008584,1,0.0,0.042422,0.380542,0.003467,0.422915,0.414912,0
0.008584,1,0.021277,0.042422,0.334424,0.003467,0.422915,0.414912,0
0.008584,1,0.042553,0.042422,0.324159,0.003467,0.422915,0.414912,0
0.008584,1,0.06383,0.042422,0.283249,0.003467,0.422915,0.414912,0
0.008584,1,0.085106,0.042422,0.245909,0.003467,0.422915,0.414912,0
0.008584,1,0.106383,0.042422,0.212288,0.003467,0.422915,0.414912,0
0.008584,1,0.12766,0.042272,0.186849,0.003467,0.422915,0.414912,0
0.008584,1,0.148936,0.042272,0.166617,0.003467,0.422915,0.414912,0
0.008584,1,0.170213,0.042272,0.162303,0.003467,0.422915,0.414912,0
0.008584,1,0.191489,0.056173,0.166617,0.003467,0.422915,0.414912,0
0.008584,1,0.212766,0.057734,0.20366,0.003467,0.422915,0.414912,0
0.008584,1,0.234043,0.064519,0.253942,0.003467,0.422915,0.414912,1
0.008584,1,0.255319,0.083614,0.354805,0.003467,0.422915,0.414912,1
0.008584,1,0.276596,0.089798,0.458643,0.003467,0.422915,0.414912,1
0.008584,1,0.297872,0.056173,0.486016,0.003467,0.422915,0.414912,0
0.008584,1,0.319149,0.074817,0.565308,0.003467,0.422915,0.414912,1
0.008584,1,0.340426,0.074817,0.613657,0.003467,0.422915,0.414912,1
0.008584,1,0.361702,0.059235,0.627789,0.003467,0.422915,0.414912,0
0.008584,1,0.382979,0.074817,0.663642,0.003467,0.422915,0.414912,1
0.008584,1,0.404255,0.059235,0.668849,0.003467,0.422915,0.414912,0
0.008584,1,0.425532,0.057734,0.648319,0.003467,0.422915,0.414912,0
0.008584,1,0.446809,0.074817,0.626153,0.003467,0.422915,0.414912,1
0.008584,1,0.468085,0.11886,0.600565,0.003467,0.422915,0.414912,1
0.008584,1,0.489362,0.115468,0.584796,0.003467,0.422915,0.414912,1
0.008584,1,0.510638,0.106071,0.578697,0.003467,0.422915,0.414912,1
0.008584,1,0.531915,0.074817,0.567688,0.003467,0.422915,0.414912,1
0.008584,1,0.553191,0.064519,0.559952,0.003467,0.422915,0.414912,0
0.008584,1,0.574468,0.085565,0.548795,0.003467,0.422915,0.414912,1
0.008584,1,0.595745,0.085565,0.542249,0.003467,0.422915,0.414912,1
0.008584,1,0.617021,0.085565,0.539572,0.003467,0.422915,0.414912,1
0.008584,1,0.638298,0.089798,0.540018,0.003467,0.422915,0.414912,1
0.008584,1,0.659574,0.106071,0.548944,0.003467,0.422915,0.414912,1
0.008584,1,0.680851,0.106071,0.561738,0.003467,0.422915,0.414912,1
0.008584,1,0.702128,0.119731,0.632252,0.003467,0.422915,0.414912,1
0.008584,1,0.723404,0.134172,0.721214,0.003467,0.422915,0.414912,1
0.008584,1,0.744681,0.146511,0.799167,0.003467,0.422915,0.414912,1
0.008584,1,0.765957,0.106071,0.801547,0.003467,0.422915,0.414912,1
0.008584,1,0.787234,0.106071,0.772092,0.003467,0.422915,0.414912,1
0.008584,1,0.808511,0.089798,0.73371,0.003467,0.422915,0.414912,1
0.008584,1,0.829787,0.074817,0.705296,0.003467,0.422915,0.414912,1
0.008584,1,0.851064,0.089798,0.680006,0.003467,0.422915,0.414912,1
0.008584,1,0.87234,0.089798,0.651145,0.003467,0.422915,0.414912,1
0.008584,1,0.893617,0.064519,0.590003,0.003467,0.422915,0.414912,0
0.008584,1,0.914894,0.042422,0.530348,0.003467,0.422915,0.414912,0
0.008584,1,0.93617,0.085565,0.560399,0.003467,0.422915,0.414912,1
0.008584,1,0.957447,0.064519,0.553704,0.003467,0.422915,0.414912,0
0.008584,1,0.978723,0.064519,0.556828,0.003467,0.422915,0.414912,0
0.008584,1,1.0,0.064519,0.551175,0.003467,0.422915,0.414912,0
0.008628,2,0.0,0.064519,0.54091,0.003467,0.422915,0.414912,0
0.008628,2,0.021277,0.089798,0.517852,0.003467,0.422915,0.414912,1
0.008628,2,0.042553,0.085565,0.494496,0.003467,0.422915,0.414912,1
0.008628,2,0.06383,0.064519,0.430378,0.003467,0.422915,0.414912,0
0.008628,2,0.085106,0.057734,0.367896,0.003467,0.422915,0.414912,0
0.008628,2,0.106383,0.075958,0.321333,0.003467,0.422915,0.414912,0
0.008628,2,0.12766,0.064519,0.271497,0.003467,0.422915,0.414912,0
0.008628,2,0.148936,0.064519,0.235347,0.003467,0.422915,0.414912,0
0.008628,2,0.170213,0.057734,0.215263,0.003467,0.422915,0.414912,0
0.008628,2,0.191489,0.057734,0.205147,0.003467,0.422915,0.414912,0
0.008628,2,0.212766,0.074877,0.231479,0.003467,0.422915,0.414912,0
0.008628,2,0.234043,0.077609,0.282059,0.003467,0.422915,0.414912,0
0.008628,2,0.255319,0.089798,0.379054,0.003467,0.422915,0.414912,1
0.008628,2,0.276596,0.080911,0.473222,0.003467,0.422915,0.414912,0
0.008628,2,0.297872,0.056173,0.49524,0.003467,0.422915,0.414912,0
0.008628,2,0.319149,0.074817,0.580184,0.003467,0.422915,0.414912,0
0.008628,2,0.340426,0.057734,0.626302,0.003467,0.422915,0.414912,0
0.008628,2,0.361702,0.074817,0.644154,0.003467,0.422915,0.414912,0
0.008628,2,0.382979,0.074817,0.669741,0.003467,0.422915,0.414912,0
0.008628,2,0.404255,0.074817,0.679113,0.003467,0.422915,0.414912,0
0.008628,2,0.425532,0.074817,0.646683,0.003467,0.422915,0.414912,0
0.008628,2,0.446809,0.074817,0.591639,0.003467,0.422915,0.414912,0
0.008628,2,0.468085,0.057764,0.583309,0.003467,0.422915,0.414912,0
0.008628,2,0.489362,0.074817,0.566052,0.003467,0.422915,0.414912,0
0.008628,2,0.510638,0.074817,0.552514,0.003467,0.422915,0.414912,0
0.008628,2,0.531915,0.074817,0.529753,0.003467,0.422915,0.414912,0
0.008628,2,0.553191,0.057734,0.519935,0.003467,0.422915,0.414912,0
0.008628,2,0.574468,0.074817,0.506546,0.003467,0.422915,0.414912,0
0.008628,2,0.595745,0.056173,0.48914,0.003467,0.422915,0.414912,0
0.008628,2,0.617021,0.074817,0.485719,0.003467,0.422915,0.414912,0
0.008628,2,0.638298,0.057734,0.480065,0.003467,0.422915,0.414912,0
0.008628,2,0.659574,0.057734,0.488396,0.003467,0.422915,0.414912,0
0.008628,2,0.680851,0.074817,0.505951,0.003467,0.422915,0.414912,0
0.008628,2,0.702128,0.074817,0.569622,0.003467,0.422915,0.414912,0
0.008628,2,0.723404,0.078209,0.676138,0.003467,0.422915,0.414912,1
0.008628,2,0.744681,0.074817,0.767182,0.003467,0.422915,0.414912,1
0.008628,2,0.765957,0.074817,0.773579,0.003467,0.422915,0.414912,1
0.008628,2,0.787234,0.074817,0.751562,0.003467,0.422915,0.414912,1
0.008628,2,0.808511,0.074817,0.714817,0.003467,0.422915,0.414912,1
0.008628,2,0.829787,0.074817,0.687593,0.003467,0.422915,0.414912,1
0.008628,2,0.851064,0.074817,0.666915,0.003467,0.422915,0.414912,1
0.008628,2,0.87234,0.057734,0.638054,0.003467,0.422915,0.414912,0
0.008628,2,0.893617,0.057734,0.592383,0.003467,0.422915,0.414912,0
0.008628,2,0.914894,0.042572,0.528414,0.003467,0.422915,0.414912,0
0.008628,2,0.93617,0.059235,0.557721,0.003467,0.422915,0.414912,0
0.008628,2,0.957447,0.056173,0.558614,0.003467,0.422915,0.414912,0
0.008628,2,0.978723,0.057734,0.562779,0.003467,0.422915,0.414912,0
0.008628,2,1.0,0.057734,0.552217,0.003467,0.422915,0.414912,0
0.008672,3,0.0,0.106071,0.546117,0.003467,0.422915,0.414912,1
0.008672,3,0.021277,0.106071,0.524993,0.003467,0.422915,0.414912,1
0.008672,3,0.042553,0.080911,0.496132,0.003467,0.422915,0.414912,1
0.008672,3,0.06383,0.056173,0.433799,0.003467,0.422915,0.414912,0
0.008672,3,0.085106,0.057734,0.37593,0.003467,0.422915,0.414912,0
0.008672,3,0.106383,0.057734,0.325498,0.003467,0.422915,0.414912,0
0.008672,3,0.12766,0.054251,0.283844,0.003467,0.422915,0.414912,0
0.008672,3,0.148936,0.057734,0.250521,0.003467,0.422915,0.414912,0
0.008672,3,0.170213,0.042272,0.22776,0.003467,0.422915,0.414912,0
0.008672,3,0.191489,0.074877,0.217644,0.003467,0.422915,0.414912,1
0.008672,3,0.212766,0.042272,0.254686,0.003467,0.422915,0.414912,0
0.008672,3,0.234043,0.078209,0.301101,0.003467,0.422915,0.414912,1
0.008672,3,0.255319,0.091359,0.403154,0.003467,0.422915,0.414912,1
0.008672,3,0.276596,0.106131,0.50476,0.003467,0.422915,0.414912,1
0.008672,3,0.297872,0.042572,0.526629,0.003467,0.422915,0.414912,0
0.008672,3,0.319149,0.075417,0.607111,0.003467,0.422915,0.414912,1
0.008672,3,0.340426,0.075417,0.645939,0.003467,0.422915,0.414912,1
0.008672,3,0.361702,0.075417,0.663493,0.003467,0.422915,0.414912,1
0.008672,3,0.382979,0.092771,0.698602,0.003467,0.422915,0.414912,1
0.008672,3,0.404255,0.075417,0.702172,0.003467,0.422915,0.414912,1
0.008672,3,0.425532,0.080911,0.669444,0.003467,0.422915,0.414912,1
0.008672,3,0.446809,0.075417,0.634781,0.003467,0.422915,0.414912,1
0.008672,3,0.468085,0.075417,0.612169,0.003467,0.422915,0.414912,1
0.008672,3,0.489362,0.092771,0.590747,0.003467,0.422915,0.414912,1
0.008672,3,0.510638,0.080911,0.571407,0.003467,0.422915,0.414912,1
0.008672,3,0.531915,0.07875,0.555638,0.003467,0.422915,0.414912,1
0.008672,3,0.553191,0.11829,0.545522,0.003467,0.422915,0.414912,1
0.008672,3,0.574468,0.11823,0.528265,0.003467,0.422915,0.414912,1
0.008672,3,0.595745,0.078209,0.520083,0.003467,0.422915,0.414912,1
0.008672,3,0.617021,0.075417,0.507141,0.003467,0.422915,0.414912,1
0.008672,3,0.638298,0.075417,0.502231,0.003467,0.422915,0.414912,1
0.008672,3,0.659574,0.092771,0.516513,0.003467,0.422915,0.414912,1
0.008672,3,0.680851,0.11823,0.537191,0.003467,0.422915,0.414912,1
0.008672,3,0.702128,0.11829,0.60235,0.003467,0.422915,0.414912,1
0.008672,3,0.723404,0.124865,0.708718,0.003467,0.422915,0.414912,1
0.008672,3,0.744681,0.11829,0.802589,0.003467,0.422915,0.414912,1
0.008672,3,0.765957,0.11823,0.804969,0.003467,0.422915,0.414912,1
0.008672,3,0.787234,0.11823,0.788902,0.003467,0.422915,0.414912,1
0.008672,3,0.808511,0.080911,0.748289,0.003467,0.422915,0.414912,1
0.008672,3,0.829787,0.075417,0.717197,0.003467,0.422915,0.414912,0
0.008672,3,0.851064,0.11823,0.694734,0.003467,0.422915,0.414912,1
0.008672,3,0.87234,0.078209,0.668849,0.003467,0.422915,0.414912,0
0.008672,3,0.893617,0.075417,0.621988,0.003467,0.422915,0.414912,0
0.008672,3,0.914894,0.092771,0.564564,0.003467,0.422915,0.414912,1
0.008672,3,0.93617,0.106131,0.597292,0.003467,0.422915,0.414912,1
0.008672,3,0.957447,0.080911,0.58792,0.003467,0.422915,0.414912,0
0.008672,3,0.978723,0.106131,0.58316,0.003467,0.422915,0.414912,1
0.008672,3,1.0,0.092771,0.575722,0.003467,0.422915,0.414912,1
0.008716,4,0.0,0.106131,0.565159,0.003467,0.422915,0.414912,1
0.008716,4,0.021277,0.092771,0.545373,0.003467,0.422915,0.414912,1
0.008716,4,0.042553,0.088357,0.520976,0.003467,0.422915,0.414912,1
0.008716,4,0.06383,0.042572,0.458494,0.003467,0.422915,0.414912,0
0.008716,4,0.085106,0.042422,0.399435,0.003467,0.422915,0.414912,0
0.008716,4,0.106383,0.077609,0.352127,0.003467,0.422915,0.414912,0
0.008716,4,0.12766,0.074877,0.305564,0.003467,0.422915,0.414912,0
0.008716,4,0.148936,0.042272,0.267629,0.003467,0.422915,0.414912,0
0.008716,4,0.170213,0.074817,0.247843,0.003467,0.422915,0.414912,0
0.008716,4,0.191489,0.075958,0.240405,0.003467,0.422915,0.414912,0
0.008716,4,0.212766,0.074817,0.269711,0.003467,0.422915,0.414912,0
0.008716,4,0.234043,0.080911,0.314787,0.003467,0.422915,0.414912,0
0.008716,4,0.255319,0.095052,0.413716,0.003467,0.422915,0.414912,1
0.008716,4,0.276596,0.116729,0.511157,0.003467,0.422915,0.414912,1
0.008716,4,0.297872,0.075417,0.538976,0.003467,0.422915,0.414912,0
0.008716,4,0.319149,0.10475,0.622583,0.003467,0.422915,0.414912,1
0.008716,4,0.340426,0.075417,0.674055,0.003467,0.422915,0.414912,0
0.008716,4,0.361702,0.075417,0.689676,0.003467,0.422915,0.414912,0
0.008716,4,0.382979,0.116729,0.723445,0.003467,0.422915,0.414912,1
0.008716,4,0.404255,0.116729,0.724784,0.003467,0.422915,0.414912,1
0.008716,4,0.425532,0.10475,0.684469,0.003467,0.422915,0.414912,1
0.008716,4,0.446809,0.075417,0.647873,0.003467,0.422915,0.414912,0
0.008716,4,0.468085,0.10475,0.617376,0.003467,0.422915,0.414912,1
0.008716,4,0.489362,0.075417,0.589408,0.003467,0.422915,0.414912,0
0.008716,4,0.510638,0.075417,0.564713,0.003467,0.422915,0.414912,0
0.008716,4,0.531915,0.075417,0.555043,0.003467,0.422915,0.414912,0
0.008716,4,0.553191,0.078209,0.542101,0.003467,0.422915,0.414912,0
0.008716,4,0.574468,0.075417,0.524249,0.003467,0.422915,0.414912,0
0.008716,4,0.595745,0.075417,0.503868,0.003467,0.422915,0.414912,0
0.008716,4,0.617021,0.075417,0.502975,0.003467,0.422915,0.414912,0
0.008716,4,0.638298,0.075417,0.491669,0.003467,0.422915,0.414912,0
0.008716,4,0.659574,0.075417,0.497322,0.003467,0.422915,0.414912,0
0.008716,4,0.680851,0.078209,0.52648,0.003467,0.422915,0.414912,0
0.008716,4,0.702128,0.116729,0.585838,0.003467,0.422915,0.414912,1
0.008716,4,0.723404,0.116729,0.687742,0.003467,0.422915,0.414912,1
0.008716,4,0.744681,0.116729,0.765843,0.003467,0.422915,0.414912,1
0.008716,4,0.765957,0.10475,0.769563,0.003467,0.422915,0.414912,1
0.008716,4,0.787234,0.075417,0.749182,0.003467,0.422915,0.414912,0
0.008716,4,0.808511,0.075417,0.714668,0.003467,0.422915,0.414912,0
0.008716,4,0.829787,0.075417,0.689676,0.003467,0.422915,0.414912,0
0.008716,4,0.851064,0.116729,0.676584,0.003467,0.422915,0.414912,1
0.008716,4,0.87234,0.10475,0.648468,0.003467,0.422915,0.414912,1
0.008716,4,0.893617,0.10475,0.598483,0.003467,0.422915,0.414912,1
0.008716,4,0.914894,0.116729,0.548051,0.003467,0.422915,0.414912,1
0.008716,4,0.93617,0.10475,0.58197,0.003467,0.422915,0.414912,1
0.008716,4,0.957447,0.095052,0.592681,0.003467,0.422915,0.414912,1
0.008716,4,0.978723,0.095052,0.593871,0.003467,0.422915,0.414912,1
0.008716,4,1.0,0.095052,0.574829,0.003467,0.422915,0.414912,1
0.008761,5,0.0,0.095052,0.564267,0.003467,0.422915,0.414912,1
0.008761,5,0.021277,0.10475,0.535704,0.003467,0.422915,0.414912,1
0.008761,5,0.042553,0.090939,0.507141,0.003467,0.422915,0.414912,1
0.008761,5,0.06383,0.078209,0.443023,0.003467,0.422915,0.414912,0
0.008761,5,0.085106,0.078209,0.387831,0.003467,0.422915,0.414912,0
0.008761,5,0.106383,0.077609,0.335168,0.003467,0.422915,0.414912,0
0.008761,5,0.12766,0.074817,0.291729,0.003467,0.422915,0.414912,0
0.008761,5,0.148936,0.074817,0.252306,0.003467,0.422915,0.414912,0
0.008761,5,0.170213,0.074817,0.227313,0.003467,0.422915,0.414912,0
0.008761,5,0.191489,0.074817,0.225082,0.003467,0.422915,0.414912,0
0.008761,5,0.212766,0.075958,0.24695,0.003467,0.422915,0.414912,0
0.008761,5,0.234043,0.07839,0.293514,0.003467,0.422915,0.414912,0
0.008761,5,0.255319,0.090939,0.387385,0.003467,0.422915,0.414912,1
0.008761,5,0.276596,0.106131,0.486611,0.003467,0.422915,0.414912,1
0.008761,5,0.297872,0.074517,0.506546,0.003467,0.422915,0.414912,0
0.008761,5,0.319149,0.090369,0.594466,0.003467,0.422915,0.414912,1
0.008761,5,0.340426,0.090369,0.65427,0.003467,0.422915,0.414912,1
0.008761,5,0.361702,0.074517,0.670336,0.003467,0.422915,0.414912,0
0.008761,5,0.382979,0.117329,0.714222,0.003467,0.422915,0.414912,1
0.008761,5,0.404255,0.125796,0.721511,0.003467,0.422915,0.414912,1
0.008761,5,0.425532,0.117329,0.691907,0.003467,0.422915,0.414912,1
0.008761,5,0.446809,0.10475,0.655757,0.003467,0.422915,0.414912,1
0.008761,5,0.468085,0.117329,0.634186,0.003467,0.422915,0.414912,1
0.008761,5,0.489362,0.117329,0.6144,0.003467,0.422915,0.414912,1
0.008761,5,0.510638,0.125796,0.597292,0.003467,0.422915,0.414912,1
0.008761,5,0.531915,0.117329,0.583457,0.003467,0.422915,0.414912,1
0.008761,5,0.553191,0.117329,0.566796,0.003467,0.422915,0.414912,1
0.008761,5,0.574468,0.10475,0.547456,0.003467,0.422915,0.414912,1
0.008761,5,0.595745,0.117329,0.529902,0.003467,0.422915,0.414912,1
0.008761,5,0.617021,0.10475,0.511455,0.003467,0.422915,0.414912,1
0.008761,5,0.638298,0.090369,0.507885,0.003467,0.422915,0.414912,0
0.008761,5,0.659574,0.125796,0.527522,0.003467,0.422915,0.414912,1
0.008761,5,0.680851,0.129398,0.552068,0.003467,0.422915,0.414912,1
0.008761,5,0.702128,0.134682,0.612764,0.003467,0.422915,0.414912,1
0.008761,5,0.723404,0.134772,0.686849,0.003467,0.422915,0.414912,1
0.008761,5,0.744681,0.117329,0.733413,0.003467,0.422915,0.414912,1
0.008761,5,0.765957,0.090369,0.721214,0.003467,0.422915,0.414912,0
0.008761,5,0.787234,0.074517,0.696816,0.003467,0.422915,0.414912,0
0.008761,5,0.808511,0.074517,0.652782,0.003467,0.422915,0.414912,0
0.008761,5,0.829787,0.041732,0.62407,0.003467,0.422915,0.414912,0
0.008761,5,0.851064,0.041762,0.598185,0.003467,0.422915,0.414912,0
0.008761,5,0.87234,0.041732,0.569771,0.003467,0.422915,0.414912,0
0.008761,5,0.893617,0.041732,0.527075,0.003467,0.422915,0.414912,0
0.008761,5,0.914894,0.041732,0.479917,0.003467,0.422915,0.414912,0
0.008761,5,0.93617,0.041762,0.521868,0.003467,0.422915,0.414912,0
0.008761,5,0.957447,0.041762,0.532431,0.003467,0.422915,0.414912,0
0.008761,5,0.978723,0.080911,0.550431,0.003467,0.422915,0.414912,0
0.008761,5,1.0,0.041762,0.540018,0.003467,0.422915,0.414912,0
0.008805,6,0.0,0.041762,0.527968,0.003467,0.422915,0.414912,0
0.008805,6,0.021277,0.080911,0.503273,0.003467,0.422915,0.414912,0
0.008805,6,0.042553,0.041642,0.467718,0.003467,0.422915,0.414912,0
0.008805,6,0.06383,0.041582,0.394377,0.003467,0.422915,0.414912,0
0.008805,6,0.085106,0.041582,0.332788,0.003467,0.422915,0.414912,0
0.008805,6,0.106383,0.041582,0.282059,0.003467,0.422915,0.414912,0
0.008805,6,0.12766,0.041582,0.234157,0.003467,0.422915,0.414912,0
0.008805,6,0.148936,0.041582,0.196221,0.003467,0.422915,0.414912,0
0.008805,6,0.170213,0.041582,0.164683,0.003467,0.422915,0.414912,0
0.008805,6,0.191489,0.041341,0.151889,0.003467,0.422915,0.414912,0
0.008805,6,0.212766,0.041582,0.154865,0.003467,0.422915,0.414912,0
0.008805,6,0.234043,0.041582,0.167361,0.003467,0.422915,0.414912,0
0.008805,6,0.255319,0.041882,0.194287,0.003467,0.422915,0.414912,0
0.008805,6,0.276596,0.041582,0.228206,0.003467,0.422915,0.414912,0
0.008805,6,0.297872,0.041882,0.271497,0.003467,0.422915,0.414912,0
0.008805,6,0.319149,0.041642,0.351086,0.003467,0.422915,0.414912,0
0.008805,6,0.340426,0.041642,0.430527,0.003467,0.422915,0.414912,0
0.008805,6,0.361702,0.041882,0.499107,0.003467,0.422915,0.414912,0
0.008805,6,0.382979,0.041912,0.548944,0.003467,0.422915,0.414912,0
0.008805,6,0.404255,0.041882,0.561291,0.003467,0.422915,0.414912,0
0.008805,6,0.425532,0.041762,0.540762,0.003467,0.422915,0.414912,0
0.008805,6,0.446809,0.041762,0.513686,0.003467,0.422915,0.414912,0
0.008805,6,0.468085,0.041642,0.496578,0.003467,0.422915,0.414912,0
0.008805,6,0.489362,0.041882,0.476198,0.003467,0.422915,0.414912,0
0.008805,6,0.510638,0.041732,0.460726,0.003467,0.422915,0.414912,0
0.008805,6,0.531915,0.041642,0.429337,0.003467,0.422915,0.414912,0
0.008805,6,0.553191,0.041582,0.399732,0.003467,0.422915,0.414912,0
0.008805,6,0.574468,0.041582,0.380244,0.003467,0.422915,0.414912,0
0.008805,6,0.595745,0.041582,0.358227,0.003467,0.422915,0.414912,0
0.008805,6,0.617021,0.041582,0.349301,0.003467,0.422915,0.414912,0
0.008805,6,0.638298,0.041582,0.345433,0.003467,0.422915,0.414912,0
0.008805,6,0.659574,0.041582,0.354359,0.003467,0.422915,0.414912,0
0.008805,6,0.680851,0.041582,0.374145,0.003467,0.422915,0.414912,0
0.008805,6,0.702128,0.041882,0.441089,0.003467,0.422915,0.414912,0
0.008805,6,0.723404,0.041942,0.526629,0.003467,0.422915,0.414912,0
0.008805,6,0.744681,0.041912,0.609789,0.003467,0.422915,0.414912,0
0.008805,6,0.765957,0.041912,0.62645,0.003467,0.422915,0.414912,0
0.008805,6,0.787234,0.041882,0.602946,0.003467,0.422915,0.414912,0
0.008805,6,0.808511,0.041882,0.558465,0.003467,0.422915,0.414912,0
0.008805,6,0.829787,0.041642,0.524398,0.003467,0.422915,0.414912,0
0.008805,6,0.851064,0.041642,0.504612,0.003467,0.422915,0.414912,0
0.008805,6,0.87234,0.041642,0.486314,0.003467,0.422915,0.414912,0
0.008805,6,0.893617,0.041582,0.457899,0.003467,0.422915,0.414912,0
0.008805,6,0.914894,0.041582,0.427551,0.003467,0.422915,0.414912,0
0.008805,6,0.93617,0.041882,0.452544,0.003467,0.422915,0.414912,0
0.008805,6,0.957447,0.041642,0.449866,0.003467,0.422915,0.414912,0
0.008805,6,0.978723,0.041642,0.455222,0.003467,0.422915,0.414912,0
0.008805,6,1.0,0.041642,0.423088,0.003467,0.422915,0.414912,0
0.008849,7,0.0,0.041582,0.396906,0.003467,0.422915,0.414912,0
0.008849,7,0.021277,0.041582,0.345879,0.003467,0.422915,0.414912,0
0.008849,7,0.042553,0.041582,0.321482,0.003467,0.422915,0.414912,0
0.008849,7,0.06383,0.041582,0.26748,0.003467,0.422915,0.414912,0
0.008849,7,0.085106,0.041582,0.218387,0.003467,0.422915,0.414912,0
0.008849,7,0.106383,0.041341,0.181494,0.003467,0.422915,0.414912,0
0.008849,7,0.12766,0.041191,0.151145,0.003467,0.422915,0.414912,0
0.008849,7,0.148936,0.041281,0.126004,0.003467,0.422915,0.414912,0
0.008849,7,0.170213,0.041191,0.110979,0.003467,0.422915,0.414912,0
0.008849,7,0.191489,0.041191,0.105921,0.003467,0.422915,0.414912,0
0.008849,7,0.212766,0.041191,0.11083,0.003467,0.422915,0.414912,0
0.008849,7,0.234043,0.041191,0.123475,0.003467,0.422915,0.414912,0
0.008849,7,0.255319,0.041582,0.145939,0.003467,0.422915,0.414912,0
0.008849,7,0.276596,0.041582,0.171973,0.003467,0.422915,0.414912,0
0.008849,7,0.297872,0.075898,0.198304,0.003467,0.422915,0.414912,1
0.008849,7,0.319149,0.078209,0.270604,0.003467,0.422915,0.414912,1
0.008849,7,0.340426,0.078209,0.343796,0.003467,0.422915,0.414912,1
0.008849,7,0.361702,0.041642,0.405683,0.003467,0.422915,0.414912,0
0.008849,7,0.382979,0.041882,0.465486,0.003467,0.422915,0.414912,0
0.008849,7,0.404255,0.041882,0.484826,0.003467,0.422915,0.414912,0
0.008849,7,0.425532,0.041642,0.475305,0.003467,0.422915,0.414912,0
0.008849,7,0.446809,0.041642,0.454032,0.003467,0.422915,0.414912,0
0.008849,7,0.468085,0.041642,0.42889,0.003467,0.422915,0.414912,0
0.008849,7,0.489362,0.041582,0.40241,0.003467,0.422915,0.414912,0
0.008849,7,0.510638,0.041582,0.377566,0.003467,0.422915,0.414912,0
0.008849,7,0.531915,0.041582,0.353317,0.003467,0.422915,0.414912,0
0.008849,7,0.553191,0.041582,0.32773,0.003467,0.422915,0.414912,0
0.008849,7,0.574468,0.041582,0.306754,0.003467,0.422915,0.414912,0
0.008849,7,0.595745,0.041582,0.283249,0.003467,0.422915,0.414912,0
0.008849,7,0.617021,0.041582,0.283249,0.003467,0.422915,0.414912,0
0.008849,7,0.638298,0.041582,0.288753,0.003467,0.422915,0.414912,0
0.008849,7,0.659574,0.041582,0.304671,0.003467,0.422915,0.414912,0
0.008849,7,0.680851,0.041582,0.335466,0.003467,0.422915,0.414912,0
0.008849,7,0.702128,0.041882,0.4036,0.003467,0.422915,0.414912,0
0.008849,7,0.723404,0.041942,0.510562,0.003467,0.422915,0.414912,0
0.008849,7,0.744681,0.10565,0.605028,0.003467,0.422915,0.414912,1
0.008849,7,0.765957,0.041912,0.641476,0.003467,0.422915,0.414912,0
0.008849,7,0.787234,0.041882,0.627194,0.003467,0.422915,0.414912,0
0.008849,7,0.808511,0.041882,0.610681,0.003467,0.422915,0.414912,0
0.008849,7,0.829787,0.041882,0.588069,0.003467,0.422915,0.414912,0
0.008849,7,0.851064,0.041882,0.566349,0.003467,0.422915,0.414912,0
0.008849,7,0.87234,0.041882,0.545373,0.003467,0.422915,0.414912,0
0.008849,7,0.893617,0.041642,0.501041,0.003467,0.422915,0.414912,0
0.008849,7,0.914894,0.041642,0.44823,0.003467,0.422915,0.414912,0
0.008849,7,0.93617,0.041882,0.471437,0.003467,0.422915,0.414912,0
0.008849,7,0.957447,0.041642,0.44942,0.003467,0.422915,0.414912,0
0.008849,7,0.978723,0.041642,0.445552,0.003467,0.422915,0.414912,0
0.008849,7,1.0,0.041582,0.409402,0.003467,0.422915,0.414912,0
0.008893,1,0.0,0.041582,0.390211,0.003467,0.422915,0.414912,0
0.008893,1,0.021277,0.041582,0.346921,0.003467,0.422915,0.414912,0
0.008893,1,0.042553,0.041582,0.325945,0.003467,0.422915,0.414912,0
0.008893,1,0.06383,0.041492,0.288605,0.003467,0.422915,0.414912,0
0.008893,1,0.085106,0.041492,0.255727,0.003467,0.422915,0.414912,0
0.008893,1,0.106383,0.041341,0.227313,0.003467,0.422915,0.414912,0
0.008893,1,0.12766,0.041341,0.19994,0.003467,0.422915,0.414912,0
0.008893,1,0.148936,0.041341,0.175097,0.003467,0.422915,0.414912,0
0.008893,1,0.170213,0.041582,0.168105,0.003467,0.422915,0.414912,0
0.008893,1,0.191489,0.041732,0.179262,0.003467,0.422915,0.414912,0
0.008893,1,0.212766,0.041732,0.20961,0.003467,0.422915,0.414912,0
0.008893,1,0.234043,0.041732,0.260042,0.003467,0.422915,0.414912,0
0.008893,1,0.255319,0.041882,0.36626,0.003467,0.422915,0.414912,0
0.008893,1,0.276596,0.041732,0.467718,0.003467,0.422915,0.414912,0
0.008893,1,0.297872,0.041732,0.489735,0.003467,0.422915,0.414912,0
0.008893,1,0.319149,0.075117,0.582862,0.003467,0.422915,0.414912,1
0.008893,1,0.340426,0.090579,0.63612,0.003467,0.422915,0.414912,1
0.008893,1,0.361702,0.041882,0.65784,0.003467,0.422915,0.414912,0
0.008893,1,0.382979,0.041882,0.69756,0.003467,0.422915,0.414912,0
0.008893,1,0.404255,0.041882,0.71199,0.003467,0.422915,0.414912,0
0.008893,1,0.425532,0.075117,0.693841,0.003467,0.422915,0.414912,1
0.008893,1,0.446809,0.041882,0.665427,0.003467,0.422915,0.414912,0
0.008893,1,0.468085,0.041882,0.643261,0.003467,0.422915,0.414912,0
0.008893,1,0.489362,0.10565,0.629128,0.003467,0.422915,0.414912,1
0.008893,1,0.510638,0.090579,0.613508,0.003467,0.422915,0.414912,1
0.008893,1,0.531915,0.10565,0.600565,0.003467,0.422915,0.414912,1
0.008893,1,0.553191,0.090579,0.589557,0.003467,0.422915,0.414912,1
0.008893,1,0.574468,0.120151,0.582862,0.003467,0.422915,0.414912,1
0.008893,1,0.595745,0.10565,0.561738,0.003467,0.422915,0.414912,1
0.008893,1,0.617021,0.120151,0.554002,0.003467,0.422915,0.414912,1
0.008893,1,0.638298,0.120151,0.546712,0.003467,0.422915,0.414912,1
0.008893,1,0.659574,0.125796,0.567837,0.003467,0.422915,0.414912,1
0.008893,1,0.680851,0.129398,0.601904,0.003467,0.422915,0.414912,1
0.008893,1,0.702128,0.148913,0.66632,0.003467,0.422915,0.414912,1
0.008893,1,0.723404,0.134682,0.754686,0.003467,0.422915,0.414912,1
0.008893,1,0.744681,0.132521,0.839036,0.003467,0.422915,0.414912,1
0.008893,1,0.765957,0.120151,0.836209,0.003467,0.422915,0.414912,1
0.008893,1,0.787234,0.090579,0.808837,0.003467,0.422915,0.414912,1
0.008893,1,0.808511,0.090579,0.767926,0.003467,0.422915,0.414912,1
0.008893,1,0.829787,0.075117,0.738619,0.003467,0.422915,0.414912,1
0.008893,1,0.851064,0.120151,0.707081,0.003467,0.422915,0.414912,1
0.008893,1,0.87234,0.075117,0.67956,0.003467,0.422915,0.414912,1
0.008893,1,0.893617,0.090579,0.633442,0.003467,0.422915,0.414912,1
0.008893,1,0.914894,0.041882,0.572151,0.003467,0.422915,0.414912,0
0.008893,1,0.93617,0.120151,0.610235,0.003467,0.422915,0.414912,1
0.008893,1,0.957447,0.099616,0.608599,0.003467,0.422915,0.414912,1
0.008893,1,0.978723,0.120151,0.592681,0.003467,0.422915,0.414912,1
0.008893,1,1.0,0.099616,0.570812,0.003467,0.422915,0.414912,1
0.008938,2,0.0,0.091089,0.562333,0.003467,0.422915,0.414912,1
0.008938,2,0.021277,0.099616,0.536447,0.003467,0.422915,0.414912,1
0.008938,2,0.042553,0.080911,0.506843,0.003467,0.422915,0.414912,1
0.008938,2,0.06383,0.041732,0.445552,0.003467,0.422915,0.414912,0
0.008938,2,0.085106,0.077609,0.387385,0.003467,0.422915,0.414912,0
0.008938,2,0.106383,0.075958,0.335912,0.003467,0.422915,0.414912,0
0.008938,2,0.12766,0.075958,0.292026,0.003467,0.422915,0.414912,0
0.008938,2,0.148936,0.074817,0.256174,0.003467,0.422915,0.414912,0
0.008938,2,0.170213,0.075958,0.239958,0.003467,0.422915,0.414912,0
0.008938,2,0.191489,0.075958,0.23252,0.003467,0.422915,0.414912,0
0.008938,2,0.212766,0.077909,0.258852,0.003467,0.422915,0.414912,0
0.008938,2,0.234043,0.07869,0.309283,0.003467,0.422915,0.414912,0
0.008938,2,0.255319,0.090369,0.407617,0.003467,0.422915,0.414912,1
0.008938,2,0.276596,0.043833,0.508033,0.003467,0.422915,0.414912,0
0.008938,2,0.297872,0.070313,0.53853,0.003467,0.422915,0.414912,0
0.008938,2,0.319149,0.090369,0.626599,0.003467,0.422915,0.414912,1
0.008938,2,0.340426,0.074967,0.681642,0.003467,0.422915,0.414912,0
0.008938,2,0.361702,0.073616,0.703213,0.003467,0.422915,0.414912,0
0.008938,2,0.382979,0.090369,0.729842,0.003467,0.422915,0.414912,1
0.008938,2,0.404255,0.073616,0.727165,0.003467,0.422915,0.414912,0
0.008938,2,0.425532,0.073616,0.685808,0.003467,0.422915,0.414912,0
0.008938,2,0.446809,0.044404,0.656501,0.003467,0.422915,0.414912,0
0.008938,2,0.468085,0.044134,0.632699,0.003467,0.422915,0.414912,0
0.008938,2,0.489362,0.07914,0.60726,0.003467,0.422915,0.414912,0
0.008938,2,0.510638,0.073616,0.58792,0.003467,0.422915,0.414912,0
0.008938,2,0.531915,0.070313,0.570961,0.003467,0.422915,0.414912,0
0.008938,2,0.553191,0.082743,0.557423,0.003467,0.422915,0.414912,0
0.008938,2,0.574468,0.074967,0.539423,0.003467,0.422915,0.414912,0
0.008938,2,0.595745,0.090369,0.523802,0.003467,0.422915,0.414912,1
0.008938,2,0.617021,0.074967,0.51443,0.003467,0.422915,0.414912,0
0.008938,2,0.638298,0.090369,0.511009,0.003467,0.422915,0.414912,1
0.008938,2,0.659574,0.090369,0.529307,0.003467,0.422915,0.414912,1
0.008938,2,0.680851,0.090369,0.549688,0.003467,0.422915,0.414912,1
0.008938,2,0.702128,0.149544,0.614103,0.003467,0.422915,0.414912,1
0.008938,2,0.723404,0.134682,0.727611,0.003467,0.422915,0.414912,1
0.008938,2,0.744681,0.179236,0.82892,0.003467,0.422915,0.414912,1
0.008938,2,0.765957,0.090369,0.840672,0.003467,0.422915,0.414912,1
0.008938,2,0.787234,0.090369,0.818953,0.003467,0.422915,0.414912,1
0.008938,2,0.808511,0.074487,0.776406,0.003467,0.422915,0.414912,0
0.008938,2,0.829787,0.074967,0.749182,0.003467,0.422915,0.414912,0
0.008938,2,0.851064,0.134682,0.726867,0.003467,0.422915,0.414912,1
0.008938,2,0.87234,0.134682,0.694882,0.003467,0.422915,0.414912,1
0.008938,2,0.893617,0.090369,0.636269,0.003467,0.422915,0.414912,1
0.008938,2,0.914894,0.074967,0.577358,0.003467,0.422915,0.414912,0
0.008938,2,0.93617,0.134682,0.599078,0.003467,0.422915,0.414912,1
0.008938,2,0.957447,0.125796,0.582862,0.003467,0.422915,0.414912,1
0.008938,2,0.978723,0.125796,0.581821,0.003467,0.422915,0.414912,1
0.008938,2,1.0,0.125796,0.57111,0.003467,0.422915,0.414912,1
0.008982,3,0.0,0.125796,0.563225,0.003467,0.422915,0.414912,1
0.008982,3,0.021277,0.125796,0.54582,0.003467,0.422915,0.414912,1
0.008982,3,0.042553,0.091089,0.52172,0.003467,0.422915,0.414912,1
0.008982,3,0.06383,0.090369,0.452098,0.003467,0.422915,0.414912,1
0.008982,3,0.085106,0.084064,0.400327,0.003467,0.422915,0.414912,0
0.008982,3,0.106383,0.080911,0.348855,0.003467,0.422915,0.414912,0
0.008982,3,0.12766,0.078209,0.307349,0.003467,0.422915,0.414912,0
0.008982,3,0.148936,0.077909,0.270158,0.003467,0.422915,0.414912,0
0.008982,3,0.170213,0.075958,0.246504,0.003467,0.422915,0.414912,0
0.008982,3,0.191489,0.078209,0.235793,0.003467,0.422915,0.414912,0
0.008982,3,0.212766,0.07869,0.257661,0.003467,0.422915,0.414912,0
0.008982,3,0.234043,0.080911,0.310027,0.003467,0.422915,0.414912,0
0.008982,3,0.255319,0.090219,0.407468,0.003467,0.422915,0.414912,0
0.008982,3,0.276596,0.125796,0.50357,0.003467,0.422915,0.414912,1
0.008982,3,0.297872,0.067251,0.526183,0.003467,0.422915,0.414912,0
0.008982,3,0.319149,0.090219,0.6205,0.003467,0.422915,0.414912,0
0.008982,3,0.340426,0.125796,0.678965,0.003467,0.422915,0.414912,1
0.008982,3,0.361702,0.090219,0.695329,0.003467,0.422915,0.414912,0
0.008982,3,0.382979,0.134682,0.727462,0.003467,0.422915,0.414912,1
0.008982,3,0.404255,0.090219,0.722553,0.003467,0.422915,0.414912,0
0.008982,3,0.425532,0.090219,0.697858,0.003467,0.422915,0.414912,0
0.008982,3,0.446809,0.125796,0.6687,0.003467,0.422915,0.414912,1
0.008982,3,0.468085,0.125796,0.644154,0.003467,0.422915,0.414912,1
0.008982,3,0.489362,0.090219,0.62407,0.003467,0.422915,0.414912,0
0.008982,3,0.510638,0.090219,0.613359,0.003467,0.422915,0.414912,0
0.008982,3,0.531915,0.125796,0.595954,0.003467,0.422915,0.414912,1
0.008982,3,0.553191,0.090219,0.590152,0.003467,0.422915,0.414912,0
0.008982,3,0.574468,0.090219,0.582267,0.003467,0.422915,0.414912,0
0.008982,3,0.595745,0.125796,0.559804,0.003467,0.422915,0.414912,1
0.008982,3,0.617021,0.090219,0.558614,0.003467,0.422915,0.414912,0
0.008982,3,0.638298,0.125796,0.568581,0.003467,0.422915,0.414912,1
0.008982,3,0.659574,0.125796,0.585689,0.003467,0.422915,0.414912,1
0.008982,3,0.680851,0.134682,0.612318,0.003467,0.422915,0.414912,1
0.008982,3,0.702128,0.179236,0.677626,0.003467,0.422915,0.414912,1
0.008982,3,0.723404,0.179236,0.77105,0.003467,0.422915,0.414912,1
0.008982,3,0.744681,0.179236,0.842755,0.003467,0.422915,0.414912,1
0.008982,3,0.765957,0.179236,0.84335,0.003467,0.422915,0.414912,1
0.008982,3,0.787234,0.090219,0.817316,0.003467,0.422915,0.414912,0
0.008982,3,0.808511,0.125796,0.778935,0.003467,0.422915,0.414912,1
0.008982,3,0.829787,0.090219,0.747843,0.003467,0.422915,0.414912,0
0.008982,3,0.851064,0.134682,0.717941,0.003467,0.422915,0.414912,1
0.008982,3,0.87234,0.125796,0.69161,0.003467,0.422915,0.414912,1
0.008982,3,0.893617,0.090219,0.631806,0.003467,0.422915,0.414912,0
0.008982,3,0.914894,0.068542,0.56873,0.003467,0.422915,0.414912,0
0.008982,3,0.93617,0.109613,0.59521,0.003467,0.422915,0.414912,0
0.008982,3,0.957447,0.090219,0.579887,0.003467,0.422915,0.414912,0
0.008982,3,0.978723,0.090939,0.582267,0.003467,0.422915,0.414912,0
0.008982,3,1.0,0.090939,0.56992,0.003467,0.422915,0.414912,0
0.009026,4,0.0,0.090219,0.564118,0.003467,0.422915,0.414912,0
0.009026,4,0.021277,0.090939,0.544183,0.003467,0.422915,0.414912,0
0.009026,4,0.042553,0.090219,0.519935,0.003467,0.422915,0.414912,0
0.009026,4,0.06383,0.090219,0.458048,0.003467,0.422915,0.414912,0
0.009026,4,0.085106,0.084064,0.402261,0.003467,0.422915,0.414912,0
0.009026,4,0.106383,0.07869,0.354508,0.003467,0.422915,0.414912,0
0.009026,4,0.12766,0.041341,0.305118,0.003467,0.422915,0.414912,0
0.009026,4,0.148936,0.074457,0.27105,0.003467,0.422915,0.414912,0
0.009026,4,0.170213,0.071694,0.242487,0.003467,0.422915,0.414912,0
0.009026,4,0.191489,0.071694,0.236537,0.003467,0.422915,0.414912,0
0.009026,4,0.212766,0.071694,0.254537,0.003467,0.422915,0.414912,0
0.009026,4,0.234043,0.077609,0.307647,0.003467,0.422915,0.414912,0
0.009026,4,0.255319,0.090159,0.406873,0.003467,0.422915,0.414912,0
0.009026,4,0.276596,0.090159,0.508182,0.003467,0.422915,0.414912,0
0.009026,4,0.297872,0.045304,0.539274,0.003467,0.422915,0.414912,0
0.009026,4,0.319149,0.090159,0.628236,0.003467,0.422915,0.414912,0
0.009026,4,0.340426,0.090159,0.679708,0.003467,0.422915,0.414912,0
0.009026,4,0.361702,0.045635,0.695775,0.003467,0.422915,0.414912,0
0.009026,4,0.382979,0.090159,0.731479,0.003467,0.422915,0.414912,0
0.009026,4,0.404255,0.090159,0.732223,0.003467,0.422915,0.414912,0
0.009026,4,0.425532,0.058514,0.707081,0.003467,0.422915,0.414912,0
0.009026,4,0.446809,0.090159,0.668849,0.003467,0.422915,0.414912,0
0.009026,4,0.468085,0.045304,0.636418,0.003467,0.422915,0.414912,0
0.009026,4,0.489362,0.045304,0.61202,0.003467,0.422915,0.414912,0
0.009026,4,0.510638,0.045304,0.594317,0.003467,0.422915,0.414912,0
0.009026,4,0.531915,0.045304,0.578102,0.003467,0.422915,0.414912,0
0.009026,4,0.553191,0.043833,0.570812,0.003467,0.422915,0.414912,0
0.009026,4,0.574468,0.043833,0.559655,0.003467,0.422915,0.414912,0
0.009026,4,0.595745,0.043833,0.553704,0.003467,0.422915,0.414912,0
0.009026,4,0.617021,0.045304,0.54463,0.003467,0.422915,0.414912,0
0.009026,4,0.638298,0.043833,0.550134,0.003467,0.422915,0.414912,0
0.009026,4,0.659574,0.045304,0.567539,0.003467,0.422915,0.414912,0
0.009026,4,0.680851,0.090159,0.586879,0.003467,0.422915,0.414912,1
0.009026,4,0.702128,0.097244,0.637905,0.003467,0.422915,0.414912,1
0.009026,4,0.723404,0.090159,0.719726,0.003467,0.422915,0.414912,1
0.009026,4,0.744681,0.045304,0.806308,0.003467,0.422915,0.414912,0
0.009026,4,0.765957,0.045635,0.81568,0.003467,0.422915,0.414912,0
0.009026,4,0.787234,0.045304,0.799316,0.003467,0.422915,0.414912,0
0.009026,4,0.808511,0.044134,0.763166,0.003467,0.422915,0.414912,0
0.009026,4,0.829787,0.043833,0.733413,0.003467,0.422915,0.414912,0
0.009026,4,0.851064,0.090159,0.728206,0.003467,0.422915,0.414912,1
0.009026,4,0.87234,0.045304,0.704552,0.003467,0.422915,0.414912,0
0.009026,4,0.893617,0.044134,0.649955,0.003467,0.422915,0.414912,0
0.009026,4,0.914894,0.042032,0.58911,0.003467,0.422915,0.414912,0
0.009026,4,0.93617,0.090159,0.619458,0.003467,0.422915,0.414912,1
0.009026,4,0.957447,0.090159,0.613359,0.003467,0.422915,0.414912,1
0.009026,4,0.978723,0.090159,0.609194,0.003467,0.422915,0.414912,1
0.009026,4,1.0,0.090159,0.593276,0.003467,0.422915,0.414912,1
0.00907,5,0.0,0.045304,0.58078,0.003467,0.422915,0.414912,0
0.00907,5,0.021277,0.071694,0.555043,0.003467,0.422915,0.414912,1
0.00907,5,0.042553,0.045304,0.522464,0.003467,0.422915,0.414912,0
0.00907,5,0.06383,0.045304,0.464891,0.003467,0.422915,0.414912,0
0.00907,5,0.085106,0.045304,0.403898,0.003467,0.422915,0.414912,0
0.00907,5,0.106383,0.045304,0.35778,0.003467,0.422915,0.414912,0
0.00907,5,0.12766,0.045304,0.309134,0.003467,0.422915,0.414912,0
0.00907,5,0.148936,0.045304,0.267629,0.003467,0.422915,0.414912,0
0.00907,5,0.170213,0.049868,0.245611,0.003467,0.422915,0.414912,0
0.00907,5,0.191489,0.044554,0.241744,0.003467,0.422915,0.414912,0
0.00907,5,0.212766,0.049868,0.263612,0.003467,0.422915,0.414912,0
0.00907,5,0.234043,0.044554,0.311366,0.003467,0.422915,0.414912,0
0.00907,5,0.255319,0.056263,0.41208,0.003467,0.422915,0.414912,0
0.00907,5,0.276596,0.081632,0.50848,0.003467,0.422915,0.414912,1
0.00907,5,0.297872,0.041582,0.539423,0.003467,0.422915,0.414912,0
0.00907,5,0.319149,0.049868,0.637013,0.003467,0.422915,0.414912,0
0.00907,5,0.340426,0.049868,0.69756,0.003467,0.422915,0.414912,0
0.00907,5,0.361702,0.045635,0.720173,0.003467,0.422915,0.414912,0
0.00907,5,0.382979,0.104179,0.75543,0.003467,0.422915,0.414912,1
0.00907,5,0.404255,0.090098,0.760042,0.003467,0.422915,0.414912,1
0.00907,5,0.425532,0.090098,0.730437,0.003467,0.422915,0.414912,1
0.00907,5,0.446809,0.090098,0.692949,0.003467,0.422915,0.414912,1
0.00907,5,0.468085,0.081632,0.658584,0.003467,0.422915,0.414912,1
0.00907,5,0.489362,0.081632,0.627194,0.003467,0.422915,0.414912,1
0.00907,5,0.510638,0.081632,0.6205,0.003467,0.422915,0.414912,1
0.00907,5,0.531915,0.049868,0.59997,0.003467,0.422915,0.414912,0
0.00907,5,0.553191,0.044554,0.582118,0.003467,0.422915,0.414912,0
0.00907,5,0.574468,0.044554,0.565605,0.003467,0.422915,0.414912,0
0.00907,5,0.595745,0.044554,0.551919,0.003467,0.422915,0.414912,0
0.00907,5,0.617021,0.041882,0.538976,0.003467,0.422915,0.414912,0
0.00907,5,0.638298,0.044554,0.533918,0.003467,0.422915,0.414912,0
0.00907,5,0.659574,0.049868,0.556084,0.003467,0.422915,0.414912,0
0.00907,5,0.680851,0.081632,0.588069,0.003467,0.422915,0.414912,1
0.00907,5,0.702128,0.090098,0.645939,0.003467,0.422915,0.414912,1
0.00907,5,0.723404,0.090098,0.73133,0.003467,0.422915,0.414912,1
0.00907,5,0.744681,0.090098,0.797084,0.003467,0.422915,0.414912,1
0.00907,5,0.765957,0.081632,0.799464,0.003467,0.422915,0.414912,1
0.00907,5,0.787234,0.049868,0.77596,0.003467,0.422915,0.414912,0
0.00907,5,0.808511,0.044554,0.743529,0.003467,0.422915,0.414912,0
0.00907,5,0.829787,0.044554,0.713478,0.003467,0.422915,0.414912,0
0.00907,5,0.851064,0.090098,0.693395,0.003467,0.422915,0.414912,1
0.00907,5,0.87234,0.044554,0.660666,0.003467,0.422915,0.414912,0
0.00907,5,0.893617,0.043833,0.615888,0.003467,0.422915,0.414912,0
0.00907,5,0.914894,0.041642,0.559655,0.003467,0.422915,0.414912,0
0.00907,5,0.93617,0.090098,0.594763,0.003467,0.422915,0.414912,1
0.00907,5,0.957447,0.081632,0.598036,0.003467,0.422915,0.414912,1
0.00907,5,0.978723,0.081632,0.598929,0.003467,0.422915,0.414912,1
0.00907,5,1.0,0.044554,0.578697,0.003467,0.422915,0.414912,0
0.009115,6,0.0,0.044554,0.569027,0.003467,0.422915,0.414912,0
0.009115,6,0.021277,0.044554,0.536894,0.003467,0.422915,0.414912,0
0.009115,6,0.042553,0.043833,0.511009,0.003467,0.422915,0.414912,0
0.009115,6,0.06383,0.043833,0.451205,0.003467,0.422915,0.414912,0
0.009115,6,0.085106,0.044554,0.389021,0.003467,0.422915,0.414912,0
0.009115,6,0.106383,0.044554,0.338143,0.003467,0.422915,0.414912,0
0.009115,6,0.12766,0.044554,0.299018,0.003467,0.422915,0.414912,0
0.009115,6,0.148936,0.044554,0.258554,0.003467,0.422915,0.414912,0
0.009115,6,0.170213,0.056233,0.231479,0.003467,0.422915,0.414912,0
0.009115,6,0.191489,0.061517,0.20604,0.003467,0.422915,0.414912,1
0.009115,6,0.212766,0.061517,0.208866,0.003467,0.422915,0.414912,1
0.009115,6,0.234043,0.061517,0.218239,0.003467,0.422915,0.414912,1
0.009115,6,0.255319,0.061577,0.253198,0.003467,0.422915,0.414912,1
0.009115,6,0.276596,0.061577,0.29396,0.003467,0.422915,0.414912,0
0.009115,6,0.297872,0.080431,0.347962,0.003467,0.422915,0.414912,1
0.009115,6,0.319149,0.082263,0.448378,0.003467,0.422915,0.414912,1
0.009115,6,0.340426,0.09247,0.543588,0.003467,0.422915,0.414912,1
0.009115,6,0.361702,0.092921,0.605475,0.003467,0.422915,0.414912,1
0.009115,6,0.382979,0.092921,0.654418,0.003467,0.422915,0.414912,1
0.009115,6,0.404255,0.092921,0.656799,0.003467,0.422915,0.414912,1
0.009115,6,0.425532,0.090008,0.628831,0.003467,0.422915,0.414912,1
0.009115,6,0.446809,0.082263,0.59759,0.003467,0.422915,0.414912,1
0.009115,6,0.468085,0.067611,0.568134,0.003467,0.422915,0.414912,1
0.009115,6,0.489362,0.082263,0.532728,0.003467,0.422915,0.414912,1
0.009115,6,0.510638,0.067611,0.511306,0.003467,0.422915,0.414912,1
0.009115,6,0.531915,0.061577,0.488248,0.003467,0.422915,0.414912,0
0.009115,6,0.553191,0.067611,0.470247,0.003467,0.422915,0.414912,1
0.009115,6,0.574468,0.067611,0.463255,0.003467,0.422915,0.414912,1
0.009115,6,0.595745,0.082052,0.464148,0.003467,0.422915,0.414912,1
0.009115,6,0.617021,0.082052,0.458494,0.003467,0.422915,0.414912,1
0.009115,6,0.638298,0.082263,0.465338,0.003467,0.422915,0.414912,1
0.009115,6,0.659574,0.082323,0.488991,0.003467,0.422915,0.414912,1
0.009115,6,0.680851,0.087036,0.541654,0.003467,0.422915,0.414912,1
0.009115,6,0.702128,0.103579,0.609194,0.003467,0.422915,0.414912,1
0.009115,6,0.723404,0.149664,0.676584,0.003467,0.422915,0.414912,1
0.009115,6,0.744681,0.151765,0.75305,0.003467,0.422915,0.414912,1
0.009115,6,0.765957,0.149664,0.766736,0.003467,0.422915,0.414912,1
0.009115,6,0.787234,0.10475,0.739363,0.003467,0.422915,0.414912,1
0.009115,6,0.808511,0.100667,0.699643,0.003467,0.422915,0.414912,1
0.009115,6,0.829787,0.09247,0.655906,0.003467,0.422915,0.414912,1
0.009115,6,0.851064,0.09247,0.622731,0.003467,0.422915,0.414912,1
0.009115,6,0.87234,0.082263,0.592234,0.003467,0.422915,0.414912,1
0.009115,6,0.893617,0.082263,0.548646,0.003467,0.422915,0.414912,1
0.009115,6,0.914894,0.067611,0.503422,0.003467,0.422915,0.414912,0
0.009115,6,0.93617,0.082263,0.523505,0.003467,0.422915,0.414912,1
0.009115,6,0.957447,0.067611,0.506248,0.003467,0.422915,0.414912,0
0.009115,6,0.978723,0.067611,0.505504,0.003467,0.422915,0.414912,0
0.009115,6,1.0,0.041642,0.469801,0.003467,0.422915,0.414912,0
0.009159,7,0.0,0.041642,0.441982,0.003467,0.422915,0.414912,0
0.009159,7,0.021277,0.061577,0.387682,0.003467,0.422915,0.414912,0
0.009159,7,0.042553,0.061517,0.360161,0.003467,0.422915,0.414912,0
0.009159,7,0.06383,0.041492,0.307051,0.003467,0.422915,0.414912,0
0.009159,7,0.085106,0.041431,0.262422,0.003467,0.422915,0.414912,0
0.009159,7,0.106383,0.061517,0.233413,0.003467,0.422915,0.414912,0
0.009159,7,0.12766,0.061517,0.202618,0.003467,0.422915,0.414912,0
0.009159,7,0.148936,0.041431,0.173758,0.003467,0.422915,0.414912,0
0.009159,7,0.170213,0.055632,0.152336,0.003467,0.422915,0.414912,0
0.009159,7,0.191489,0.041431,0.141625,0.003467,0.422915,0.414912,0
0.009159,7,0.212766,0.041431,0.148616,0.003467,0.422915,0.414912,0
0.009159,7,0.234043,0.059175,0.157542,0.003467,0.422915,0.414912,0
0.009159,7,0.255319,0.059175,0.185808,0.003467,0.422915,0.414912,0
0.009159,7,0.276596,0.059175,0.213181,0.003467,0.422915,0.414912,0
0.009159,7,0.297872,0.073976,0.246802,0.003467,0.422915,0.414912,0
0.009159,7,0.319149,0.082263,0.326391,0.003467,0.422915,0.414912,1
0.009159,7,0.340426,0.086496,0.414014,0.003467,0.422915,0.414912,1
0.009159,7,0.361702,0.087366,0.485421,0.003467,0.422915,0.414912,1
0.009159,7,0.382979,0.088838,0.543886,0.003467,0.422915,0.414912,1
0.009159,7,0.404255,0.090008,0.571407,0.003467,0.422915,0.414912,1
0.009159,7,0.425532,0.067581,0.568134,0.003467,0.422915,0.414912,0
0.009159,7,0.446809,0.067581,0.545076,0.003467,0.422915,0.414912,0
0.009159,7,0.468085,0.067581,0.528563,0.003467,0.422915,0.414912,0
0.009159,7,0.489362,0.082263,0.489438,0.003467,0.422915,0.414912,1
0.009159,7,0.510638,0.059175,0.472627,0.003467,0.422915,0.414912,0
0.009159,7,0.531915,0.059175,0.447932,0.003467,0.422915,0.414912,0
0.009159,7,0.553191,0.067581,0.424725,0.003467,0.422915,0.414912,0
0.009159,7,0.574468,0.067581,0.398393,0.003467,0.422915,0.414912,0
0.009159,7,0.595745,0.078209,0.379946,0.003467,0.422915,0.414912,1
0.009159,7,0.617021,0.078209,0.378012,0.003467,0.422915,0.414912,1
0.009159,7,0.638298,0.082052,0.382922,0.003467,0.422915,0.414912,1
0.009159,7,0.659574,0.082263,0.394972,0.003467,0.422915,0.414912,1
0.009159,7,0.680851,0.093281,0.43127,0.003467,0.422915,0.414912,1
0.009159,7,0.702128,0.10475,0.496727,0.003467,0.422915,0.414912,1
0.009159,7,0.723404,0.162514,0.597739,0.003467,0.422915,0.414912,1
0.009159,7,0.744681,0.179596,0.702618,0.003467,0.422915,0.414912,1
0.009159,7,0.765957,0.179596,0.734752,0.003467,0.422915,0.414912,1
0.009159,7,0.787234,0.179236,0.725231,0.003467,0.422915,0.414912,1
0.009159,7,0.808511,0.119761,0.697411,0.003467,0.422915,0.414912,1
0.009159,7,0.829787,0.10475,0.677626,0.003467,0.422915,0.414912,1
0.009159,7,0.851064,0.103579,0.654121,0.003467,0.422915,0.414912,1
0.009159,7,0.87234,0.09247,0.627046,0.003467,0.422915,0.414912,1
0.009159,7,0.893617,0.090008,0.570961,0.003467,0.422915,0.414912,1
0.009159,7,0.914894,0.088838,0.516513,0.003467,0.422915,0.414912,1
0.009159,7,0.93617,0.088838,0.52291,0.003467,0.422915,0.414912,1
0.009159,7,0.957447,0.087366,0.486314,0.003467,0.422915,0.414912,1
0.009159,7,0.978723,0.087366,0.470544,0.003467,0.422915,0.414912,1
0.009159,7,1.0,0.067581,0.442428,0.003467,0.422915,0.414912,0
0.009203,1,0.0,0.059175,0.422047,0.003467,0.422915,0.414912,0
0.009203,1,0.021277,0.055632,0.386195,0.003467,0.422915,0.414912,0
0.009203,1,0.042553,0.041492,0.367896,0.003467,0.422915,0.414912,0
0.009203,1,0.06383,0.041492,0.325498,0.003467,0.422915,0.414912,0
0.009203,1,0.085106,0.041492,0.293663,0.003467,0.422915,0.414912,0
0.009203,1,0.106383,0.055632,0.271497,0.003467,0.422915,0.414912,0
0.009203,1,0.12766,0.058544,0.237429,0.003467,0.422915,0.414912,0
0.009203,1,0.148936,0.059175,0.21199,0.003467,0.422915,0.414912,0
0.009203,1,0.170213,0.057794,0.206189,0.003467,0.422915,0.414912,0
0.009203,1,0.191489,0.057794,0.209759,0.003467,0.422915,0.414912,0
0.009203,1,0.212766,0.074457,0.241148,0.003467,0.422915,0.414912,0
0.009203,1,0.234043,0.07869,0.293068,0.003467,0.422915,0.414912,0
0.009203,1,0.255319,0.082082,0.416989,0.003467,0.422915,0.414912,0
0.009203,1,0.276596,0.103339,0.538679,0.003467,0.422915,0.414912,1
0.009203,1,0.297872,0.043203,0.589854,0.003467,0.422915,0.414912,0
0.009203,1,0.319149,0.081632,0.686849,0.003467,0.422915,0.414912,0
0.009203,1,0.340426,0.043203,0.716305,0.003467,0.422915,0.414912,0
0.009203,1,0.361702,0.043203,0.714073,0.003467,0.422915,0.414912,0
0.009203,1,0.382979,0.045635,0.741892,0.003467,0.422915,0.414912,0
0.009203,1,0.404255,0.045635,0.755132,0.003467,0.422915,0.414912,0
0.009203,1,0.425532,0.043203,0.735793,0.003467,0.422915,0.414912,0
0.009203,1,0.446809,0.041642,0.68432,0.003467,0.422915,0.414912,0
0.009203,1,0.468085,0.042272,0.668551,0.003467,0.422915,0.414912,0
0.009203,1,0.489362,0.043203,0.652633,0.003467,0.422915,0.414912,0
0.009203,1,0.510638,0.043203,0.642666,0.003467,0.422915,0.414912,0
0.009203,1,0.531915,0.042783,0.634186,0.003467,0.422915,0.414912,0
0.009203,1,0.553191,0.041642,0.632104,0.003467,0.422915,0.414912,0
0.009203,1,0.574468,0.081632,0.627046,0.003467,0.422915,0.414912,1
0.009203,1,0.595745,0.081632,0.606367,0.003467,0.422915,0.414912,1
0.009203,1,0.617021,0.081632,0.589705,0.003467,0.422915,0.414912,1
0.009203,1,0.638298,0.097184,0.579738,0.003467,0.422915,0.414912,1
0.009203,1,0.659574,0.103339,0.589259,0.003467,0.422915,0.414912,1
0.009203,1,0.680851,0.103339,0.614103,0.003467,0.422915,0.414912,1
0.009203,1,0.702128,0.103339,0.673163,0.003467,0.422915,0.414912,1
0.009203,1,0.723404,0.103339,0.777596,0.003467,0.422915,0.414912,1
0.009203,1,0.744681,0.103339,0.884707,0.003467,0.422915,0.414912,1
0.009203,1,0.765957,0.103339,0.898096,0.003467,0.422915,0.414912,1
0.009203,1,0.787234,0.103339,0.876079,0.003467,0.422915,0.414912,1
0.009203,1,0.808511,0.103339,0.842755,0.003467,0.422915,0.414912,1
0.009203,1,0.829787,0.081632,0.810919,0.003467,0.422915,0.414912,1
0.009203,1,0.851064,0.103339,0.788605,0.003467,0.422915,0.414912,1
0.009203,1,0.87234,0.081632,0.753347,0.003467,0.422915,0.414912,1
0.009203,1,0.893617,0.041642,0.691461,0.003467,0.422915,0.414912,0
0.009203,1,0.914894,0.043203,0.63136,0.003467,0.422915,0.414912,0
0.009203,1,0.93617,0.081632,0.656799,0.003467,0.422915,0.414912,1
0.009203,1,0.957447,0.097184,0.645939,0.003467,0.422915,0.414912,1
0.009203,1,0.978723,0.097184,0.620649,0.003467,0.422915,0.414912,1
0.009203,1,1.0,0.081632,0.600417,0.003467,0.422915,0.414912,1
0.009247,2,0.0,0.081632,0.589705,0.003467,0.422915,0.414912,1
0.009247,2,0.021277,0.081632,0.567688,0.003467,0.422915,0.414912,1
0.009247,2,0.042553,0.041642,0.544927,0.003467,0.422915,0.414912,0
0.009247,2,0.06383,0.041882,0.485272,0.003467,0.422915,0.414912,0
0.009247,2,0.085106,0.057794,0.423981,0.003467,0.422915,0.414912,0
0.009247,2,0.106383,0.056443,0.380095,0.003467,0.422915,0.414912,0
0.009247,2,0.12766,0.056443,0.330556,0.003467,0.422915,0.414912,0
0.009247,2,0.148936,0.056443,0.288158,0.003467,0.422915,0.414912,0
0.009247,2,0.170213,0.062357,0.264653,0.003467,0.422915,0.414912,0
0.009247,2,0.191489,0.062357,0.262124,0.003467,0.422915,0.414912,0
0.009247,2,0.212766,0.074457,0.290687,0.003467,0.422915,0.414912,1
0.009247,2,0.234043,0.07869,0.34216,0.003467,0.422915,0.414912,1
0.009247,2,0.255319,0.081632,0.458643,0.003467,0.422915,0.414912,1
0.009247,2,0.276596,0.103759,0.598185,0.003467,0.422915,0.414912,1
0.009247,2,0.297872,0.082082,0.645046,0.003467,0.422915,0.414912,1
0.009247,2,0.319149,0.103759,0.741148,0.003467,0.422915,0.414912,1
0.009247,2,0.340426,0.139816,0.766141,0.003467,0.422915,0.414912,1
0.009247,2,0.361702,0.1312,0.753347,0.003467,0.422915,0.414912,1
0.009247,2,0.382979,0.179236,0.766141,0.003467,0.422915,0.414912,1
0.009247,2,0.404255,0.179236,0.771348,0.003467,0.422915,0.414912,1
0.009247,2,0.425532,0.114387,0.741297,0.003467,0.422915,0.414912,1
0.009247,2,0.446809,0.103759,0.704701,0.003467,0.422915,0.414912,1
0.009247,2,0.468085,0.103759,0.681642,0.003467,0.422915,0.414912,1
0.009247,2,0.489362,0.097184,0.662303,0.003467,0.422915,0.414912,1
0.009247,2,0.510638,0.100456,0.64579,0.003467,0.422915,0.414912,1
0.009247,2,0.531915,0.113486,0.627492,0.003467,0.422915,0.414912,1
0.009247,2,0.553191,0.103759,0.615293,0.003467,0.422915,0.414912,1
0.009247,2,0.574468,0.161643,0.606813,0.003467,0.422915,0.414912,1
0.009247,2,0.595745,0.103759,0.599226,0.003467,0.422915,0.414912,1
0.009247,2,0.617021,0.103759,0.594615,0.003467,0.422915,0.414912,1
0.009247,2,0.638298,0.103759,0.594317,0.003467,0.422915,0.414912,1
0.009247,2,0.659574,0.103759,0.613954,0.003467,0.422915,0.414912,1
0.009247,2,0.680851,0.119461,0.651592,0.003467,0.422915,0.414912,1
0.009247,2,0.702128,0.151765,0.701428,0.003467,0.422915,0.414912,1
0.009247,2,0.723404,0.151765,0.795745,0.003467,0.422915,0.414912,1
0.009247,2,0.744681,0.151765,0.909997,0.003467,0.422915,0.414912,1
0.009247,2,0.765957,0.151765,0.922642,0.003467,0.422915,0.414912,1
0.009247,2,0.787234,0.151765,0.900922,0.003467,0.422915,0.414912,1
0.009247,2,0.808511,0.1312,0.857929,0.003467,0.422915,0.414912,1
0.009247,2,0.829787,0.119881,0.832193,0.003467,0.422915,0.414912,1
0.009247,2,0.851064,0.151765,0.798126,0.003467,0.422915,0.414912,1
0.009247,2,0.87234,0.1312,0.770158,0.003467,0.422915,0.414912,1
0.009247,2,0.893617,0.103759,0.708866,0.003467,0.422915,0.414912,1
0.009247,2,0.914894,0.103759,0.63017,0.003467,0.422915,0.414912,0
0.009247,2,0.93617,0.1312,0.639691,0.003467,0.422915,0.414912,1
0.009247,2,0.957447,0.103759,0.61812,0.003467,0.422915,0.414912,0
0.009247,2,0.978723,0.097184,0.614847,0.003467,0.422915,0.414912,0
0.009247,2,1.0,0.097184,0.611574,0.003467,0.422915,0.414912,0
0.009292,3,0.0,0.081632,0.601904,0.003467,0.422915,0.414912,0
0.009292,3,0.021277,0.081632,0.579143,0.003467,0.422915,0.414912,0
0.009292,3,0.042553,0.062357,0.555787,0.003467,0.422915,0.414912,0
0.009292,3,0.06383,0.062357,0.499702,0.003467,0.422915,0.414912,0
0.009292,3,0.085106,0.075267,0.441386,0.003467,0.422915,0.414912,0
0.009292,3,0.106383,0.062357,0.392889,0.003467,0.422915,0.414912,0
0.009292,3,0.12766,0.062357,0.342011,0.003467,0.422915,0.414912,0
0.009292,3,0.148936,0.060706,0.30482,0.003467,0.422915,0.414912,0
0.009292,3,0.170213,0.064789,0.28191,0.003467,0.422915,0.414912,0
0.009292,3,0.191489,0.064789,0.273282,0.003467,0.422915,0.414912,0
0.009292,3,0.212766,0.069173,0.293216,0.003467,0.422915,0.414912,0
0.009292,3,0.234043,0.077609,0.350937,0.003467,0.422915,0.414912,0
0.009292,3,0.255319,0.110124,0.467718,0.003467,0.422915,0.414912,1
0.009292,3,0.276596,0.13114,0.596846,0.003467,0.422915,0.414912,1
0.009292,3,0.297872,0.110124,0.644897,0.003467,0.422915,0.414912,1
0.009292,3,0.319149,0.119161,0.744421,0.003467,0.422915,0.414912,1
0.009292,3,0.340426,0.110124,0.775811,0.003467,0.422915,0.414912,0
0.009292,3,0.361702,0.096824,0.759149,0.003467,0.422915,0.414912,0
0.009292,3,0.382979,0.067731,0.783844,0.003467,0.422915,0.414912,0
0.009292,3,0.404255,0.106611,0.79039,0.003467,0.422915,0.414912,1
0.009292,3,0.425532,0.106611,0.764951,0.003467,0.422915,0.414912,1
0.009292,3,0.446809,0.13114,0.715263,0.003467,0.422915,0.414912,1
0.009292,3,0.468085,0.106611,0.6928,0.003467,0.422915,0.414912,1
0.009292,3,0.489362,0.106611,0.677179,0.003467,0.422915,0.414912,1
0.009292,3,0.510638,0.110124,0.659179,0.003467,0.422915,0.414912,1
0.009292,3,0.531915,0.106611,0.632699,0.003467,0.422915,0.414912,1
0.009292,3,0.553191,0.110124,0.628384,0.003467,0.422915,0.414912,1
0.009292,3,0.574468,0.110124,0.623475,0.003467,0.422915,0.414912,1
0.009292,3,0.595745,0.106611,0.604284,0.003467,0.422915,0.414912,1
0.009292,3,0.617021,0.106611,0.601607,0.003467,0.422915,0.414912,1
0.009292,3,0.638298,0.106611,0.593573,0.003467,0.422915,0.414912,1
0.009292,3,0.659574,0.106611,0.601309,0.003467,0.422915,0.414912,1
0.009292,3,0.680851,0.096824,0.629575,0.003467,0.422915,0.414912,0
0.009292,3,0.702128,0.069173,0.680006,0.003467,0.422915,0.414912,0
0.009292,3,0.723404,0.096824,0.778191,0.003467,0.422915,0.414912,0
0.009292,3,0.744681,0.13114,0.878012,0.003467,0.422915,0.414912,1
0.009292,3,0.765957,0.106611,0.896162,0.003467,0.422915,0.414912,1
0.009292,3,0.787234,0.106611,0.878756,0.003467,0.422915,0.414912,1
0.009292,3,0.808511,0.106611,0.845433,0.003467,0.422915,0.414912,1
0.009292,3,0.829787,0.059475,0.812705,0.003467,0.422915,0.414912,0
0.009292,3,0.851064,0.134742,0.785927,0.003467,0.422915,0.414912,1
0.009292,3,0.87234,0.106611,0.754984,0.003467,0.422915,0.414912,1
0.009292,3,0.893617,0.069173,0.698899,0.003467,0.422915,0.414912,0
0.009292,3,0.914894,0.041732,0.621244,0.003467,0.422915,0.414912,0
0.009292,3,0.93617,0.106611,0.641773,0.003467,0.422915,0.414912,1
0.009292,3,0.957447,0.064789,0.630021,0.003467,0.422915,0.414912,0
0.009292,3,0.978723,0.106611,0.623029,0.003467,0.422915,0.414912,1
0.009292,3,1.0,0.042122,0.607855,0.003467,0.422915,0.414912,0
0.009336,4,0.0,0.064789,0.602499,0.003467,0.422915,0.414912,0
0.009336,4,0.021277,0.064789,0.578846,0.003467,0.422915,0.414912,0
0.009336,4,0.042553,0.042122,0.555638,0.003467,0.422915,0.414912,0
0.009336,4,0.06383,0.042122,0.498215,0.003467,0.422915,0.414912,0
0.009336,4,0.085106,0.041401,0.43008,0.003467,0.422915,0.414912,0
0.009336,4,0.106383,0.041371,0.3795,0.003467,0.422915,0.414912,0
0.009336,4,0.12766,0.041341,0.33368,0.003467,0.422915,0.414912,0
0.009336,4,0.148936,0.041341,0.291431,0.003467,0.422915,0.414912,0
0.009336,4,0.170213,0.041281,0.267182,0.003467,0.422915,0.414912,0
0.009336,4,0.191489,0.041341,0.266439,0.003467,0.422915,0.414912,0
0.009336,4,0.212766,0.041341,0.287563,0.003467,0.422915,0.414912,0
0.009336,4,0.234043,0.041822,0.340672,0.003467,0.422915,0.414912,0
0.009336,4,0.255319,0.06599,0.457007,0.003467,0.422915,0.414912,0
0.009336,4,0.276596,0.109493,0.583904,0.003467,0.422915,0.414912,1
0.009336,4,0.297872,0.042152,0.62526,0.003467,0.422915,0.414912,0
0.009336,4,0.319149,0.081182,0.714817,0.003467,0.422915,0.414912,0
0.009336,4,0.340426,0.114567,0.733561,0.003467,0.422915,0.414912,1
0.009336,4,0.361702,0.109493,0.718239,0.003467,0.422915,0.414912,1
0.009336,4,0.382979,0.179236,0.734008,0.003467,0.422915,0.414912,1
0.009336,4,0.404255,0.13222,0.728206,0.003467,0.422915,0.414912,1
0.009336,4,0.425532,0.114387,0.69637,0.003467,0.422915,0.414912,1
0.009336,4,0.446809,0.109493,0.660518,0.003467,0.422915,0.414912,1
0.009336,4,0.468085,0.13222,0.627789,0.003467,0.422915,0.414912,1
0.009336,4,0.489362,0.13222,0.604433,0.003467,0.422915,0.414912,1
0.009336,4,0.510638,0.109493,0.584647,0.003467,0.422915,0.414912,1
0.009336,4,0.531915,0.085475,0.56144,0.003467,0.422915,0.414912,0
0.009336,4,0.553191,0.098445,0.552514,0.003467,0.422915,0.414912,1
0.009336,4,0.574468,0.109493,0.53853,0.003467,0.422915,0.414912,1
0.009336,4,0.595745,0.098835,0.529307,0.003467,0.422915,0.414912,1
0.009336,4,0.617021,0.098835,0.516364,0.003467,0.422915,0.414912,1
0.009336,4,0.638298,0.098835,0.507736,0.003467,0.422915,0.414912,1
0.009336,4,0.659574,0.098835,0.5241,0.003467,0.422915,0.414912,1
0.009336,4,0.680851,0.109493,0.543886,0.003467,0.422915,0.414912,1
0.009336,4,0.702128,0.109493,0.588218,0.003467,0.422915,0.414912,1
0.009336,4,0.723404,0.109493,0.680155,0.003467,0.422915,0.414912,1
0.009336,4,0.744681,0.109493,0.790539,0.003467,0.422915,0.414912,1
0.009336,4,0.765957,0.119761,0.81806,0.003467,0.422915,0.414912,1
0.009336,4,0.787234,0.109493,0.814192,0.003467,0.422915,0.414912,1
0.009336,4,0.808511,0.109493,0.782059,0.003467,0.422915,0.414912,1
0.009336,4,0.829787,0.098835,0.75781,0.003467,0.422915,0.414912,1
0.009336,4,0.851064,0.151765,0.746206,0.003467,0.422915,0.414912,1
0.009336,4,0.87234,0.119761,0.718239,0.003467,0.422915,0.414912,1
0.009336,4,0.893617,0.109493,0.660369,0.003467,0.422915,0.414912,1
0.009336,4,0.914894,0.066591,0.596846,0.003467,0.422915,0.414912,0
0.009336,4,0.93617,0.13222,0.624963,0.003467,0.422915,0.414912,1
0.009336,4,0.957447,0.109493,0.611871,0.003467,0.422915,0.414912,1
0.009336,4,0.978723,0.119701,0.60607,0.003467,0.422915,0.414912,1
0.009336,4,1.0,0.109493,0.599078,0.003467,0.422915,0.414912,1
0.00938,5,0.0,0.109493,0.58435,0.003467,0.422915,0.414912,1
0.00938,5,0.021277,0.096703,0.563672,0.003467,0.422915,0.414912,1
0.00938,5,0.042553,0.081632,0.541803,0.003467,0.422915,0.414912,0
0.00938,5,0.06383,0.06599,0.476793,0.003467,0.422915,0.414912,0
0.00938,5,0.085106,0.06599,0.417733,0.003467,0.422915,0.414912,0
0.00938,5,0.106383,0.06599,0.365665,0.003467,0.422915,0.414912,0
0.00938,5,0.12766,0.06599,0.319548,0.003467,0.422915,0.414912,0
0.00938,5,0.148936,0.06599,0.285481,0.003467,0.422915,0.414912,0
0.00938,5,0.170213,0.050648,0.259595,0.003467,0.422915,0.414912,0
0.00938,5,0.191489,0.041642,0.253942,0.003467,0.422915,0.414912,0
0.00938,5,0.212766,0.041492,0.280125,0.003467,0.422915,0.414912,0
0.00938,5,0.234043,0.041642,0.326093,0.003467,0.422915,0.414912,0
0.00938,5,0.255319,0.041792,0.436477,0.003467,0.422915,0.414912,0
0.00938,5,0.276596,0.043383,0.562928,0.003467,0.422915,0.414912,0
0.00938,5,0.297872,0.041912,0.608599,0.003467,0.422915,0.414912,0
0.00938,5,0.319149,0.041912,0.695626,0.003467,0.422915,0.414912,0
0.00938,5,0.340426,0.041732,0.715115,0.003467,0.422915,0.414912,0
0.00938,5,0.361702,0.041642,0.700684,0.003467,0.422915,0.414912,0
0.00938,5,0.382979,0.043383,0.724933,0.003467,0.422915,0.414912,0
0.00938,5,0.404255,0.041912,0.719875,0.003467,0.422915,0.414912,0
0.00938,5,0.425532,0.041732,0.676436,0.003467,0.422915,0.414912,0
0.00938,5,0.446809,0.041642,0.644897,0.003467,0.422915,0.414912,0
0.00938,5,0.468085,0.041642,0.628533,0.003467,0.422915,0.414912,0
0.00938,5,0.489362,0.041732,0.608599,0.003467,0.422915,0.414912,0
0.00938,5,0.510638,0.041642,0.585689,0.003467,0.422915,0.414912,0
0.00938,5,0.531915,0.041642,0.568878,0.003467,0.422915,0.414912,0
0.00938,5,0.553191,0.041642,0.555638,0.003467,0.422915,0.414912,0
0.00938,5,0.574468,0.041612,0.539274,0.003467,0.422915,0.414912,0
0.00938,5,0.595745,0.041612,0.526034,0.003467,0.422915,0.414912,0
0.00938,5,0.617021,0.041612,0.514133,0.003467,0.422915,0.414912,0
0.00938,5,0.638298,0.041612,0.499107,0.003467,0.422915,0.414912,0
0.00938,5,0.659574,0.041612,0.507736,0.003467,0.422915,0.414912,0
0.00938,5,0.680851,0.041732,0.519637,0.003467,0.422915,0.414912,0
0.00938,5,0.702128,0.041642,0.555192,0.003467,0.422915,0.414912,0
0.00938,5,0.723404,0.041642,0.620797,0.003467,0.422915,0.414912,0
0.00938,5,0.744681,0.041642,0.694585,0.003467,0.422915,0.414912,0
0.00938,5,0.765957,0.041732,0.698899,0.003467,0.422915,0.414912,0
0.00938,5,0.787234,0.041642,0.67837,0.003467,0.422915,0.414912,0
0.00938,5,0.808511,0.041642,0.642963,0.003467,0.422915,0.414912,0
0.00938,5,0.829787,0.041582,0.606813,0.003467,0.422915,0.414912,0
0.00938,5,0.851064,0.041642,0.585838,0.003467,0.422915,0.414912,0
0.00938,5,0.87234,0.041642,0.564862,0.003467,0.422915,0.414912,0
0.00938,5,0.893617,0.041612,0.536894,0.003467,0.422915,0.414912,0
0.00938,5,0.914894,0.041492,0.485867,0.003467,0.422915,0.414912,0
0.00938,5,0.93617,0.041732,0.528265,0.003467,0.422915,0.414912,0
0.00938,5,0.957447,0.041732,0.540018,0.003467,0.422915,0.414912,0
0.00938,5,0.978723,0.041732,0.555936,0.003467,0.422915,0.414912,0
0.00938,5,1.0,0.041732,0.54701,0.003467,0.422915,0.414912,0
0.009424,6,0.0,0.041732,0.53615,0.003467,0.422915,0.414912,0
0.009424,6,0.021277,0.041732,0.504612,0.003467,0.422915,0.414912,0
0.009424,6,0.042553,0.041642,0.475156,0.003467,0.422915,0.414912,0
0.009424,6,0.06383,0.041612,0.410592,0.003467,0.422915,0.414912,0
0.009424,6,0.085106,0.041492,0.345135,0.003467,0.422915,0.414912,0
0.009424,6,0.106383,0.041492,0.292026,0.003467,0.422915,0.414912,0
0.009424,6,0.12766,0.041341,0.249182,0.003467,0.422915,0.414912,0
0.009424,6,0.148936,0.041341,0.209313,0.003467,0.422915,0.414912,0
0.009424,6,0.170213,0.041642,0.177031,0.003467,0.422915,0.414912,0
0.009424,6,0.191489,0.041341,0.16751,0.003467,0.422915,0.414912,0
0.009424,6,0.212766,0.041341,0.17108,0.003467,0.422915,0.414912,0
0.009424,6,0.234043,0.041642,0.184469,0.003467,0.422915,0.414912,0
0.009424,6,0.255319,0.057193,0.218982,0.003467,0.422915,0.414912,1
0.009424,6,0.276596,0.041642,0.261827,0.003467,0.422915,0.414912,0
0.009424,6,0.297872,0.041732,0.313895,0.003467,0.422915,0.414912,0
0.009424,6,0.319149,0.041732,0.408361,0.003467,0.422915,0.414912,0
0.009424,6,0.340426,0.041732,0.488545,0.003467,0.422915,0.414912,0
0.009424,6,0.361702,0.041762,0.535257,0.003467,0.422915,0.414912,0
0.009424,6,0.382979,0.041912,0.572895,0.003467,0.422915,0.414912,0
0.009424,6,0.404255,0.041762,0.583309,0.003467,0.422915,0.414912,0
0.009424,6,0.425532,0.041762,0.564564,0.003467,0.422915,0.414912,0
0.009424,6,0.446809,0.041732,0.532282,0.003467,0.422915,0.414912,0
0.009424,6,0.468085,0.041642,0.488545,0.003467,0.422915,0.414912,0
0.009424,6,0.489362,0.041642,0.471437,0.003467,0.422915,0.414912,0
0.009424,6,0.510638,0.041732,0.453883,0.003467,0.422915,0.414912,0
0.009424,6,0.531915,0.041732,0.440196,0.003467,0.422915,0.414912,0
0.009424,6,0.553191,0.041732,0.417733,0.003467,0.422915,0.414912,0
0.009424,6,0.574468,0.064789,0.397798,0.003467,0.422915,0.414912,1
0.009424,6,0.595745,0.041672,0.368492,0.003467,0.422915,0.414912,0
0.009424,6,0.617021,0.041582,0.371021,0.003467,0.422915,0.414912,0
0.009424,6,0.638298,0.041732,0.380095,0.003467,0.422915,0.414912,0
0.009424,6,0.659574,0.064789,0.388724,0.003467,0.422915,0.414912,1
0.009424,6,0.680851,0.041732,0.406724,0.003467,0.422915,0.414912,0
0.009424,6,0.702128,0.041732,0.457453,0.003467,0.422915,0.414912,0
0.009424,6,0.723404,0.041912,0.537786,0.003467,0.422915,0.414912,0
0.009424,6,0.744681,0.041912,0.643558,0.003467,0.422915,0.414912,0
0.009424,6,0.765957,0.041912,0.661262,0.003467,0.422915,0.414912,0
0.009424,6,0.787234,0.041882,0.649955,0.003467,0.422915,0.414912,0
0.009424,6,0.808511,0.041732,0.602202,0.003467,0.422915,0.414912,0
0.009424,6,0.829787,0.041732,0.573936,0.003467,0.422915,0.414912,0
0.009424,6,0.851064,0.041642,0.545522,0.003467,0.422915,0.414912,0
0.009424,6,0.87234,0.041642,0.525141,0.003467,0.422915,0.414912,0
0.009424,6,0.893617,0.041642,0.490628,0.003467,0.422915,0.414912,0
0.009424,6,0.914894,0.041642,0.451354,0.003467,0.422915,0.414912,0
0.009424,6,0.93617,0.041732,0.469057,0.003467,0.422915,0.414912,0
0.009424,6,0.957447,0.041642,0.470693,0.003467,0.422915,0.414912,0
0.009424,6,0.978723,0.041732,0.478875,0.003467,0.422915,0.414912,0
0.009424,6,1.0,0.041642,0.44704,0.003467,0.422915,0.414912,0
0.009469,7,0.0,0.041732,0.421749,0.003467,0.422915,0.414912,0
0.009469,7,0.021277,0.041642,0.373698,0.003467,0.422915,0.414912,0
0.009469,7,0.042553,0.041642,0.348706,0.003467,0.422915,0.414912,0
0.009469,7,0.06383,0.041642,0.29277,0.003467,0.422915,0.414912,0
0.009469,7,0.085106,0.041341,0.243826,0.003467,0.422915,0.414912,0
0.009469,7,0.106383,0.041642,0.203213,0.003467,0.422915,0.414912,0
0.009469,7,0.12766,0.041341,0.178072,0.003467,0.422915,0.414912,0
0.009469,7,0.148936,0.041642,0.153079,0.003467,0.422915,0.414912,0
0.009469,7,0.170213,0.041281,0.139244,0.003467,0.422915,0.414912,0
0.009469,7,0.191489,0.041281,0.130913,0.003467,0.422915,0.414912,0
0.009469,7,0.212766,0.041642,0.136418,0.003467,0.422915,0.414912,0
0.009469,7,0.234043,0.041642,0.148616,0.003467,0.422915,0.414912,0
0.009469,7,0.255319,0.059865,0.17227,0.003467,0.422915,0.414912,1
0.009469,7,0.276596,0.041642,0.196519,0.003467,0.422915,0.414912,0
0.009469,7,0.297872,0.061367,0.229545,0.003467,0.422915,0.414912,1
0.009469,7,0.319149,0.063949,0.309283,0.003467,0.422915,0.414912,1
0.009469,7,0.340426,0.063949,0.388129,0.003467,0.422915,0.414912,1
0.009469,7,0.361702,0.063949,0.447932,0.003467,0.422915,0.414912,1
0.009469,7,0.382979,0.041882,0.506397,0.003467,0.422915,0.414912,0
0.009469,7,0.404255,0.042602,0.524844,0.003467,0.422915,0.414912,0
0.009469,7,0.425532,0.041732,0.514579,0.003467,0.422915,0.414912,0
0.009469,7,0.446809,0.041642,0.499405,0.003467,0.422915,0.414912,0
0.009469,7,0.468085,0.041732,0.48795,0.003467,0.422915,0.414912,0
0.009469,7,0.489362,0.041732,0.469652,0.003467,0.422915,0.414912,0
0.009469,7,0.510638,0.041732,0.448081,0.003467,0.422915,0.414912,0
0.009469,7,0.531915,0.041732,0.421154,0.003467,0.422915,0.414912,0
0.009469,7,0.553191,0.041642,0.392443,0.003467,0.422915,0.414912,0
0.009469,7,0.574468,0.041642,0.368938,0.003467,0.422915,0.414912,0
0.009469,7,0.595745,0.041642,0.341267,0.003467,0.422915,0.414912,0
0.009469,7,0.617021,0.041732,0.346028,0.003467,0.422915,0.414912,0
0.009469,7,0.638298,0.041642,0.348408,0.003467,0.422915,0.414912,0
0.009469,7,0.659574,0.041732,0.364921,0.003467,0.422915,0.414912,0
0.009469,7,0.680851,0.041732,0.393633,0.003467,0.422915,0.414912,0
0.009469,7,0.702128,0.063949,0.459833,0.003467,0.422915,0.414912,1
0.009469,7,0.723404,0.063949,0.553109,0.003467,0.422915,0.414912,1
0.009469,7,0.744681,0.063949,0.673758,0.003467,0.422915,0.414912,1
0.009469,7,0.765957,0.063949,0.711693,0.003467,0.422915,0.414912,1
0.009469,7,0.787234,0.042602,0.708271,0.003467,0.422915,0.414912,0
0.009469,7,0.808511,0.061126,0.676436,0.003467,0.422915,0.414912,1
0.009469,7,0.829787,0.042602,0.652187,0.003467,0.422915,0.414912,0
0.009469,7,0.851064,0.063949,0.627641,0.003467,0.422915,0.414912,1
0.009469,7,0.87234,0.041762,0.593722,0.003467,0.422915,0.414912,0
0.009469,7,0.893617,0.041732,0.547307,0.003467,0.422915,0.414912,0
0.009469,7,0.914894,0.041642,0.485123,0.003467,0.422915,0.414912,0
0.009469,7,0.93617,0.041732,0.499107,0.003467,0.422915,0.414912,0
0.009469,7,0.957447,0.041642,0.472181,0.003467,0.422915,0.414912,0
0.009469,7,0.978723,0.041642,0.458346,0.003467,0.422915,0.414912,0
0.009469,7,1.0,0.041642,0.435138,0.003467,0.422915,0.414912,0
0.009513,1,0.0,0.041582,0.415948,0.003467,0.422915,0.414912,0
0.009513,1,0.021277,0.041492,0.375335,0.003467,0.422915,0.414912,0
0.009513,1,0.042553,0.041582,0.358673,0.003467,0.422915,0.414912,0
0.009513,1,0.06383,0.041492,0.312556,0.003467,0.422915,0.414912,0
0.009513,1,0.085106,0.041492,0.278042,0.003467,0.422915,0.414912,0
0.009513,1,0.106383,0.041492,0.250372,0.003467,0.422915,0.414912,0
0.009513,1,0.12766,0.041341,0.217495,0.003467,0.422915,0.414912,0
0.009513,1,0.148936,0.041642,0.195329,0.003467,0.422915,0.414912,0
0.009513,1,0.170213,0.041341,0.191461,0.003467,0.422915,0.414912,0
0.009513,1,0.191489,0.041341,0.192502,0.003467,0.422915,0.414912,0
0.009513,1,0.212766,0.041341,0.23014,0.003467,0.422915,0.414912,0
0.009513,1,0.234043,0.059475,0.293663,0.003467,0.422915,0.414912,1
0.009513,1,0.255319,0.068422,0.411187,0.003467,0.422915,0.414912,1
0.009513,1,0.276596,0.041732,0.538976,0.003467,0.422915,0.414912,0
0.009513,1,0.297872,0.041732,0.577358,0.003467,0.422915,0.414912,0
0.009513,1,0.319149,0.084844,0.666766,0.003467,0.422915,0.414912,1
0.009513,1,0.340426,0.041732,0.688337,0.003467,0.422915,0.414912,0
0.009513,1,0.361702,0.041732,0.67465,0.003467,0.422915,0.414912,0
0.009513,1,0.382979,0.043203,0.702172,0.003467,0.422915,0.414912,0
0.009513,1,0.404255,0.041762,0.699792,0.003467,0.422915,0.414912,0
0.009513,1,0.425532,0.041732,0.675841,0.003467,0.422915,0.414912,0
0.009513,1,0.446809,0.041642,0.644302,0.003467,0.422915,0.414912,0
0.009513,1,0.468085,0.041642,0.617525,0.003467,0.422915,0.414912,0
0.009513,1,0.489362,0.041732,0.600268,0.003467,0.422915,0.414912,0
0.009513,1,0.510638,0.041642,0.583755,0.003467,0.422915,0.414912,0
0.009513,1,0.531915,0.041642,0.569027,0.003467,0.422915,0.414912,0
0.009513,1,0.553191,0.041642,0.560994,0.003467,0.422915,0.414912,0
0.009513,1,0.574468,0.041642,0.548349,0.003467,0.422915,0.414912,0
0.009513,1,0.595745,0.041642,0.538679,0.003467,0.422915,0.414912,0
0.009513,1,0.617021,0.041642,0.525141,0.003467,0.422915,0.414912,0
0.009513,1,0.638298,0.041642,0.513389,0.003467,0.422915,0.414912,0
0.009513,1,0.659574,0.041642,0.52053,0.003467,0.422915,0.414912,0
0.009513,1,0.680851,0.041732,0.547902,0.003467,0.422915,0.414912,0
0.009513,1,0.702128,0.097394,0.599821,0.003467,0.422915,0.414912,1
0.009513,1,0.723404,0.084844,0.692056,0.003467,0.422915,0.414912,1
0.009513,1,0.744681,0.097394,0.805861,0.003467,0.422915,0.414912,1
0.009513,1,0.765957,0.041762,0.818506,0.003467,0.422915,0.414912,0
0.009513,1,0.787234,0.041762,0.801993,0.003467,0.422915,0.414912,0
0.009513,1,0.808511,0.041642,0.764058,0.003467,0.422915,0.414912,0
0.009513,1,0.829787,0.041702,0.735793,0.003467,0.422915,0.414912,0
0.009513,1,0.851064,0.041762,0.713776,0.003467,0.422915,0.414912,0
0.009513,1,0.87234,0.041732,0.689676,0.003467,0.422915,0.414912,0
0.009513,1,0.893617,0.041612,0.632401,0.003467,0.422915,0.414912,0
0.009513,1,0.914894,0.041582,0.571407,0.003467,0.422915,0.414912,0
0.009513,1,0.93617,0.059475,0.595805,0.003467,0.422915,0.414912,1
0.009513,1,0.957447,0.041732,0.590598,0.003467,0.422915,0.414912,0
0.009513,1,0.978723,0.041762,0.595805,0.003467,0.422915,0.414912,0
0.009513,1,1.0,0.041732,0.572597,0.003467,0.422915,0.414912,0
0.009557,2,0.0,0.041732,0.571407,0.003467,0.422915,0.414912,0
0.009557,2,0.021277,0.084844,0.548051,0.003467,0.422915,0.414912,1
0.009557,2,0.042553,0.041732,0.52172,0.003467,0.422915,0.414912,0
0.009557,2,0.06383,0.041732,0.457751,0.003467,0.422915,0.414912,0
0.009557,2,0.085106,0.041492,0.401369,0.003467,0.422915,0.414912,0
0.009557,2,0.106383,0.041642,0.356442,0.003467,0.422915,0.414912,0
0.009557,2,0.12766,0.041642,0.308539,0.003467,0.422915,0.414912,0
0.009557,2,0.148936,0.041341,0.264356,0.003467,0.422915,0.414912,0
0.009557,2,0.170213,0.041341,0.245314,0.003467,0.422915,0.414912,0
0.009557,2,0.191489,0.041642,0.239215,0.003467,0.422915,0.414912,0
0.009557,2,0.212766,0.059295,0.265992,0.003467,0.422915,0.414912,1
0.009557,2,0.234043,0.059295,0.321035,0.003467,0.422915,0.414912,1
0.009557,2,0.255319,0.074967,0.430229,0.003467,0.422915,0.414912,1
0.009557,2,0.276596,0.069143,0.554151,0.003467,0.422915,0.414912,1
0.009557,2,0.297872,0.043203,0.606516,0.003467,0.422915,0.414912,0
0.009557,2,0.319149,0.041732,0.674799,0.003467,0.422915,0.414912,0
0.009557,2,0.340426,0.041642,0.689824,0.003467,0.422915,0.414912,0
0.009557,2,0.361702,0.041582,0.668551,0.003467,0.422915,0.414912,0
0.009557,2,0.382979,0.041762,0.692502,0.003467,0.422915,0.414912,0
0.009557,2,0.404255,0.041732,0.687891,0.003467,0.422915,0.414912,0
0.009557,2,0.425532,0.041642,0.6626,0.003467,0.422915,0.414912,0
0.009557,2,0.446809,0.041642,0.629872,0.003467,0.422915,0.414912,0
0.009557,2,0.468085,0.041642,0.610384,0.003467,0.422915,0.414912,0
0.009557,2,0.489362,0.041642,0.583904,0.003467,0.422915,0.414912,0
0.009557,2,0.510638,0.041642,0.572746,0.003467,0.422915,0.414912,0
0.009557,2,0.531915,0.041642,0.556828,0.003467,0.422915,0.414912,0
0.009557,2,0.553191,0.041642,0.537191,0.003467,0.422915,0.414912,0
0.009557,2,0.574468,0.041492,0.528563,0.003467,0.422915,0.414912,0
0.009557,2,0.595745,0.041492,0.51681,0.003467,0.422915,0.414912,0
0.009557,2,0.617021,0.041492,0.497769,0.003467,0.422915,0.414912,0
0.009557,2,0.638298,0.041492,0.496132,0.003467,0.422915,0.414912,0
0.009557,2,0.659574,0.041642,0.522761,0.003467,0.422915,0.414912,0
0.009557,2,0.680851,0.068632,0.552068,0.003467,0.422915,0.414912,1
0.009557,2,0.702128,0.041732,0.596846,0.003467,0.422915,0.414912,0
0.009557,2,0.723404,0.041762,0.675841,0.003467,0.422915,0.414912,0
0.009557,2,0.744681,0.041762,0.77596,0.003467,0.422915,0.414912,0
0.009557,2,0.765957,0.041732,0.77715,0.003467,0.422915,0.414912,0
0.009557,2,0.787234,0.041642,0.758554,0.003467,0.422915,0.414912,0
0.009557,2,0.808511,0.041642,0.717941,0.003467,0.422915,0.414912,0
0.009557,2,0.829787,0.041642,0.683725,0.003467,0.422915,0.414912,0
0.009557,2,0.851064,0.041642,0.654121,0.003467,0.422915,0.414912,0
0.009557,2,0.87234,0.041642,0.626748,0.003467,0.422915,0.414912,0
0.009557,2,0.893617,0.041582,0.576912,0.003467,0.422915,0.414912,0
0.009557,2,0.914894,0.041341,0.509967,0.003467,0.422915,0.414912,0
0.009557,2,0.93617,0.041642,0.53496,0.003467,0.422915,0.414912,0
0.009557,2,0.957447,0.041642,0.533621,0.003467,0.422915,0.414912,0
0.009557,2,0.978723,0.041642,0.536894,0.003467,0.422915,0.414912,0
0.009557,2,1.0,0.041642,0.52886,0.003467,0.422915,0.414912,0
0.009601,3,0.0,0.041732,0.529604,0.003467,0.422915,0.414912,0
0.009601,3,0.021277,0.041732,0.500446,0.003467,0.422915,0.414912,0
0.009601,3,0.042553,0.041732,0.475156,0.003467,0.422915,0.414912,0
0.009601,3,0.06383,0.041732,0.419816,0.003467,0.422915,0.414912,0
0.009601,3,0.085106,0.041492,0.355103,0.003467,0.422915,0.414912,0
0.009601,3,0.106383,0.041431,0.304374,0.003467,0.422915,0.414912,0
0.009601,3,0.12766,0.041341,0.262273,0.003467,0.422915,0.414912,0
0.009601,3,0.148936,0.041341,0.219875,0.003467,0.422915,0.414912,0
0.009601,3,0.170213,0.041281,0.192502,0.003467,0.422915,0.414912,0
0.009601,3,0.191489,0.041281,0.188188,0.003467,0.422915,0.414912,0
0.009601,3,0.212766,0.046385,0.214222,0.003467,0.422915,0.414912,1
0.009601,3,0.234043,0.041732,0.260934,0.003467,0.422915,0.414912,0
0.009601,3,0.255319,0.046385,0.371318,0.003467,0.422915,0.414912,1
0.009601,3,0.276596,0.065089,0.498959,0.003467,0.422915,0.414912,1
0.009601,3,0.297872,0.041732,0.531241,0.003467,0.422915,0.414912,0
0.009601,3,0.319149,0.041732,0.60607,0.003467,0.422915,0.414912,0
0.009601,3,0.340426,0.041642,0.619905,0.003467,0.422915,0.414912,0
0.009601,3,0.361702,0.041341,0.602053,0.003467,0.422915,0.414912,0
0.009601,3,0.382979,0.041732,0.625707,0.003467,0.422915,0.414912,0
0.009601,3,0.404255,0.041642,0.627789,0.003467,0.422915,0.414912,0
0.009601,3,0.425532,0.041582,0.593871,0.003467,0.422915,0.414912,0
0.009601,3,0.446809,0.041341,0.570366,0.003467,0.422915,0.414912,0
0.009601,3,0.468085,0.041642,0.558465,0.003467,0.422915,0.414912,0
0.009601,3,0.489362,0.041642,0.550283,0.003467,0.422915,0.414912,0
0.009601,3,0.510638,0.041642,0.537489,0.003467,0.422915,0.414912,0
0.009601,3,0.531915,0.041642,0.524695,0.003467,0.422915,0.414912,0
0.009601,3,0.553191,0.041642,0.518596,0.003467,0.422915,0.414912,0
0.009601,3,0.574468,0.046385,0.508628,0.003467,0.422915,0.414912,1
0.009601,3,0.595745,0.041642,0.498661,0.003467,0.422915,0.414912,0
0.009601,3,0.617021,0.046385,0.485272,0.003467,0.422915,0.414912,1
0.009601,3,0.638298,0.046385,0.478578,0.003467,0.422915,0.414912,1
0.009601,3,0.659574,0.046385,0.487206,0.003467,0.422915,0.414912,1
0.009601,3,0.680851,0.065089,0.504314,0.003467,0.422915,0.414912,1
0.009601,3,0.702128,0.046385,0.53377,0.003467,0.422915,0.414912,1
0.009601,3,0.723404,0.044614,0.617822,0.003467,0.422915,0.414912,1
0.009601,3,0.744681,0.041732,0.716007,0.003467,0.422915,0.414912,0
0.009601,3,0.765957,0.041732,0.735644,0.003467,0.422915,0.414912,0
0.009601,3,0.787234,0.041732,0.718685,0.003467,0.422915,0.414912,0
0.009601,3,0.808511,0.041582,0.683576,0.003467,0.422915,0.414912,0
0.009601,3,0.829787,0.041582,0.663642,0.003467,0.422915,0.414912,0
0.009601,3,0.851064,0.041732,0.638649,0.003467,0.422915,0.414912,0
0.009601,3,0.87234,0.041732,0.619607,0.003467,0.422915,0.414912,0
0.009601,3,0.893617,0.041341,0.569473,0.003467,0.422915,0.414912,0
0.009601,3,0.914894,0.041221,0.509075,0.003467,0.422915,0.414912,0
0.009601,3,0.93617,0.045665,0.541059,0.003467,0.422915,0.414912,1
0.009601,3,0.957447,0.041732,0.543142,0.003467,0.422915,0.414912,0
0.009601,3,0.978723,0.041732,0.551622,0.003467,0.422915,0.414912,0
0.009601,3,1.0,0.046385,0.543588,0.003467,0.422915,0.414912,1
0.009646,4,0.0,0.046385,0.535257,0.003467,0.422915,0.414912,1
0.009646,4,0.021277,0.065089,0.522166,0.003467,0.422915,0.414912,1
0.009646,4,0.042553,0.046385,0.492115,0.003467,0.422915,0.414912,1
0.009646,4,0.06383,0.041281,0.428741,0.003467,0.422915,0.414912,0
0.009646,4,0.085106,0.041281,0.367896,0.003467,0.422915,0.414912,0
0.009646,4,0.106383,0.041281,0.321035,0.003467,0.422915,0.414912,0
0.009646,4,0.12766,0.041371,0.279381,0.003467,0.422915,0.414912,0
0.009646,4,0.148936,0.041281,0.237578,0.003467,0.422915,0.414912,0
0.009646,4,0.170213,0.041281,0.216453,0.003467,0.422915,0.414912,0
0.009646,4,0.191489,0.041281,0.2108,0.003467,0.422915,0.414912,0
0.009646,4,0.212766,0.065089,0.242339,0.003467,0.422915,0.414912,1
0.009646,4,0.234043,0.071574,0.287712,0.003467,0.422915,0.414912,1
0.009646,4,0.255319,0.073976,0.399435,0.003467,0.422915,0.414912,1
0.009646,4,0.276596,0.083644,0.527522,0.003467,0.422915,0.414912,1
0.009646,4,0.297872,0.071574,0.565754,0.003467,0.422915,0.414912,1
0.009646,4,0.319149,0.045605,0.631508,0.003467,0.422915,0.414912,0
0.009646,4,0.340426,0.041582,0.629277,0.003467,0.422915,0.414912,0
0.009646,4,0.361702,0.041281,0.617673,0.003467,0.422915,0.414912,0
0.009646,4,0.382979,0.041582,0.638054,0.003467,0.422915,0.414912,0
0.009646,4,0.404255,0.041582,0.637608,0.003467,0.422915,0.414912,0
0.009646,4,0.425532,0.041582,0.60964,0.003467,0.422915,0.414912,0
0.009646,4,0.446809,0.041582,0.572002,0.003467,0.422915,0.414912,0
0.009646,4,0.468085,0.041281,0.549093,0.003467,0.422915,0.414912,0
0.009646,4,0.489362,0.041281,0.533621,0.003467,0.422915,0.414912,0
0.009646,4,0.510638,0.041281,0.512199,0.003467,0.422915,0.414912,0
0.009646,4,0.531915,0.041281,0.497173,0.003467,0.422915,0.414912,0
0.009646,4,0.553191,0.041281,0.486165,0.003467,0.422915,0.414912,0
0.009646,4,0.574468,0.041281,0.476793,0.003467,0.422915,0.414912,0
0.009646,4,0.595745,0.041281,0.466528,0.003467,0.422915,0.414912,0
0.009646,4,0.617021,0.075958,0.457156,0.003467,0.422915,0.414912,1
0.009646,4,0.638298,0.090939,0.453288,0.003467,0.422915,0.414912,1
0.009646,4,0.659574,0.092861,0.46385,0.003467,0.422915,0.414912,1
0.009646,4,0.680851,0.092861,0.483487,0.003467,0.422915,0.414912,1
0.009646,4,0.702128,0.092861,0.524398,0.003467,0.422915,0.414912,1
0.009646,4,0.723404,0.092861,0.607557,0.003467,0.422915,0.414912,1
0.009646,4,0.744681,0.097814,0.715412,0.003467,0.422915,0.414912,1
0.009646,4,0.765957,0.092861,0.744273,0.003467,0.422915,0.414912,1
0.009646,4,0.787234,0.084935,0.732074,0.003467,0.422915,0.414912,1
0.009646,4,0.808511,0.083644,0.704255,0.003467,0.422915,0.414912,1
0.009646,4,0.829787,0.083644,0.685659,0.003467,0.422915,0.414912,1
0.009646,4,0.851064,0.097814,0.674799,0.003467,0.422915,0.414912,1
0.009646,4,0.87234,0.084935,0.649509,0.003467,0.422915,0.414912,1
0.009646,4,0.893617,0.042933,0.604433,0.003467,0.422915,0.414912,0
0.009646,4,0.914894,0.041732,0.538976,0.003467,0.422915,0.414912,0
0.009646,4,0.93617,0.045605,0.566944,0.003467,0.422915,0.414912,0
0.009646,4,0.957447,0.083644,0.565457,0.003467,0.422915,0.414912,1
0.009646,4,0.978723,0.090939,0.575722,0.003467,0.422915,0.414912,1
0.009646,4,1.0,0.045605,0.563523,0.003467,0.422915,0.414912,0
0.00969,5,0.0,0.076648,0.561738,0.003467,0.422915,0.414912,1
0.00969,5,0.021277,0.076648,0.533323,0.003467,0.422915,0.414912,1
0.00969,5,0.042553,0.041732,0.506397,0.003467,0.422915,0.414912,0
0.00969,5,0.06383,0.041582,0.442725,0.003467,0.422915,0.414912,0
0.00969,5,0.085106,0.041281,0.374145,0.003467,0.422915,0.414912,0
0.00969,5,0.106383,0.041311,0.326986,0.003467,0.422915,0.414912,0
0.00969,5,0.12766,0.041281,0.279084,0.003467,0.422915,0.414912,0
0.00969,5,0.148936,0.041281,0.242636,0.003467,0.422915,0.414912,0
0.00969,5,0.170213,0.040921,0.219429,0.003467,0.422915,0.414912,0
0.00969,5,0.191489,0.059625,0.216007,0.003467,0.422915,0.414912,0
0.00969,5,0.212766,0.041281,0.242487,0.003467,0.422915,0.414912,0
0.00969,5,0.234043,0.041732,0.29396,0.003467,0.422915,0.414912,0
0.00969,5,0.255319,0.071454,0.39765,0.003467,0.422915,0.414912,1
0.00969,5,0.276596,0.077159,0.513686,0.003467,0.422915,0.414912,1
0.00969,5,0.297872,0.041732,0.553555,0.003467,0.422915,0.414912,0
0.00969,5,0.319149,0.045154,0.645195,0.003467,0.422915,0.414912,0
0.00969,5,0.340426,0.041732,0.672865,0.003467,0.422915,0.414912,0
0.00969,5,0.361702,0.041732,0.664683,0.003467,0.422915,0.414912,0
0.00969,5,0.382979,0.059025,0.703065,0.003467,0.422915,0.414912,0
0.00969,5,0.404255,0.059025,0.721958,0.003467,0.422915,0.414912,0
0.00969,5,0.425532,0.076798,0.707825,0.003467,0.422915,0.414912,1
0.00969,5,0.446809,0.092861,0.675989,0.003467,0.422915,0.414912,1
0.00969,5,0.468085,0.087877,0.655162,0.003467,0.422915,0.414912,1
0.00969,5,0.489362,0.095232,0.642666,0.003467,0.422915,0.414912,1
0.00969,5,0.510638,0.07896,0.636864,0.003467,0.422915,0.414912,1
0.00969,5,0.531915,0.076798,0.622583,0.003467,0.422915,0.414912,1
0.00969,5,0.553191,0.079921,0.6144,0.003467,0.422915,0.414912,1
0.00969,5,0.574468,0.092861,0.613508,0.003467,0.422915,0.414912,1
0.00969,5,0.595745,0.07896,0.599524,0.003467,0.422915,0.414912,1
0.00969,5,0.617021,0.092861,0.577655,0.003467,0.422915,0.414912,1
0.00969,5,0.638298,0.07896,0.57111,0.003467,0.422915,0.414912,1
0.00969,5,0.659574,0.092861,0.588218,0.003467,0.422915,0.414912,1
0.00969,5,0.680851,0.092861,0.609789,0.003467,0.422915,0.414912,1
0.00969,5,0.702128,0.097814,0.64817,0.003467,0.422915,0.414912,1
0.00969,5,0.723404,0.097814,0.710354,0.003467,0.422915,0.414912,1
0.00969,5,0.744681,0.092861,0.76019,0.003467,0.422915,0.414912,1
0.00969,5,0.765957,0.069353,0.758256,0.003467,0.422915,0.414912,1
0.00969,5,0.787234,0.055572,0.734454,0.003467,0.422915,0.414912,0
0.00969,5,0.808511,0.041612,0.687147,0.003467,0.422915,0.414912,0
0.00969,5,0.829787,0.041582,0.651741,0.003467,0.422915,0.414912,0
0.00969,5,0.851064,0.059025,0.62526,0.003467,0.422915,0.414912,0
0.00969,5,0.87234,0.041732,0.596549,0.003467,0.422915,0.414912,0
0.00969,5,0.893617,0.041582,0.54939,0.003467,0.422915,0.414912,0
0.00969,5,0.914894,0.041281,0.492859,0.003467,0.422915,0.414912,0
0.00969,5,0.93617,0.071454,0.537935,0.003467,0.422915,0.414912,1
0.00969,5,0.957447,0.071454,0.546712,0.003467,0.422915,0.414912,1
0.00969,5,0.978723,0.076798,0.560994,0.003467,0.422915,0.414912,1
0.00969,5,1.0,0.059025,0.554299,0.003467,0.422915,0.414912,0
0.009734,6,0.0,0.059025,0.552812,0.003467,0.422915,0.414912,0
0.009734,6,0.021277,0.069173,0.521125,0.003467,0.422915,0.414912,1
0.009734,6,0.042553,0.045154,0.489289,0.003467,0.422915,0.414912,0
0.009734,6,0.06383,0.041732,0.418179,0.003467,0.422915,0.414912,0
0.009734,6,0.085106,0.045154,0.347664,0.003467,0.422915,0.414912,0
0.009734,6,0.106383,0.041582,0.302142,0.003467,0.422915,0.414912,0
0.009734,6,0.12766,0.041552,0.250074,0.003467,0.422915,0.414912,0
0.009734,6,0.148936,0.041582,0.209461,0.003467,0.422915,0.414912,0
0.009734,6,0.170213,0.059625,0.176138,0.003467,0.422915,0.414912,0
0.009734,6,0.191489,0.041642,0.160964,0.003467,0.422915,0.414912,0
0.009734,6,0.212766,0.041642,0.170336,0.003467,0.422915,0.414912,0
0.009734,6,0.234043,0.059625,0.181642,0.003467,0.422915,0.414912,0
0.009734,6,0.255319,0.06557,0.217644,0.003467,0.422915,0.414912,1
0.009734,6,0.276596,0.041582,0.255727,0.003467,0.422915,0.414912,0
0.009734,6,0.297872,0.06557,0.30601,0.003467,0.422915,0.414912,1
0.009734,6,0.319149,0.041732,0.394079,0.003467,0.422915,0.414912,0
0.009734,6,0.340426,0.041732,0.479619,0.003467,0.422915,0.414912,0
0.009734,6,0.361702,0.041732,0.534811,0.003467,0.422915,0.414912,0
0.009734,6,0.382979,0.042392,0.587623,0.003467,0.422915,0.414912,0
0.009734,6,0.404255,0.071454,0.597739,0.003467,0.422915,0.414912,1
0.009734,6,0.425532,0.041732,0.59402,0.003467,0.422915,0.414912,0
0.009734,6,0.446809,0.041732,0.57349,0.003467,0.422915,0.414912,0
0.009734,6,0.468085,0.041732,0.540167,0.003467,0.422915,0.414912,0
0.009734,6,0.489362,0.076018,0.552514,0.003467,0.422915,0.414912,1
0.009734,6,0.510638,0.084304,0.546415,0.003467,0.422915,0.414912,1
0.009734,6,0.531915,0.081062,0.533472,0.003467,0.422915,0.414912,1
0.009734,6,0.553191,0.078029,0.524249,0.003467,0.422915,0.414912,1
0.009734,6,0.574468,0.081062,0.516067,0.003467,0.422915,0.414912,1
0.009734,6,0.595745,0.081062,0.508926,0.003467,0.422915,0.414912,1
0.009734,6,0.617021,0.084304,0.503719,0.003467,0.422915,0.414912,1
0.009734,6,0.638298,0.084304,0.506694,0.003467,0.422915,0.414912,1
0.009734,6,0.659574,0.084484,0.511009,0.003467,0.422915,0.414912,1
0.009734,6,0.680851,0.085535,0.549688,0.003467,0.422915,0.414912,1
0.009734,6,0.702128,0.088657,0.594763,0.003467,0.422915,0.414912,1
0.009734,6,0.723404,0.092801,0.624665,0.003467,0.422915,0.414912,1
0.009734,6,0.744681,0.085535,0.68194,0.003467,0.422915,0.414912,1
0.009734,6,0.765957,0.069173,0.671229,0.003467,0.422915,0.414912,1
0.009734,6,0.787234,0.042062,0.651889,0.003467,0.422915,0.414912,0
0.009734,6,0.808511,0.041732,0.600417,0.003467,0.422915,0.414912,0
0.009734,6,0.829787,0.041732,0.549688,0.003467,0.422915,0.414912,0
0.009734,6,0.851064,0.041642,0.515472,0.003467,0.422915,0.414912,0
0.009734,6,0.87234,0.041582,0.493752,0.003467,0.422915,0.414912,0
0.009734,6,0.893617,0.041582,0.46385,0.003467,0.422915,0.414912,0
0.009734,6,0.914894,0.040741,0.424278,0.003467,0.422915,0.414912,0
0.009734,6,0.93617,0.041732,0.44704,0.003467,0.422915,0.414912,0
0.009734,6,0.957447,0.041642,0.448676,0.003467,0.422915,0.414912,0
0.009734,6,0.978723,0.041642,0.453436,0.003467,0.422915,0.414912,0
0.009734,6,1.0,0.041642,0.430378,0.003467,0.422915,0.414912,0
0.009778,7,0.0,0.041281,0.405385,0.003467,0.422915,0.414912,0
0.009778,7,0.021277,0.041642,0.350937,0.003467,0.422915,0.414912,0
0.009778,7,0.042553,0.041281,0.328325,0.003467,0.422915,0.414912,0
0.009778,7,0.06383,0.041642,0.276852,0.003467,0.422915,0.414912,0
0.009778,7,0.085106,0.041041,0.225379,0.003467,0.422915,0.414912,0
0.009778,7,0.106383,0.041281,0.18551,0.003467,0.422915,0.414912,0
0.009778,7,0.12766,0.041281,0.153377,0.003467,0.422915,0.414912,0
0.009778,7,0.148936,0.041281,0.130318,0.003467,0.422915,0.414912,0
0.009778,7,0.170213,0.041281,0.1144,0.003467,0.422915,0.414912,0
0.009778,7,0.191489,0.041281,0.108747,0.003467,0.422915,0.414912,0
0.009778,7,0.212766,0.041281,0.113805,0.003467,0.422915,0.414912,0
0.009778,7,0.234043,0.041281,0.116632,0.003467,0.422915,0.414912,0
0.009778,7,0.255319,0.041281,0.139244,0.003467,0.422915,0.414912,0
0.009778,7,0.276596,0.041642,0.162154,0.003467,0.422915,0.414912,0
0.009778,7,0.297872,0.064969,0.194139,0.003467,0.422915,0.414912,1
0.009778,7,0.319149,0.068422,0.25543,0.003467,0.422915,0.414912,1
0.009778,7,0.340426,0.041642,0.330854,0.003467,0.422915,0.414912,0
0.009778,7,0.361702,0.041732,0.40598,0.003467,0.422915,0.414912,0
0.009778,7,0.382979,0.068422,0.470544,0.003467,0.422915,0.414912,1
0.009778,7,0.404255,0.068422,0.518596,0.003467,0.422915,0.414912,1
0.009778,7,0.425532,0.076018,0.53258,0.003467,0.422915,0.414912,1
0.009778,7,0.446809,0.068422,0.540762,0.003467,0.422915,0.414912,1
0.009778,7,0.468085,0.084304,0.53377,0.003467,0.422915,0.414912,1
0.009778,7,0.489362,0.081692,0.544183,0.003467,0.422915,0.414912,1
0.009778,7,0.510638,0.084304,0.531538,0.003467,0.422915,0.414912,1
0.009778,7,0.531915,0.077039,0.510265,0.003467,0.422915,0.414912,1
0.009778,7,0.553191,0.078029,0.479024,0.003467,0.422915,0.414912,1
0.009778,7,0.574468,0.078029,0.46028,0.003467,0.422915,0.414912,1
0.009778,7,0.595745,0.077039,0.438411,0.003467,0.422915,0.414912,1
0.009778,7,0.617021,0.076018,0.416245,0.003467,0.422915,0.414912,1
0.009778,7,0.638298,0.076018,0.414014,0.003467,0.422915,0.414912,1
0.009778,7,0.659574,0.077039,0.408807,0.003467,0.422915,0.414912,1
0.009778,7,0.680851,0.076018,0.42532,0.003467,0.422915,0.414912,1
0.009778,7,0.702128,0.077039,0.476793,0.003467,0.422915,0.414912,1
0.009778,7,0.723404,0.088657,0.543588,0.003467,0.422915,0.414912,1
0.009778,7,0.744681,0.088237,0.625558,0.003467,0.422915,0.414912,1
0.009778,7,0.765957,0.084454,0.660518,0.003467,0.422915,0.414912,1
0.009778,7,0.787234,0.076018,0.641625,0.003467,0.422915,0.414912,1
0.009778,7,0.808511,0.041732,0.609194,0.003467,0.422915,0.414912,0
0.009778,7,0.829787,0.041732,0.585094,0.003467,0.422915,0.414912,0
0.009778,7,0.851064,0.041732,0.565457,0.003467,0.422915,0.414912,0
0.009778,7,0.87234,0.041732,0.546415,0.003467,0.422915,0.414912,0
0.009778,7,0.893617,0.041732,0.49881,0.003467,0.422915,0.414912,0
0.009778,7,0.914894,0.041642,0.447486,0.003467,0.422915,0.414912,0
0.009778,7,0.93617,0.068422,0.461767,0.003467,0.422915,0.414912,1
0.009778,7,0.957447,0.041642,0.447635,0.003467,0.422915,0.414912,0
0.009778,7,0.978723,0.041732,0.452246,0.003467,0.422915,0.414912,0
0.009778,7,1.0,0.041732,0.423088,0.003467,0.422915,0.414912,0
0.009823,1,0.0,0.041281,0.395567,0.003467,0.422915,0.414912,0
0.009823,1,0.021277,0.040741,0.345582,0.003467,0.422915,0.414912,0
0.009823,1,0.042553,0.041281,0.326986,0.003467,0.422915,0.414912,0
0.009823,1,0.06383,0.041281,0.278786,0.003467,0.422915,0.414912,0
0.009823,1,0.085106,0.041281,0.237876,0.003467,0.422915,0.414912,0
0.009823,1,0.106383,0.040681,0.211098,0.003467,0.422915,0.414912,0
0.009823,1,0.12766,0.040591,0.184766,0.003467,0.422915,0.414912,0
0.009823,1,0.148936,0.040591,0.162452,0.003467,0.422915,0.414912,0
0.009823,1,0.170213,0.041582,0.150104,0.003467,0.422915,0.414912,0
0.009823,1,0.191489,0.044824,0.158733,0.003467,0.422915,0.414912,0
0.009823,1,0.212766,0.041281,0.190866,0.003467,0.422915,0.414912,0
0.009823,1,0.234043,0.044824,0.251711,0.003467,0.422915,0.414912,0
0.009823,1,0.255319,0.041732,0.359268,0.003467,0.422915,0.414912,0
0.009823,1,0.276596,0.043683,0.486314,0.003467,0.422915,0.414912,0
0.009823,1,0.297872,0.044824,0.522464,0.003467,0.422915,0.414912,0
0.009823,1,0.319149,0.041732,0.595507,0.003467,0.422915,0.414912,0
0.009823,1,0.340426,0.042242,0.613954,0.003467,0.422915,0.414912,0
0.009823,1,0.361702,0.041582,0.597888,0.003467,0.422915,0.414912,0
0.009823,1,0.382979,0.041732,0.633145,0.003467,0.422915,0.414912,0
0.009823,1,0.404255,0.041732,0.640137,0.003467,0.422915,0.414912,0
0.009823,1,0.425532,0.041582,0.616781,0.003467,0.422915,0.414912,0
0.009823,1,0.446809,0.041732,0.591491,0.003467,0.422915,0.414912,0
0.009823,1,0.468085,0.041732,0.570068,0.003467,0.422915,0.414912,0
0.009823,1,0.489362,0.041732,0.563076,0.003467,0.422915,0.414912,0
0.009823,1,0.510638,0.042092,0.548349,0.003467,0.422915,0.414912,0
0.009823,1,0.531915,0.044824,0.53853,0.003467,0.422915,0.414912,0
0.009823,1,0.553191,0.044824,0.534662,0.003467,0.422915,0.414912,0
0.009823,1,0.574468,0.044824,0.526629,0.003467,0.422915,0.414912,0
0.009823,1,0.595745,0.044824,0.511752,0.003467,0.422915,0.414912,0
0.009823,1,0.617021,0.044824,0.494347,0.003467,0.422915,0.414912,0
0.009823,1,0.638298,0.044824,0.484528,0.003467,0.422915,0.414912,0
0.009823,1,0.659574,0.044824,0.492711,0.003467,0.422915,0.414912,0
0.009823,1,0.680851,0.045154,0.505802,0.003467,0.422915,0.414912,0
0.009823,1,0.702128,0.044824,0.53496,0.003467,0.422915,0.414912,0
0.009823,1,0.723404,0.041732,0.603541,0.003467,0.422915,0.414912,0
0.009823,1,0.744681,0.042062,0.717941,0.003467,0.422915,0.414912,0
0.009823,1,0.765957,0.042062,0.734008,0.003467,0.422915,0.414912,0
0.009823,1,0.787234,0.041732,0.720321,0.003467,0.422915,0.414912,0
0.009823,1,0.808511,0.041732,0.681345,0.003467,0.422915,0.414912,0
0.009823,1,0.829787,0.041582,0.659923,0.003467,0.422915,0.414912,0
0.009823,1,0.851064,0.044824,0.639988,0.003467,0.422915,0.414912,1
0.009823,1,0.87234,0.041732,0.615144,0.003467,0.422915,0.414912,0
0.009823,1,0.893617,0.071905,0.569473,0.003467,0.422915,0.414912,1
0.009823,1,0.914894,0.045154,0.515323,0.003467,0.422915,0.414912,1
0.009823,1,0.93617,0.094332,0.544927,0.003467,0.422915,0.414912,1
0.009823,1,0.957447,0.088777,0.546564,0.003467,0.422915,0.414912,1
0.009823,1,0.978723,0.094332,0.556084,0.003467,0.422915,0.414912,1
0.009823,1,1.0,0.088777,0.546266,0.003467,0.422915,0.414912,1
0.009867,2,0.0,0.094332,0.542696,0.003467,0.422915,0.414912,1
0.009867,2,0.021277,0.088777,0.515472,0.003467,0.422915,0.414912,1
0.009867,2,0.042553,0.088777,0.496281,0.003467,0.422915,0.414912,1
0.009867,2,0.06383,0.075267,0.434841,0.003467,0.422915,0.414912,1
0.009867,2,0.085106,0.071454,0.373698,0.003467,0.422915,0.414912,1
0.009867,2,0.106383,0.056173,0.325498,0.003467,0.422915,0.414912,1
0.009867,2,0.12766,0.044824,0.276555,0.003467,0.422915,0.414912,0
0.009867,2,0.148936,0.044824,0.234305,0.003467,0.422915,0.414912,0
0.009867,2,0.170213,0.047286,0.212139,0.003467,0.422915,0.414912,0
0.009867,2,0.191489,0.047286,0.211395,0.003467,0.422915,0.414912,0
0.009867,2,0.212766,0.047286,0.237429,0.003467,0.422915,0.414912,0
0.009867,2,0.234043,0.071454,0.285778,0.003467,0.422915,0.414912,1
0.009867,2,0.255319,0.071454,0.402856,0.003467,0.422915,0.414912,1
0.009867,2,0.276596,0.082863,0.526331,0.003467,0.422915,0.414912,1
0.009867,2,0.297872,0.075267,0.553704,0.003467,0.422915,0.414912,1
0.009867,2,0.319149,0.075267,0.632699,0.003467,0.422915,0.414912,1
0.009867,2,0.340426,0.060526,0.652633,0.003467,0.422915,0.414912,1
0.009867,2,0.361702,0.048006,0.644749,0.003467,0.422915,0.414912,0
0.009867,2,0.382979,0.082863,0.669444,0.003467,0.422915,0.414912,1
0.009867,2,0.404255,0.075267,0.665427,0.003467,0.422915,0.414912,1
0.009867,2,0.425532,0.082863,0.639839,0.003467,0.422915,0.414912,1
0.009867,2,0.446809,0.075267,0.603094,0.003467,0.422915,0.414912,1
0.009867,2,0.468085,0.07887,0.590896,0.003467,0.422915,0.414912,1
0.009867,2,0.489362,0.071454,0.579143,0.003467,0.422915,0.414912,1
0.009867,2,0.510638,0.07887,0.560845,0.003467,0.422915,0.414912,1
0.009867,2,0.531915,0.075267,0.547902,0.003467,0.422915,0.414912,1
0.009867,2,0.553191,0.075267,0.538828,0.003467,0.422915,0.414912,1
0.009867,2,0.574468,0.048006,0.525141,0.003467,0.422915,0.414912,0
0.009867,2,0.595745,0.047286,0.509075,0.003467,0.422915,0.414912,0
0.009867,2,0.617021,0.047286,0.499702,0.003467,0.422915,0.414912,0
0.009867,2,0.638298,0.048006,0.490925,0.003467,0.422915,0.414912,0
0.009867,2,0.659574,0.075267,0.499405,0.003467,0.422915,0.414912,1
0.009867,2,0.680851,0.076318,0.519042,0.003467,0.422915,0.414912,1
0.009867,2,0.702128,0.047286,0.557572,0.003467,0.422915,0.414912,0
0.009867,2,0.723404,0.047286,0.631062,0.003467,0.422915,0.414912,0
0.009867,2,0.744681,0.042062,0.74695,0.003467,0.422915,0.414912,0
0.009867,2,0.765957,0.047286,0.765695,0.003467,0.422915,0.414912,0
0.009867,2,0.787234,0.041732,0.75186,0.003467,0.422915,0.414912,0
0.009867,2,0.808511,0.041732,0.717792,0.003467,0.422915,0.414912,0
0.009867,2,0.829787,0.041732,0.684766,0.003467,0.422915,0.414912,0
0.009867,2,0.851064,0.047286,0.669295,0.003467,0.422915,0.414912,0
0.009867,2,0.87234,0.047286,0.637905,0.003467,0.422915,0.414912,0
0.009867,2,0.893617,0.047286,0.596102,0.003467,0.422915,0.414912,0
0.009867,2,0.914894,0.041732,0.532728,0.003467,0.422915,0.414912,0
0.009867,2,0.93617,0.047286,0.558316,0.003467,0.422915,0.414912,0
0.009867,2,0.957447,0.047286,0.557423,0.003467,0.422915,0.414912,0
0.009867,2,0.978723,0.071454,0.566201,0.003467,0.422915,0.414912,1
0.009867,2,1.0,0.048006,0.554894,0.003467,0.422915,0.414912,0
0.009911,3,0.0,0.048006,0.550431,0.003467,0.422915,0.414912,0
0.009911,3,0.021277,0.071454,0.531836,0.003467,0.422915,0.414912,1
0.009911,3,0.042553,0.071454,0.511306,0.003467,0.422915,0.414912,1
0.009911,3,0.06383,0.047286,0.446147,0.003467,0.422915,0.414912,0
0.009911,3,0.085106,0.063798,0.387682,0.003467,0.422915,0.414912,1
0.009911,3,0.106383,0.047286,0.337697,0.003467,0.422915,0.414912,0
0.009911,3,0.12766,0.045274,0.289795,0.003467,0.422915,0.414912,0
0.009911,3,0.148936,0.041612,0.24814,0.003467,0.422915,0.414912,0
0.009911,3,0.170213,0.041281,0.229098,0.003467,0.422915,0.414912,0
0.009911,3,0.191489,0.060496,0.22166,0.003467,0.422915,0.414912,1
0.009911,3,0.212766,0.060496,0.252603,0.003467,0.422915,0.414912,1
0.009911,3,0.234043,0.069173,0.301993,0.003467,0.422915,0.414912,1
0.009911,3,0.255319,0.07887,0.412824,0.003467,0.422915,0.414912,1
0.009911,3,0.276596,0.048247,0.533175,0.003467,0.422915,0.414912,0
0.009911,3,0.297872,0.064009,0.563374,0.003467,0.422915,0.414912,1
0.009911,3,0.319149,0.041732,0.638054,0.003467,0.422915,0.414912,0
0.009911,3,0.340426,0.041732,0.660518,0.003467,0.422915,0.414912,0
0.009911,3,0.361702,0.041281,0.648319,0.003467,0.422915,0.414912,0
0.009911,3,0.382979,0.043203,0.675989,0.003467,0.422915,0.414912,0
0.009911,3,0.404255,0.041732,0.677774,0.003467,0.422915,0.414912,0
0.009911,3,0.425532,0.041582,0.643112,0.003467,0.422915,0.414912,0
0.009911,3,0.446809,0.041732,0.602499,0.003467,0.422915,0.414912,0
0.009911,3,0.468085,0.041732,0.574383,0.003467,0.422915,0.414912,0
0.009911,3,0.489362,0.041582,0.560547,0.003467,0.422915,0.414912,0
0.009911,3,0.510638,0.041582,0.543588,0.003467,0.422915,0.414912,0
0.009911,3,0.531915,0.041281,0.517852,0.003467,0.422915,0.414912,0
0.009911,3,0.553191,0.041281,0.510414,0.003467,0.422915,0.414912,0
0.009911,3,0.574468,0.041281,0.505207,0.003467,0.422915,0.414912,0
0.009911,3,0.595745,0.041582,0.497322,0.003467,0.422915,0.414912,0
0.009911,3,0.617021,0.041281,0.478429,0.003467,0.422915,0.414912,0
0.009911,3,0.638298,0.041281,0.467718,0.003467,0.422915,0.414912,0
0.009911,3,0.659574,0.041732,0.481553,0.003467,0.422915,0.414912,0
0.009911,3,0.680851,0.082773,0.501339,0.003467,0.422915,0.414912,1
0.009911,3,0.702128,0.048247,0.53972,0.003467,0.422915,0.414912,0
0.009911,3,0.723404,0.041732,0.603689,0.003467,0.422915,0.414912,0
0.009911,3,0.744681,0.041732,0.71809,0.003467,0.422915,0.414912,0
0.009911,3,0.765957,0.041732,0.726272,0.003467,0.422915,0.414912,0
0.009911,3,0.787234,0.041582,0.722999,0.003467,0.422915,0.414912,0
0.009911,3,0.808511,0.041582,0.679857,0.003467,0.422915,0.414912,0
0.009911,3,0.829787,0.041281,0.660369,0.003467,0.422915,0.414912,0
0.009911,3,0.851064,0.041732,0.641476,0.003467,0.422915,0.414912,0
0.009911,3,0.87234,0.041582,0.609491,0.003467,0.422915,0.414912,0
0.009911,3,0.893617,0.041281,0.566647,0.003467,0.422915,0.414912,0
0.009911,3,0.914894,0.041281,0.510414,0.003467,0.422915,0.414912,0
0.009911,3,0.93617,0.043203,0.545671,0.003467,0.422915,0.414912,0
0.009911,3,0.957447,0.041732,0.545225,0.003467,0.422915,0.414912,0
0.009911,3,0.978723,0.048247,0.554002,0.003467,0.422915,0.414912,0
0.009911,3,1.0,0.041732,0.542398,0.003467,0.422915,0.414912,0
0.013008,4,0.0,0.092981,0.541506,0.003467,0.422915,0.414912,1
0.013008,4,0.021277,0.092981,0.518149,0.003467,0.422915,0.414912,1
0.013008,4,0.042553,0.090068,0.490628,0.003467,0.422915,0.414912,1
0.013008,4,0.06383,0.041281,0.427551,0.003467,0.422915,0.414912,0
0.013008,4,0.085106,0.041281,0.365665,0.003467,0.422915,0.414912,0
0.013008,4,0.106383,0.060496,0.318358,0.003467,0.422915,0.414912,1
0.013008,4,0.12766,0.041281,0.273728,0.003467,0.422915,0.414912,0
0.013008,4,0.148936,0.041281,0.234603,0.003467,0.422915,0.414912,0
0.013008,4,0.170213,0.041281,0.212288,0.003467,0.422915,0.414912,0
0.013008,4,0.191489,0.048787,0.209164,0.003467,0.422915,0.414912,0
0.013008,4,0.212766,0.060496,0.237578,0.003467,0.422915,0.414912,1
0.013008,4,0.234043,0.064519,0.282654,0.003467,0.422915,0.414912,1
0.013008,4,0.255319,0.078059,0.395418,0.003467,0.422915,0.414912,1
0.013008,4,0.276596,0.048787,0.507289,0.003467,0.422915,0.414912,1
0.013008,4,0.297872,0.048787,0.541357,0.003467,0.422915,0.414912,1
0.013008,4,0.319149,0.041732,0.618863,0.003467,0.422915,0.414912,0
0.013008,4,0.340426,0.041732,0.644451,0.003467,0.422915,0.414912,0
0.013008,4,0.361702,0.041732,0.629575,0.003467,0.422915,0.414912,0
0.013008,4,0.382979,0.041732,0.655162,0.003467,0.422915,0.414912,0
0.013008,4,0.404255,0.041732,0.654716,0.003467,0.422915,0.414912,0
0.013008,4,0.425532,0.048787,0.627641,0.003467,0.422915,0.414912,1
0.013008,4,0.446809,0.041732,0.599226,0.003467,0.422915,0.414912,0
0.013008,4,0.468085,0.048787,0.572151,0.003467,0.422915,0.414912,1
0.013008,4,0.489362,0.041732,0.564118,0.003467,0.422915,0.414912,0
0.013008,4,0.510638,0.041732,0.547456,0.003467,0.422915,0.414912,0
0.013008,4,0.531915,0.041732,0.530497,0.003467,0.422915,0.414912,0
0.013008,4,0.553191,0.041732,0.524249,0.003467,0.422915,0.414912,0
0.013008,4,0.574468,0.041732,0.514579,0.003467,0.422915,0.414912,0
0.013008,4,0.595745,0.041281,0.50119,0.003467,0.422915,0.414912,0
0.013008,4,0.617021,0.041281,0.493306,0.003467,0.422915,0.414912,0
0.013008,4,0.638298,0.041281,0.48557,0.003467,0.422915,0.414912,0
0.013008,4,0.659574,0.078059,0.493306,0.003467,0.422915,0.414912,1
0.013008,4,0.680851,0.082773,0.508628,0.003467,0.422915,0.414912,1
0.013008,4,0.702128,0.078059,0.536745,0.003467,0.422915,0.414912,1
0.013008,4,0.723404,0.082773,0.591044,0.003467,0.422915,0.414912,1
0.013008,4,0.744681,0.048787,0.691163,0.003467,0.422915,0.414912,0
0.013008,4,0.765957,0.041732,0.705147,0.003467,0.422915,0.414912,0
0.013008,4,0.787234,0.041732,0.693395,0.003467,0.422915,0.414912,0
0.013008,4,0.808511,0.041732,0.665873,0.003467,0.422915,0.414912,0
0.013008,4,0.829787,0.041582,0.643707,0.003467,0.422915,0.414912,0
0.013008,4,0.851064,0.048787,0.628087,0.003467,0.422915,0.414912,0
0.013008,4,0.87234,0.041732,0.606516,0.003467,0.422915,0.414912,0
0.013008,4,0.893617,0.041732,0.555489,0.003467,0.422915,0.414912,0
0.013008,4,0.914894,0.041281,0.498364,0.003467,0.422915,0.414912,0
0.013008,4,0.93617,0.048787,0.535109,0.003467,0.422915,0.414912,0
0.013008,4,0.957447,0.048787,0.547456,0.003467,0.422915,0.414912,0
0.013008,4,0.978723,0.078059,0.552812,0.003467,0.422915,0.414912,1
0.013008,4,1.0,0.078059,0.545968,0.003467,0.422915,0.414912,1
0.013053,5,0.0,0.041732,0.539572,0.003467,0.422915,0.414912,0
0.013053,5,0.021277,0.078059,0.520827,0.003467,0.422915,0.414912,1
0.013053,5,0.042553,0.041732,0.492711,0.003467,0.422915,0.414912,0
0.013053,5,0.06383,0.041281,0.423535,0.003467,0.422915,0.414912,0
0.013053,5,0.085106,0.048787,0.360458,0.003467,0.422915,0.414912,0
0.013053,5,0.106383,0.059625,0.313746,0.003467,0.422915,0.414912,1
0.013053,5,0.12766,0.064969,0.272538,0.003467,0.422915,0.414912,1
0.013053,5,0.148936,0.060496,0.234157,0.003467,0.422915,0.414912,1
0.013053,5,0.170213,0.041732,0.211693,0.003467,0.422915,0.414912,0
0.013053,5,0.191489,0.041582,0.208569,0.003467,0.422915,0.414912,0
0.013053,5,0.212766,0.059625,0.234603,0.003467,0.422915,0.414912,1
0.013053,5,0.234043,0.048247,0.284439,0.003467,0.422915,0.414912,0
0.013053,5,0.255319,0.082353,0.384112,0.003467,0.422915,0.414912,1
0.013053,5,0.276596,0.048247,0.503868,0.003467,0.422915,0.414912,0
0.013053,5,0.297872,0.048247,0.525588,0.003467,0.422915,0.414912,0
0.013053,5,0.319149,0.041732,0.590449,0.003467,0.422915,0.414912,0
0.013053,5,0.340426,0.041732,0.602499,0.003467,0.422915,0.414912,0
0.013053,5,0.361702,0.041582,0.593871,0.003467,0.422915,0.414912,0
0.013053,5,0.382979,0.048247,0.620649,0.003467,0.422915,0.414912,0
0.013053,5,0.404255,0.041732,0.633591,0.003467,0.422915,0.414912,0
0.013053,5,0.425532,0.041732,0.611425,0.003467,0.422915,0.414912,0
0.013053,5,0.446809,0.041582,0.58197,0.003467,0.422915,0.414912,0
0.013053,5,0.468085,0.041732,0.558465,0.003467,0.422915,0.414912,0
0.013053,5,0.489362,0.048247,0.546712,0.003467,0.422915,0.414912,0
0.013053,5,0.510638,0.041582,0.529307,0.003467,0.422915,0.414912,0
0.013053,5,0.531915,0.048247,0.516959,0.003467,0.422915,0.414912,0
0.013053,5,0.553191,0.041732,0.502083,0.003467,0.422915,0.414912,0
0.013053,5,0.574468,0.043323,0.486016,0.003467,0.422915,0.414912,0
0.013053,5,0.595745,0.048247,0.475751,0.003467,0.422915,0.414912,0
0.013053,5,0.617021,0.048247,0.459833,0.003467,0.422915,0.414912,0
0.013053,5,0.638298,0.048247,0.451503,0.003467,0.422915,0.414912,0
0.013053,5,0.659574,0.048247,0.45537,0.003467,0.422915,0.414912,0
0.013053,5,0.680851,0.048667,0.465338,0.003467,0.422915,0.414912,0
0.013053,5,0.702128,0.041732,0.486909,0.003467,0.422915,0.414912,0
0.013053,5,0.723404,0.041672,0.535109,0.003467,0.422915,0.414912,0
0.013053,5,0.744681,0.041702,0.630318,0.003467,0.422915,0.414912,0
0.013053,5,0.765957,0.041732,0.649658,0.003467,0.422915,0.414912,0
0.013053,5,0.787234,0.041582,0.633889,0.003467,0.422915,0.414912,0
0.013053,5,0.808511,0.041582,0.602946,0.003467,0.422915,0.414912,0
0.013053,5,0.829787,0.041582,0.57587,0.003467,0.422915,0.414912,0
0.013053,5,0.851064,0.041582,0.561143,0.003467,0.422915,0.414912,0
0.013053,5,0.87234,0.041582,0.546266,0.003467,0.422915,0.414912,0
0.013053,5,0.893617,0.041582,0.501339,0.003467,0.422915,0.414912,0
0.013053,5,0.914894,0.041281,0.457453,0.003467,0.422915,0.414912,0
0.013053,5,0.93617,0.048247,0.505207,0.003467,0.422915,0.414912,0
0.013053,5,0.957447,0.041732,0.519339,0.003467,0.422915,0.414912,0
0.013053,5,0.978723,0.048247,0.534365,0.003467,0.422915,0.414912,1
0.013053,5,1.0,0.048247,0.534216,0.003467,0.422915,0.414912,1
0.013097,6,0.0,0.048667,0.52767,0.003467,0.422915,0.414912,1
0.013097,6,0.021277,0.048667,0.502083,0.003467,0.422915,0.414912,1
0.013097,6,0.042553,0.048247,0.4759,0.003467,0.422915,0.414912,1
0.013097,6,0.06383,0.048247,0.404344,0.003467,0.422915,0.414912,1
0.013097,6,0.085106,0.041582,0.3374,0.003467,0.422915,0.414912,0
0.013097,6,0.106383,0.048247,0.282208,0.003467,0.422915,0.414912,1
0.013097,6,0.12766,0.041281,0.240553,0.003467,0.422915,0.414912,0
0.013097,6,0.148936,0.041281,0.200982,0.003467,0.422915,0.414912,0
0.013097,6,0.170213,0.041582,0.173758,0.003467,0.422915,0.414912,0
0.013097,6,0.191489,0.05317,0.159625,0.003467,0.422915,0.414912,1
0.013097,6,0.212766,0.048097,0.162154,0.003467,0.422915,0.414912,1
0.013097,6,0.234043,0.049538,0.175989,0.003467,0.422915,0.414912,1
0.013097,6,0.255319,0.059475,0.210354,0.003467,0.422915,0.414912,1
0.013097,6,0.276596,0.049538,0.251562,0.003467,0.422915,0.414912,1
0.013097,6,0.297872,0.049538,0.306456,0.003467,0.422915,0.414912,1
0.013097,6,0.319149,0.07833,0.391848,0.003467,0.422915,0.414912,1
0.013097,6,0.340426,0.049538,0.459833,0.003467,0.422915,0.414912,1
0.013097,6,0.361702,0.049538,0.507289,0.003467,0.422915,0.414912,1
0.013097,6,0.382979,0.049538,0.536299,0.003467,0.422915,0.414912,1
0.013097,6,0.404255,0.041732,0.533175,0.003467,0.422915,0.414912,0
0.013097,6,0.425532,0.041732,0.507736,0.003467,0.422915,0.414912,0
0.013097,6,0.446809,0.041582,0.47709,0.003467,0.422915,0.414912,0
0.013097,6,0.468085,0.041732,0.455073,0.003467,0.422915,0.414912,0
0.013097,6,0.489362,0.041732,0.424278,0.003467,0.422915,0.414912,0
0.013097,6,0.510638,0.041582,0.396757,0.003467,0.422915,0.414912,0
0.013097,6,0.531915,0.041582,0.381732,0.003467,0.422915,0.414912,0
0.013097,6,0.553191,0.041582,0.363434,0.003467,0.422915,0.414912,0
0.013097,6,0.574468,0.041401,0.343201,0.003467,0.422915,0.414912,0
0.013097,6,0.595745,0.041401,0.328027,0.003467,0.422915,0.414912,0
0.013097,6,0.617021,0.041401,0.317019,0.003467,0.422915,0.414912,0
0.013097,6,0.638298,0.041401,0.311068,0.003467,0.422915,0.414912,0
0.013097,6,0.659574,0.041401,0.308985,0.003467,0.422915,0.414912,0
0.013097,6,0.680851,0.041401,0.327135,0.003467,0.422915,0.414912,0
0.013097,6,0.702128,0.041401,0.359714,0.003467,0.422915,0.414912,0
0.013097,6,0.723404,0.041582,0.409402,0.003467,0.422915,0.414912,0
0.013097,6,0.744681,0.041582,0.519637,0.003467,0.422915,0.414912,0
0.013097,6,0.765957,0.046866,0.55787,0.003467,0.422915,0.414912,1
0.013097,6,0.787234,0.041732,0.543737,0.003467,0.422915,0.414912,0
0.013097,6,0.808511,0.041642,0.510414,0.003467,0.422915,0.414912,0
0.013097,6,0.829787,0.041582,0.473222,0.003467,0.422915,0.414912,0
0.013097,6,0.851064,0.041732,0.448974,0.003467,0.422915,0.414912,0
0.013097,6,0.87234,0.041582,0.435882,0.003467,0.422915,0.414912,0
0.013097,6,0.893617,0.041582,0.39765,0.003467,0.422915,0.414912,0
0.013097,6,0.914894,0.041401,0.36507,0.003467,0.422915,0.414912,0
0.013097,6,0.93617,0.041582,0.391699,0.003467,0.422915,0.414912,0
0.013097,6,0.957447,0.041401,0.400179,0.003467,0.422915,0.414912,0
0.013097,6,0.978723,0.041732,0.410295,0.003467,0.422915,0.414912,0
0.013097,6,1.0,0.041401,0.390509,0.003467,0.422915,0.414912,0
0.013141,7,0.0,0.041582,0.366558,0.003467,0.422915,0.414912,0
0.013141,7,0.021277,0.041582,0.327879,0.003467,0.422915,0.414912,0
0.013141,7,0.042553,0.041431,0.307349,0.003467,0.422915,0.414912,0
0.013141,7,0.06383,0.041401,0.252752,0.003467,0.422915,0.414912,0
0.013141,7,0.085106,0.041191,0.204552,0.003467,0.422915,0.414912,0
0.013141,7,0.106383,0.041341,0.167658,0.003467,0.422915,0.414912,0
0.013141,7,0.12766,0.040801,0.137608,0.003467,0.422915,0.414912,0
0.013141,7,0.148936,0.040801,0.115739,0.003467,0.422915,0.414912,0
0.013141,7,0.170213,0.040801,0.099226,0.003467,0.422915,0.414912,0
0.013141,7,0.191489,0.040801,0.095954,0.003467,0.422915,0.414912,0
0.013141,7,0.212766,0.040801,0.095061,0.003467,0.422915,0.414912,0
0.013141,7,0.234043,0.040801,0.10607,0.003467,0.422915,0.414912,0
0.013141,7,0.255319,0.040801,0.127492,0.003467,0.422915,0.414912,0
0.013141,7,0.276596,0.041281,0.150699,0.003467,0.422915,0.414912,0
0.013141,7,0.297872,0.048247,0.177328,0.003467,0.422915,0.414912,1
0.013141,7,0.319149,0.041401,0.239958,0.003467,0.422915,0.414912,0
0.013141,7,0.340426,0.041401,0.301845,0.003467,0.422915,0.414912,0
0.013141,7,0.361702,0.041401,0.355103,0.003467,0.422915,0.414912,0
0.013141,7,0.382979,0.048247,0.398542,0.003467,0.422915,0.414912,1
0.013141,7,0.404255,0.041582,0.421749,0.003467,0.422915,0.414912,0
0.013141,7,0.425532,0.041582,0.423237,0.003467,0.422915,0.414912,0
0.013141,7,0.446809,0.041582,0.402559,0.003467,0.422915,0.414912,0
0.013141,7,0.468085,0.041401,0.378905,0.003467,0.422915,0.414912,0
0.013141,7,0.489362,0.041401,0.364624,0.003467,0.422915,0.414912,0
0.013141,7,0.510638,0.041401,0.350342,0.003467,0.422915,0.414912,0
0.013141,7,0.531915,0.041401,0.3313,0.003467,0.422915,0.414912,0
0.013141,7,0.553191,0.041401,0.312109,0.003467,0.422915,0.414912,0
0.013141,7,0.574468,0.041401,0.286968,0.003467,0.422915,0.414912,0
0.013141,7,0.595745,0.041401,0.272687,0.003467,0.422915,0.414912,0
0.013141,7,0.617021,0.041401,0.258256,0.003467,0.422915,0.414912,0
0.013141,7,0.638298,0.041401,0.258405,0.003467,0.422915,0.414912,0
0.013141,7,0.659574,0.041401,0.260785,0.003467,0.422915,0.414912,0
0.013141,7,0.680851,0.041401,0.277298,0.003467,0.422915,0.414912,0
0.013141,7,0.702128,0.041401,0.313448,0.003467,0.422915,0.414912,0
0.013141,7,0.723404,0.041582,0.370574,0.003467,0.422915,0.414912,0
0.013141,7,0.744681,0.041582,0.482297,0.003467,0.422915,0.414912,0
0.013141,7,0.765957,0.041582,0.539274,0.003467,0.422915,0.414912,0
0.013141,7,0.787234,0.041522,0.52886,0.003467,0.422915,0.414912,0
0.013141,7,0.808511,0.041582,0.501041,0.003467,0.422915,0.414912,0
0.013141,7,0.829787,0.041582,0.483785,0.003467,0.422915,0.414912,0
0.013141,7,0.851064,0.041582,0.46742,0.003467,0.422915,0.414912,0
0.013141,7,0.87234,0.041401,0.449717,0.003467,0.422915,0.414912,0
0.013141,7,0.893617,0.041401,0.411336,0.003467,0.422915,0.414912,0
0.013141,7,0.914894,0.041401,0.365516,0.003467,0.422915,0.414912,0
0.013141,7,0.93617,0.041401,0.383071,0.003467,0.422915,0.414912,0
0.013141,7,0.957447,0.041401,0.386938,0.003467,0.422915,0.414912,0
0.013141,7,0.978723,0.041401,0.409997,0.003467,0.422915,0.414912,0
0.013141,7,1.0,0.041401,0.38917,0.003467,0.422915,0.414912,0
0.013185,1,0.0,0.040801,0.370872,0.003467,0.422915,0.414912,0
0.013185,1,0.021277,0.040801,0.32773,0.003467,0.422915,0.414912,0
0.013185,1,0.042553,0.040801,0.308093,0.003467,0.422915,0.414912,0
0.013185,1,0.06383,0.040801,0.265248,0.003467,0.422915,0.414912,0
0.013185,1,0.085106,0.040801,0.233115,0.003467,0.422915,0.414912,0
0.013185,1,0.106383,0.040801,0.202916,0.003467,0.422915,0.414912,0
0.013185,1,0.12766,0.040801,0.179411,0.003467,0.422915,0.414912,0
0.013185,1,0.148936,0.040801,0.158881,0.003467,0.422915,0.414912,0
0.013185,1,0.170213,0.040621,0.153377,0.003467,0.422915,0.414912,0
0.013185,1,0.191489,0.040621,0.161708,0.003467,0.422915,0.414912,0
0.013185,1,0.212766,0.041281,0.194585,0.003467,0.422915,0.414912,0
0.013185,1,0.234043,0.041582,0.238024,0.003467,0.422915,0.414912,1
0.013185,1,0.255319,0.041582,0.343201,0.003467,0.422915,0.414912,1
0.013185,1,0.276596,0.041732,0.446147,0.003467,0.422915,0.414912,1
0.013185,1,0.297872,0.041281,0.474859,0.003467,0.422915,0.414912,0
0.013185,1,0.319149,0.041281,0.530497,0.003467,0.422915,0.414912,0
0.013185,1,0.340426,0.041582,0.550283,0.003467,0.422915,0.414912,1
0.013185,1,0.361702,0.041281,0.54582,0.003467,0.422915,0.414912,0
0.013185,1,0.382979,0.041732,0.575126,0.003467,0.422915,0.414912,1
0.013185,1,0.404255,0.041582,0.586879,0.003467,0.422915,0.414912,1
0.013185,1,0.425532,0.041582,0.56263,0.003467,0.422915,0.414912,1
0.013185,1,0.446809,0.041582,0.541506,0.003467,0.422915,0.414912,1
0.013185,1,0.468085,0.041582,0.522761,0.003467,0.422915,0.414912,1
0.013185,1,0.489362,0.041582,0.50967,0.003467,0.422915,0.414912,1
0.013185,1,0.510638,0.041582,0.495983,0.003467,0.422915,0.414912,1
0.013185,1,0.531915,0.041281,0.487206,0.003467,0.422915,0.414912,0
0.013185,1,0.553191,0.041281,0.491223,0.003467,0.422915,0.414912,0
0.013185,1,0.574468,0.041582,0.482148,0.003467,0.422915,0.414912,1
0.013185,1,0.595745,0.041281,0.475454,0.003467,0.422915,0.414912,0
0.013185,1,0.617021,0.041281,0.453585,0.003467,0.422915,0.414912,0
0.013185,1,0.638298,0.041281,0.449717,0.003467,0.422915,0.414912,0
0.013185,1,0.659574,0.041281,0.46266,0.003467,0.422915,0.414912,0
0.013185,1,0.680851,0.041732,0.473073,0.003467,0.422915,0.414912,1
0.013185,1,0.702128,0.041732,0.502083,0.003467,0.422915,0.414912,1
0.013185,1,0.723404,0.049267,0.557126,0.003467,0.422915,0.414912,1
0.013185,1,0.744681,0.048247,0.6687,0.003467,0.422915,0.414912,1
0.013185,1,0.765957,0.048247,0.688188,0.003467,0.422915,0.414912,1
0.013185,1,0.787234,0.041732,0.675245,0.003467,0.422915,0.414912,0
0.013185,1,0.808511,0.041582,0.637757,0.003467,0.422915,0.414912,0
0.013185,1,0.829787,0.041732,0.616781,0.003467,0.422915,0.414912,0
0.013185,1,0.851064,0.041732,0.591639,0.003467,0.422915,0.414912,0
0.013185,1,0.87234,0.041582,0.570217,0.003467,0.422915,0.414912,0
0.013185,1,0.893617,0.041732,0.527522,0.003467,0.422915,0.414912,0
0.013185,1,0.914894,0.041281,0.476644,0.003467,0.422915,0.414912,0
0.013185,1,0.93617,0.041732,0.519042,0.003467,0.422915,0.414912,0
0.013185,1,0.957447,0.048247,0.529753,0.003467,0.422915,0.414912,1
0.013185,1,0.978723,0.049267,0.537935,0.003467,0.422915,0.414912,1
0.013185,1,1.0,0.048247,0.533472,0.003467,0.422915,0.414912,1
0.01323,2,0.0,0.049267,0.531538,0.003467,0.422915,0.414912,1
0.01323,2,0.021277,0.075057,0.511752,0.003467,0.422915,0.414912,1
0.01323,2,0.042553,0.049267,0.490181,0.003467,0.422915,0.414912,1
0.01323,2,0.06383,0.048247,0.428295,0.003467,0.422915,0.414912,1
0.01323,2,0.085106,0.072175,0.363285,0.003467,0.422915,0.414912,1
0.01323,2,0.106383,0.041732,0.318953,0.003467,0.422915,0.414912,0
0.01323,2,0.12766,0.046475,0.273728,0.003467,0.422915,0.414912,1
0.01323,2,0.148936,0.041582,0.235644,0.003467,0.422915,0.414912,0
0.01323,2,0.170213,0.049538,0.221214,0.003467,0.422915,0.414912,1
0.01323,2,0.191489,0.049538,0.210503,0.003467,0.422915,0.414912,1
0.01323,2,0.212766,0.060496,0.236388,0.003467,0.422915,0.414912,1
0.01323,2,0.234043,0.071965,0.292919,0.003467,0.422915,0.414912,1
0.01323,2,0.255319,0.07953,0.41208,0.003467,0.422915,0.414912,1
0.01323,2,0.276596,0.085535,0.535406,0.003467,0.422915,0.414912,1
0.01323,2,0.297872,0.07953,0.560101,0.003467,0.422915,0.414912,1
0.01323,2,0.319149,0.082773,0.63374,0.003467,0.422915,0.414912,1
0.01323,2,0.340426,0.07953,0.648319,0.003467,0.422915,0.414912,1
0.01323,2,0.361702,0.049538,0.626004,0.003467,0.422915,0.414912,0
0.01323,2,0.382979,0.049538,0.646087,0.003467,0.422915,0.414912,0
0.01323,2,0.404255,0.049538,0.641773,0.003467,0.422915,0.414912,0
0.01323,2,0.425532,0.048247,0.613062,0.003467,0.422915,0.414912,0
0.01323,2,0.446809,0.048247,0.58078,0.003467,0.422915,0.414912,0
0.01323,2,0.468085,0.083764,0.566944,0.003467,0.422915,0.414912,1
0.01323,2,0.489362,0.075718,0.549985,0.003467,0.422915,0.414912,1
0.01323,2,0.510638,0.075718,0.532282,0.003467,0.422915,0.414912,1
0.01323,2,0.531915,0.075718,0.525439,0.003467,0.422915,0.414912,1
0.01323,2,0.553191,0.046055,0.520976,0.003467,0.422915,0.414912,0
0.01323,2,0.574468,0.048247,0.506248,0.003467,0.422915,0.414912,0
0.01323,2,0.595745,0.048247,0.496727,0.003467,0.422915,0.414912,0
0.01323,2,0.617021,0.048247,0.486611,0.003467,0.422915,0.414912,0
0.01323,2,0.638298,0.048247,0.474412,0.003467,0.422915,0.414912,0
0.01323,2,0.659574,0.048247,0.48438,0.003467,0.422915,0.414912,0
0.01323,2,0.680851,0.075718,0.493306,0.003467,0.422915,0.414912,1
0.01323,2,0.702128,0.049538,0.519637,0.003467,0.422915,0.414912,0
0.01323,2,0.723404,0.082773,0.577655,0.003467,0.422915,0.414912,1
0.01323,2,0.744681,0.075718,0.672716,0.003467,0.422915,0.414912,1
0.01323,2,0.765957,0.075718,0.714222,0.003467,0.422915,0.414912,1
0.01323,2,0.787234,0.049538,0.711098,0.003467,0.422915,0.414912,0
0.01323,2,0.808511,0.048247,0.662898,0.003467,0.422915,0.414912,0
0.01323,2,0.829787,0.048247,0.633889,0.003467,0.422915,0.414912,0
0.01323,2,0.851064,0.075718,0.611276,0.003467,0.422915,0.414912,1
0.01323,2,0.87234,0.075718,0.590449,0.003467,0.422915,0.414912,1
0.01323,2,0.893617,0.048247,0.536745,0.003467,0.422915,0.414912,0
0.01323,2,0.914894,0.041582,0.483933,0.003467,0.422915,0.414912,0
0.01323,2,0.93617,0.085535,0.515769,0.003467,0.422915,0.414912,1
0.01323,2,0.957447,0.07953,0.517852,0.003467,0.422915,0.414912,1
0.01323,2,0.978723,0.085535,0.529307,0.003467,0.422915,0.414912,1
0.01323,2,1.0,0.087637,0.522761,0.003467,0.422915,0.414912,1
0.013274,3,0.0,0.087637,0.525439,0.003467,0.422915,0.414912,1
0.013274,3,0.021277,0.090939,0.504017,0.003467,0.422915,0.414912,1
0.013274,3,0.042553,0.07953,0.480661,0.003467,0.422915,0.414912,1
0.013274,3,0.06383,0.049538,0.417287,0.003467,0.422915,0.414912,0
0.013274,3,0.085106,0.048247,0.357037,0.003467,0.422915,0.414912,0
0.013274,3,0.106383,0.049538,0.310027,0.003467,0.422915,0.414912,0
0.013274,3,0.12766,0.041582,0.265992,0.003467,0.422915,0.414912,0
0.013274,3,0.148936,0.041582,0.226718,0.003467,0.422915,0.414912,0
0.013274,3,0.170213,0.050168,0.209164,0.003467,0.422915,0.414912,0
0.013274,3,0.191489,0.051249,0.200684,0.003467,0.422915,0.414912,0
0.013274,3,0.212766,0.051249,0.231479,0.003467,0.422915,0.414912,0
0.013274,3,0.234043,0.051249,0.281613,0.003467,0.422915,0.414912,0
0.013274,3,0.255319,0.075567,0.38798,0.003467,0.422915,0.414912,1
0.013274,3,0.276596,0.086135,0.503124,0.003467,0.422915,0.414912,1
0.013274,3,0.297872,0.071304,0.509967,0.003467,0.422915,0.414912,1
0.013274,3,0.319149,0.041732,0.571407,0.003467,0.422915,0.414912,0
0.013274,3,0.340426,0.041732,0.582416,0.003467,0.422915,0.414912,0
0.013274,3,0.361702,0.041732,0.569325,0.003467,0.422915,0.414912,0
0.013274,3,0.382979,0.043203,0.601012,0.003467,0.422915,0.414912,0
0.013274,3,0.404255,0.043203,0.603838,0.003467,0.422915,0.414912,0
0.013274,3,0.425532,0.041732,0.583011,0.003467,0.422915,0.414912,0
0.013274,3,0.446809,0.041732,0.560994,0.003467,0.422915,0.414912,0
0.013274,3,0.468085,0.041732,0.546712,0.003467,0.422915,0.414912,0
0.013274,3,0.489362,0.041732,0.536596,0.003467,0.422915,0.414912,0
0.013274,3,0.510638,0.041732,0.521125,0.003467,0.422915,0.414912,0
0.013274,3,0.531915,0.041732,0.509223,0.003467,0.422915,0.414912,0
0.013274,3,0.553191,0.041732,0.505058,0.003467,0.422915,0.414912,0
0.013274,3,0.574468,0.041732,0.497769,0.003467,0.422915,0.414912,0
0.013274,3,0.595745,0.041732,0.485867,0.003467,0.422915,0.414912,0
0.013274,3,0.617021,0.051249,0.481553,0.003467,0.422915,0.414912,0
0.013274,3,0.638298,0.082833,0.471288,0.003467,0.422915,0.414912,1
0.013274,3,0.659574,0.086135,0.478429,0.003467,0.422915,0.414912,1
0.013274,3,0.680851,0.082833,0.496132,0.003467,0.422915,0.414912,1
0.013274,3,0.702128,0.088567,0.530497,0.003467,0.422915,0.414912,1
0.013274,3,0.723404,0.090309,0.587623,0.003467,0.422915,0.414912,1
0.013274,3,0.744681,0.090309,0.698453,0.003467,0.422915,0.414912,1
0.013274,3,0.765957,0.10505,0.732966,0.003467,0.422915,0.414912,1
0.013274,3,0.787234,0.090068,0.720173,0.003467,0.422915,0.414912,1
0.013274,3,0.808511,0.088567,0.683874,0.003467,0.422915,0.414912,1
0.013274,3,0.829787,0.088567,0.65665,0.003467,0.422915,0.414912,1
0.013274,3,0.851064,0.090309,0.635823,0.003467,0.422915,0.414912,1
0.013274,3,0.87234,0.090068,0.612169,0.003467,0.422915,0.414912,1
0.013274,3,0.893617,0.086135,0.561886,0.003467,0.422915,0.414912,1
0.013274,3,0.914894,0.051249,0.509223,0.003467,0.422915,0.414912,0
0.013274,3,0.93617,0.090068,0.540613,0.003467,0.422915,0.414912,1
0.013274,3,0.957447,0.090068,0.546415,0.003467,0.422915,0.414912,1
0.013274,3,0.978723,0.097574,0.549241,0.003467,0.422915,0.414912,1
0.013274,3,1.0,0.090309,0.545076,0.003467,0.422915,0.414912,1
0.013318,4,0.0,0.097574,0.541952,0.003467,0.422915,0.414912,1
0.013318,4,0.021277,0.097574,0.520976,0.003467,0.422915,0.414912,1
0.013318,4,0.042553,0.090068,0.501041,0.003467,0.422915,0.414912,1
0.013318,4,0.06383,0.090068,0.443023,0.003467,0.422915,0.414912,1
0.013318,4,0.085106,0.071304,0.380542,0.003467,0.422915,0.414912,1
0.013318,4,0.106383,0.060496,0.332193,0.003467,0.422915,0.414912,0
0.013318,4,0.12766,0.050168,0.281166,0.003467,0.422915,0.414912,0
0.013318,4,0.148936,0.050168,0.244719,0.003467,0.422915,0.414912,0
0.013318,4,0.170213,0.050318,0.227313,0.003467,0.422915,0.414912,0
0.013318,4,0.191489,0.059926,0.216305,0.003467,0.422915,0.414912,0
0.013318,4,0.212766,0.060496,0.245165,0.003467,0.422915,0.414912,0
0.013318,4,0.234043,0.060496,0.295448,0.003467,0.422915,0.414912,0
0.013318,4,0.255319,0.081002,0.411336,0.003467,0.422915,0.414912,1
0.013318,4,0.276596,0.081002,0.528563,0.003467,0.422915,0.414912,1
0.013318,4,0.297872,0.075567,0.558614,0.003467,0.422915,0.414912,1
0.013318,4,0.319149,0.051099,0.633442,0.003467,0.422915,0.414912,0
0.013318,4,0.340426,0.050318,0.64817,0.003467,0.422915,0.414912,0
0.013318,4,0.361702,0.045034,0.635525,0.003467,0.422915,0.414912,0
0.013318,4,0.382979,0.050318,0.661857,0.003467,0.422915,0.414912,0
0.013318,4,0.404255,0.045995,0.666468,0.003467,0.422915,0.414912,0
0.013318,4,0.425532,0.050318,0.6446,0.003467,0.422915,0.414912,0
0.013318,4,0.446809,0.050318,0.612318,0.003467,0.422915,0.414912,0
0.013318,4,0.468085,0.051099,0.594763,0.003467,0.422915,0.414912,0
0.013318,4,0.489362,0.081002,0.588069,0.003467,0.422915,0.414912,1
0.013318,4,0.510638,0.081002,0.580482,0.003467,0.422915,0.414912,1
0.013318,4,0.531915,0.081932,0.573788,0.003467,0.422915,0.414912,1
0.013318,4,0.553191,0.081932,0.57349,0.003467,0.422915,0.414912,1
0.013318,4,0.574468,0.088567,0.563225,0.003467,0.422915,0.414912,1
0.013318,4,0.595745,0.081932,0.552365,0.003467,0.422915,0.414912,1
0.013318,4,0.617021,0.081932,0.545968,0.003467,0.422915,0.414912,1
0.013318,4,0.638298,0.082833,0.53734,0.003467,0.422915,0.414912,1
0.013318,4,0.659574,0.081932,0.551919,0.003467,0.422915,0.414912,1
0.013318,4,0.680851,0.088567,0.57587,0.003467,0.422915,0.414912,1
0.013318,4,0.702128,0.088567,0.609789,0.003467,0.422915,0.414912,1
0.013318,4,0.723404,0.10505,0.68075,0.003467,0.422915,0.414912,1
0.013318,4,0.744681,0.106341,0.803332,0.003467,0.422915,0.414912,1
0.013318,4,0.765957,0.113937,0.836358,0.003467,0.422915,0.414912,1
0.013318,4,0.787234,0.10505,0.827581,0.003467,0.422915,0.414912,1
0.013318,4,0.808511,0.090068,0.802142,0.003467,0.422915,0.414912,1
0.013318,4,0.829787,0.088567,0.775811,0.003467,0.422915,0.414912,1
0.013318,4,0.851064,0.11889,0.755132,0.003467,0.422915,0.414912,1
0.013318,4,0.87234,0.090068,0.727908,0.003467,0.422915,0.414912,1
0.013318,4,0.893617,0.088567,0.66751,0.003467,0.422915,0.414912,1
0.013318,4,0.914894,0.075057,0.599226,0.003467,0.422915,0.414912,0
0.013318,4,0.93617,0.090068,0.623624,0.003467,0.422915,0.414912,1
0.013318,4,0.957447,0.088567,0.611128,0.003467,0.422915,0.414912,1
0.013318,4,0.978723,0.081002,0.605177,0.003467,0.422915,0.414912,1
0.013318,4,1.0,0.081002,0.598483,0.003467,0.422915,0.414912,1
0.013362,5,0.0,0.088567,0.591491,0.003467,0.422915,0.414912,1
0.013362,5,0.021277,0.088567,0.568134,0.003467,0.422915,0.414912,1
0.013362,5,0.042553,0.088567,0.542696,0.003467,0.422915,0.414912,1
0.013362,5,0.06383,0.081002,0.480512,0.003467,0.422915,0.414912,1
0.013362,5,0.085106,0.071965,0.416245,0.003467,0.422915,0.414912,0
0.013362,5,0.106383,0.060496,0.365665,0.003467,0.422915,0.414912,0
0.013362,5,0.12766,0.051099,0.323118,0.003467,0.422915,0.414912,0
0.013362,5,0.148936,0.059926,0.283844,0.003467,0.422915,0.414912,0
0.013362,5,0.170213,0.060496,0.258108,0.003467,0.422915,0.414912,0
0.013362,5,0.191489,0.067491,0.257661,0.003467,0.422915,0.414912,0
0.013362,5,0.212766,0.071965,0.285183,0.003467,0.422915,0.414912,0
0.013362,5,0.234043,0.074667,0.3374,0.003467,0.422915,0.414912,0
0.013362,5,0.255319,0.097574,0.452693,0.003467,0.422915,0.414912,1
0.013362,5,0.276596,0.116909,0.586581,0.003467,0.422915,0.414912,1
0.013362,5,0.297872,0.097574,0.628831,0.003467,0.422915,0.414912,1
0.013362,5,0.319149,0.11784,0.711395,0.003467,0.422915,0.414912,1
0.013362,5,0.340426,0.119731,0.727016,0.003467,0.422915,0.414912,1
0.013362,5,0.361702,0.090068,0.714668,0.003467,0.422915,0.414912,1
0.013362,5,0.382979,0.119731,0.740256,0.003467,0.422915,0.414912,1
0.013362,5,0.404255,0.11784,0.734603,0.003467,0.422915,0.414912,1
0.013362,5,0.425532,0.097574,0.703957,0.003467,0.422915,0.414912,1
0.013362,5,0.446809,0.116909,0.664534,0.003467,0.422915,0.414912,1
0.013362,5,0.468085,0.104179,0.635823,0.003467,0.422915,0.414912,1
0.013362,5,0.489362,0.088567,0.611425,0.003467,0.422915,0.414912,0
0.013362,5,0.510638,0.097574,0.597144,0.003467,0.422915,0.414912,1
0.013362,5,0.531915,0.090068,0.578697,0.003467,0.422915,0.414912,0
0.013362,5,0.553191,0.076258,0.554894,0.003467,0.422915,0.414912,0
0.013362,5,0.574468,0.074817,0.542993,0.003467,0.422915,0.414912,0
0.013362,5,0.595745,0.057013,0.525141,0.003467,0.422915,0.414912,0
0.013362,5,0.617021,0.057013,0.50848,0.003467,0.422915,0.414912,0
0.013362,5,0.638298,0.057013,0.500446,0.003467,0.422915,0.414912,0
0.013362,5,0.659574,0.057013,0.508777,0.003467,0.422915,0.414912,0
0.013362,5,0.680851,0.074817,0.521422,0.003467,0.422915,0.414912,0
0.013362,5,0.702128,0.057013,0.559357,0.003467,0.422915,0.414912,0
0.013362,5,0.723404,0.104179,0.626004,0.003467,0.422915,0.414912,1
0.013362,5,0.744681,0.116909,0.7349,0.003467,0.422915,0.414912,1
0.013362,5,0.765957,0.124745,0.771199,0.003467,0.422915,0.414912,1
0.013362,5,0.787234,0.119731,0.759595,0.003467,0.422915,0.414912,1
0.013362,5,0.808511,0.11784,0.732074,0.003467,0.422915,0.414912,1
0.013362,5,0.829787,0.088567,0.699792,0.003467,0.422915,0.414912,1
0.013362,5,0.851064,0.119731,0.67956,0.003467,0.422915,0.414912,1
0.013362,5,0.87234,0.116909,0.648616,0.003467,0.422915,0.414912,1
0.013362,5,0.893617,0.088567,0.60607,0.003467,0.422915,0.414912,0
0.013362,5,0.914894,0.088567,0.548051,0.003467,0.422915,0.414912,0
0.013362,5,0.93617,0.116909,0.584499,0.003467,0.422915,0.414912,1
0.013362,5,0.957447,0.097574,0.593573,0.003467,0.422915,0.414912,1
0.013362,5,0.978723,0.116909,0.602202,0.003467,0.422915,0.414912,1
0.013362,5,1.0,0.11784,0.601755,0.003467,0.422915,0.414912,1
0.013406,6,0.0,0.116909,0.592086,0.003467,0.422915,0.414912,1
0.013406,6,0.021277,0.11784,0.569027,0.003467,0.422915,0.414912,1
0.013406,6,0.042553,0.090068,0.531389,0.003467,0.422915,0.414912,0
0.013406,6,0.06383,0.076258,0.461767,0.003467,0.422915,0.414912,0
0.013406,6,0.085106,0.071965,0.396162,0.003467,0.422915,0.414912,0
0.013406,6,0.106383,0.071965,0.340375,0.003467,0.422915,0.414912,0
0.013406,6,0.12766,0.060496,0.290687,0.003467,0.422915,0.414912,0
0.013406,6,0.148936,0.060496,0.248438,0.003467,0.422915,0.414912,0
0.013406,6,0.170213,0.066531,0.222553,0.003467,0.422915,0.414912,0
0.013406,6,0.191489,0.062958,0.203065,0.003467,0.422915,0.414912,0
0.013406,6,0.212766,0.066531,0.20842,0.003467,0.422915,0.414912,0
0.013406,6,0.234043,0.071905,0.214668,0.003467,0.422915,0.414912,0
0.013406,6,0.255319,0.072175,0.253942,0.003467,0.422915,0.414912,0
0.013406,6,0.276596,0.074817,0.297233,0.003467,0.422915,0.414912,0
0.013406,6,0.297872,0.078029,0.367301,0.003467,0.422915,0.414912,0
0.013406,6,0.319149,0.085235,0.461619,0.003467,0.422915,0.414912,0
0.013406,6,0.340426,0.085235,0.543439,0.003467,0.422915,0.414912,0
0.013406,6,0.361702,0.085235,0.584647,0.003467,0.422915,0.414912,0
0.013406,6,0.382979,0.085235,0.618566,0.003467,0.422915,0.414912,0
0.013406,6,0.404255,0.078029,0.614698,0.003467,0.422915,0.414912,0
0.013406,6,0.425532,0.074817,0.579738,0.003467,0.422915,0.414912,0
0.013406,6,0.446809,0.074817,0.540018,0.003467,0.422915,0.414912,0
0.013406,6,0.468085,0.071905,0.496578,0.003467,0.422915,0.414912,0
0.013406,6,0.489362,0.057464,0.46742,0.003467,0.422915,0.414912,0
0.013406,6,0.510638,0.076258,0.435287,0.003467,0.422915,0.414912,0
0.013406,6,0.531915,0.057464,0.401964,0.003467,0.422915,0.414912,0
0.013406,6,0.553191,0.051249,0.383666,0.003467,0.422915,0.414912,0
0.013406,6,0.574468,0.045034,0.361797,0.003467,0.422915,0.414912,0
0.013406,6,0.595745,0.051249,0.346177,0.003467,0.422915,0.414912,0
0.013406,6,0.617021,0.041371,0.336805,0.003467,0.422915,0.414912,0
0.013406,6,0.638298,0.041401,0.33011,0.003467,0.422915,0.414912,0
0.013406,6,0.659574,0.041762,0.337251,0.003467,0.422915,0.414912,0
0.013406,6,0.680851,0.051249,0.359119,0.003467,0.422915,0.414912,0
0.013406,6,0.702128,0.068422,0.405385,0.003467,0.422915,0.414912,0
0.013406,6,0.723404,0.10508,0.467569,0.003467,0.422915,0.414912,1
0.013406,6,0.744681,0.114567,0.60235,0.003467,0.422915,0.414912,1
0.013406,6,0.765957,0.134682,0.658881,0.003467,0.422915,0.414912,1
0.013406,6,0.787234,0.108833,0.654716,0.003467,0.422915,0.414912,1
0.013406,6,0.808511,0.10508,0.615591,0.003467,0.422915,0.414912,1
0.013406,6,0.829787,0.087306,0.583011,0.003467,0.422915,0.414912,1
0.013406,6,0.851064,0.087426,0.553109,0.003467,0.422915,0.414912,1
0.013406,6,0.87234,0.087156,0.536745,0.003467,0.422915,0.414912,1
0.013406,6,0.893617,0.085205,0.498959,0.003467,0.422915,0.414912,1
0.013406,6,0.914894,0.061907,0.456114,0.003467,0.422915,0.414912,0
0.013406,6,0.93617,0.084965,0.477536,0.003467,0.422915,0.414912,1
0.013406,6,0.957447,0.078029,0.476941,0.003467,0.422915,0.414912,0
0.013406,6,0.978723,0.076258,0.481107,0.003467,0.422915,0.414912,0
0.013406,6,1.0,0.071905,0.464445,0.003467,0.422915,0.414912,0
0.013451,7,0.0,0.072175,0.437072,0.003467,0.422915,0.414912,0
0.013451,7,0.021277,0.072175,0.383963,0.003467,0.422915,0.414912,0
0.013451,7,0.042553,0.057464,0.360458,0.003467,0.422915,0.414912,0
0.013451,7,0.06383,0.068272,0.30601,0.003467,0.422915,0.414912,0
0.013451,7,0.085106,0.057464,0.259595,0.003467,0.422915,0.414912,0
0.013451,7,0.106383,0.059625,0.228057,0.003467,0.422915,0.414912,0
0.013451,7,0.12766,0.062958,0.197858,0.003467,0.422915,0.414912,0
0.013451,7,0.148936,0.059625,0.173163,0.003467,0.422915,0.414912,0
0.013451,7,0.170213,0.062958,0.155906,0.003467,0.422915,0.414912,0
0.013451,7,0.191489,0.059565,0.138798,0.003467,0.422915,0.414912,0
0.013451,7,0.212766,0.059565,0.1446,0.003467,0.422915,0.414912,0
0.013451,7,0.234043,0.06623,0.156352,0.003467,0.422915,0.414912,0
0.013451,7,0.255319,0.068272,0.182832,0.003467,0.422915,0.414912,0
0.013451,7,0.276596,0.068272,0.215858,0.003467,0.422915,0.414912,0
0.013451,7,0.297872,0.074817,0.25543,0.003467,0.422915,0.414912,1
0.013451,7,0.319149,0.077039,0.334722,0.003467,0.422915,0.414912,1
0.013451,7,0.340426,0.084965,0.39765,0.003467,0.422915,0.414912,1
0.013451,7,0.361702,0.081092,0.455222,0.003467,0.422915,0.414912,1
0.013451,7,0.382979,0.085235,0.500446,0.003467,0.422915,0.414912,1
0.013451,7,0.404255,0.085235,0.515323,0.003467,0.422915,0.414912,1
0.013451,7,0.425532,0.078029,0.494347,0.003467,0.422915,0.414912,1
0.013451,7,0.446809,0.071905,0.470693,0.003467,0.422915,0.414912,0
0.013451,7,0.468085,0.071905,0.43975,0.003467,0.422915,0.414912,0
0.013451,7,0.489362,0.071905,0.416989,0.003467,0.422915,0.414912,0
0.013451,7,0.510638,0.068272,0.389467,0.003467,0.422915,0.414912,0
0.013451,7,0.531915,0.071905,0.365367,0.003467,0.422915,0.414912,0
0.013451,7,0.553191,0.051249,0.331747,0.003467,0.422915,0.414912,0
0.013451,7,0.574468,0.068272,0.30482,0.003467,0.422915,0.414912,0
0.013451,7,0.595745,0.051249,0.289051,0.003467,0.422915,0.414912,0
0.013451,7,0.617021,0.068272,0.275364,0.003467,0.422915,0.414912,0
0.013451,7,0.638298,0.051249,0.278489,0.003467,0.422915,0.414912,0
0.013451,7,0.659574,0.071905,0.282654,0.003467,0.422915,0.414912,0
0.013451,7,0.680851,0.068272,0.299018,0.003467,0.422915,0.414912,0
0.013451,7,0.702128,0.072175,0.337251,0.003467,0.422915,0.414912,0
0.013451,7,0.723404,0.072175,0.396162,0.003467,0.422915,0.414912,0
0.013451,7,0.744681,0.085235,0.532728,0.003467,0.422915,0.414912,1
0.013451,7,0.765957,0.085235,0.602797,0.003467,0.422915,0.414912,1
0.013451,7,0.787234,0.085235,0.612318,0.003467,0.422915,0.414912,1
0.013451,7,0.808511,0.078029,0.587771,0.003467,0.422915,0.414912,1
0.013451,7,0.829787,0.085235,0.571705,0.003467,0.422915,0.414912,1
0.013451,7,0.851064,0.077099,0.535704,0.003467,0.422915,0.414912,1
0.013451,7,0.87234,0.074817,0.525736,0.003467,0.422915,0.414912,1
0.013451,7,0.893617,0.071905,0.481851,0.003467,0.422915,0.414912,1
0.013451,7,0.914894,0.068272,0.430527,0.003467,0.422915,0.414912,0
0.013451,7,0.93617,0.071905,0.443618,0.003467,0.422915,0.414912,1
0.013451,7,0.957447,0.068272,0.431419,0.003467,0.422915,0.414912,0
0.013451,7,0.978723,0.068272,0.435733,0.003467,0.422915,0.414912,0
0.013451,7,1.0,0.051249,0.406575,0.003467,0.422915,0.414912,0
0.013495,1,0.0,0.041401,0.397054,0.003467,0.422915,0.414912,0
0.013495,1,0.021277,0.041401,0.360458,0.003467,0.422915,0.414912,0
0.013495,1,0.042553,0.041401,0.345284,0.003467,0.422915,0.414912,0
0.013495,1,0.06383,0.041401,0.300655,0.003467,0.422915,0.414912,0
0.013495,1,0.085106,0.041401,0.264653,0.003467,0.422915,0.414912,0
0.013495,1,0.106383,0.041401,0.233859,0.003467,0.422915,0.414912,0
0.013495,1,0.12766,0.051249,0.205445,0.003467,0.422915,0.414912,0
0.013495,1,0.148936,0.040651,0.181494,0.003467,0.422915,0.414912,0
0.013495,1,0.170213,0.057464,0.175245,0.003467,0.422915,0.414912,0
0.013495,1,0.191489,0.070283,0.181047,0.003467,0.422915,0.414912,1
0.013495,1,0.212766,0.072295,0.219875,0.003467,0.422915,0.414912,1
0.013495,1,0.234043,0.07836,0.275364,0.003467,0.422915,0.414912,1
0.013495,1,0.255319,0.119461,0.397798,0.003467,0.422915,0.414912,1
0.013495,1,0.276596,0.134142,0.520232,0.003467,0.422915,0.414912,1
0.013495,1,0.297872,0.106341,0.547902,0.003467,0.422915,0.414912,1
0.013495,1,0.319149,0.106461,0.616037,0.003467,0.422915,0.414912,1
0.013495,1,0.340426,0.088267,0.637162,0.003467,0.422915,0.414912,1
0.013495,1,0.361702,0.057464,0.623178,0.003467,0.422915,0.414912,0
0.013495,1,0.382979,0.051759,0.650699,0.003467,0.422915,0.414912,0
0.013495,1,0.404255,0.051759,0.656947,0.003467,0.422915,0.414912,0
0.013495,1,0.425532,0.057464,0.63136,0.003467,0.422915,0.414912,0
0.013495,1,0.446809,0.051759,0.591937,0.003467,0.422915,0.414912,0
0.013495,1,0.468085,0.041431,0.563374,0.003467,0.422915,0.414912,0
0.013495,1,0.489362,0.051759,0.551324,0.003467,0.422915,0.414912,0
0.013495,1,0.510638,0.041431,0.540464,0.003467,0.422915,0.414912,0
0.013495,1,0.531915,0.057464,0.527968,0.003467,0.422915,0.414912,0
0.013495,1,0.553191,0.041431,0.520381,0.003467,0.422915,0.414912,0
0.013495,1,0.574468,0.051759,0.503422,0.003467,0.422915,0.414912,0
0.013495,1,0.595745,0.051759,0.494347,0.003467,0.422915,0.414912,0
0.013495,1,0.617021,0.041431,0.475156,0.003467,0.422915,0.414912,0
0.013495,1,0.638298,0.041431,0.463701,0.003467,0.422915,0.414912,0
0.013495,1,0.659574,0.041131,0.466974,0.003467,0.422915,0.414912,0
0.013495,1,0.680851,0.057464,0.480661,0.003467,0.422915,0.414912,0
0.013495,1,0.702128,0.051759,0.501488,0.003467,0.422915,0.414912,0
0.013495,1,0.723404,0.051789,0.540762,0.003467,0.422915,0.414912,0
0.013495,1,0.744681,0.051759,0.647426,0.003467,0.422915,0.414912,0
0.013495,1,0.765957,0.057464,0.686849,0.003467,0.422915,0.414912,0
0.013495,1,0.787234,0.051759,0.668997,0.003467,0.422915,0.414912,0
0.013495,1,0.808511,0.041431,0.636566,0.003467,0.422915,0.414912,0
0.013495,1,0.829787,0.041431,0.610979,0.003467,0.422915,0.414912,0
0.013495,1,0.851064,0.051759,0.591342,0.003467,0.422915,0.414912,0
0.013495,1,0.87234,0.057464,0.570068,0.003467,0.422915,0.414912,0
0.013495,1,0.893617,0.051759,0.531538,0.003467,0.422915,0.414912,0
0.013495,1,0.914894,0.045094,0.476644,0.003467,0.422915,0.414912,0
0.013495,1,0.93617,0.074817,0.513538,0.003467,0.422915,0.414912,1
0.013495,1,0.957447,0.088267,0.519935,0.003467,0.422915,0.414912,1
0.013495,1,0.978723,0.088267,0.526034,0.003467,0.422915,0.414912,1
0.013495,1,1.0,0.090939,0.526034,0.003467,0.422915,0.414912,1
0.013539,2,0.0,0.090939,0.530199,0.003467,0.422915,0.414912,1
0.013539,2,0.021277,0.098925,0.510414,0.003467,0.422915,0.414912,1
0.013539,2,0.042553,0.095473,0.491372,0.003467,0.422915,0.414912,1
0.013539,2,0.06383,0.098925,0.426659,0.003467,0.422915,0.414912,1
0.013539,2,0.085106,0.057464,0.368343,0.003467,0.422915,0.414912,0
0.013539,2,0.106383,0.072295,0.317465,0.003467,0.422915,0.414912,1
0.013539,2,0.12766,0.060496,0.269414,0.003467,0.422915,0.414912,0
0.013539,2,0.148936,0.067491,0.237727,0.003467,0.422915,0.414912,1
0.013539,2,0.170213,0.051699,0.219875,0.003467,0.422915,0.414912,0
0.013539,2,0.191489,0.051699,0.211395,0.003467,0.422915,0.414912,0
0.013539,2,0.212766,0.059445,0.239512,0.003467,0.422915,0.414912,0
0.013539,2,0.234043,0.10511,0.288158,0.003467,0.422915,0.414912,1
0.013539,2,0.255319,0.119581,0.400476,0.003467,0.422915,0.414912,1
0.013539,2,0.276596,0.133812,0.52172,0.003467,0.422915,0.414912,1
0.013539,2,0.297872,0.11787,0.538381,0.003467,0.422915,0.414912,1
0.013539,2,0.319149,0.106341,0.605772,0.003467,0.422915,0.414912,1
0.013539,2,0.340426,0.087697,0.605177,0.003467,0.422915,0.414912,1
0.013539,2,0.361702,0.062988,0.582416,0.003467,0.422915,0.414912,0
0.013539,2,0.382979,0.119491,0.605177,0.003467,0.422915,0.414912,1
0.013539,2,0.404255,0.119491,0.610533,0.003467,0.422915,0.414912,1
0.013539,2,0.425532,0.087697,0.584201,0.003467,0.422915,0.414912,1
0.013539,2,0.446809,0.11898,0.55177,0.003467,0.422915,0.414912,1
0.013539,2,0.468085,0.119491,0.528563,0.003467,0.422915,0.414912,1
0.013539,2,0.489362,0.087697,0.514281,0.003467,0.422915,0.414912,1
0.013539,2,0.510638,0.103549,0.506843,0.003467,0.422915,0.414912,1
0.013539,2,0.531915,0.087697,0.49033,0.003467,0.422915,0.414912,1
0.013539,2,0.553191,0.103549,0.485421,0.003467,0.422915,0.414912,1
0.013539,2,0.574468,0.087066,0.473817,0.003467,0.422915,0.414912,1
0.013539,2,0.595745,0.075117,0.463106,0.003467,0.422915,0.414912,0
0.013539,2,0.617021,0.051699,0.452841,0.003467,0.422915,0.414912,0
0.013539,2,0.638298,0.041431,0.450164,0.003467,0.422915,0.414912,0
0.013539,2,0.659574,0.051699,0.45418,0.003467,0.422915,0.414912,0
0.013539,2,0.680851,0.051699,0.463106,0.003467,0.422915,0.414912,0
0.013539,2,0.702128,0.050889,0.477239,0.003467,0.422915,0.414912,0
0.013539,2,0.723404,0.041431,0.526034,0.003467,0.422915,0.414912,0
0.013539,2,0.744681,0.046085,0.620054,0.003467,0.422915,0.414912,0
0.013539,2,0.765957,0.043203,0.649509,0.003467,0.422915,0.414912,0
0.013539,2,0.787234,0.041431,0.634484,0.003467,0.422915,0.414912,0
0.013539,2,0.808511,0.041431,0.600863,0.003467,0.422915,0.414912,0
0.013539,2,0.829787,0.041431,0.57349,0.003467,0.422915,0.414912,0
0.013539,2,0.851064,0.045094,0.559506,0.003467,0.422915,0.414912,0
0.013539,2,0.87234,0.041431,0.537043,0.003467,0.422915,0.414912,0
0.013539,2,0.893617,0.041431,0.494049,0.003467,0.422915,0.414912,0
0.013539,2,0.914894,0.041431,0.454032,0.003467,0.422915,0.414912,0
0.013539,2,0.93617,0.051699,0.492115,0.003467,0.422915,0.414912,0
0.013539,2,0.957447,0.041431,0.495091,0.003467,0.422915,0.414912,0
0.013539,2,0.978723,0.051699,0.510711,0.003467,0.422915,0.414912,0
0.013539,2,1.0,0.051699,0.513686,0.003467,0.422915,0.414912,0
0.013583,3,0.0,0.074427,0.517852,0.003467,0.422915,0.414912,1
0.013583,3,0.021277,0.074427,0.494644,0.003467,0.422915,0.414912,1
0.013583,3,0.042553,0.056293,0.473073,0.003467,0.422915,0.414912,0
0.013583,3,0.06383,0.051699,0.413865,0.003467,0.422915,0.414912,0
0.013583,3,0.085106,0.041431,0.355549,0.003467,0.422915,0.414912,0
0.013583,3,0.106383,0.041131,0.30958,0.003467,0.422915,0.414912,0
0.013583,3,0.12766,0.041131,0.265992,0.003467,0.422915,0.414912,0
0.013583,3,0.148936,0.043503,0.233859,0.003467,0.422915,0.414912,0
0.013583,3,0.170213,0.041431,0.213478,0.003467,0.422915,0.414912,0
0.013583,3,0.191489,0.051819,0.205296,0.003467,0.422915,0.414912,0
0.013583,3,0.212766,0.041431,0.23609,0.003467,0.422915,0.414912,0
0.013583,3,0.234043,0.067491,0.286522,0.003467,0.422915,0.414912,0
0.013583,3,0.255319,0.074216,0.396459,0.003467,0.422915,0.414912,1
0.013583,3,0.276596,0.074216,0.51443,0.003467,0.422915,0.414912,1
0.013583,3,0.297872,0.057764,0.524695,0.003467,0.422915,0.414912,0
0.013583,3,0.319149,0.041431,0.590896,0.003467,0.422915,0.414912,0
0.013583,3,0.340426,0.041431,0.590301,0.003467,0.422915,0.414912,0
0.013583,3,0.361702,0.041431,0.567688,0.003467,0.422915,0.414912,0
0.013583,3,0.382979,0.045545,0.594615,0.003467,0.422915,0.414912,0
0.013583,3,0.404255,0.106431,0.596995,0.003467,0.422915,0.414912,1
0.013583,3,0.425532,0.088327,0.576168,0.003467,0.422915,0.414912,1
0.013583,3,0.446809,0.088327,0.555192,0.003467,0.422915,0.414912,1
0.013583,3,0.468085,0.088327,0.534216,0.003467,0.422915,0.414912,1
0.013583,3,0.489362,0.088327,0.529158,0.003467,0.422915,0.414912,1
0.013583,3,0.510638,0.074216,0.512348,0.003467,0.422915,0.414912,1
0.013583,3,0.531915,0.088327,0.496727,0.003467,0.422915,0.414912,1
0.013583,3,0.553191,0.088327,0.495388,0.003467,0.422915,0.414912,1
0.013583,3,0.574468,0.088327,0.493008,0.003467,0.422915,0.414912,1
0.013583,3,0.595745,0.088327,0.480661,0.003467,0.422915,0.414912,1
0.013583,3,0.617021,0.086466,0.465338,0.003467,0.422915,0.414912,1
0.013583,3,0.638298,0.088327,0.454775,0.003467,0.422915,0.414912,1
0.013583,3,0.659574,0.088327,0.457899,0.003467,0.422915,0.414912,1
0.013583,3,0.680851,0.088327,0.466825,0.003467,0.422915,0.414912,1
0.013583,3,0.702128,0.074727,0.477983,0.003467,0.422915,0.414912,1
0.013583,3,0.723404,0.077129,0.504612,0.003467,0.422915,0.414912,1
0.013583,3,0.744681,0.074216,0.585094,0.003467,0.422915,0.414912,1
0.013583,3,0.765957,0.074216,0.609045,0.003467,0.422915,0.414912,1
0.013583,3,0.787234,0.045094,0.587325,0.003467,0.422915,0.414912,0
0.013583,3,0.808511,0.041431,0.54939,0.003467,0.422915,0.414912,0
0.013583,3,0.829787,0.041431,0.52291,0.003467,0.422915,0.414912,0
0.013583,3,0.851064,0.051819,0.506248,0.003467,0.422915,0.414912,0
0.013583,3,0.87234,0.041431,0.47709,0.003467,0.422915,0.414912,0
0.013583,3,0.893617,0.041431,0.438114,0.003467,0.422915,0.414912,0
0.013583,3,0.914894,0.041431,0.389021,0.003467,0.422915,0.414912,0
0.013583,3,0.93617,0.0526,0.436924,0.003467,0.422915,0.414912,0
0.013583,3,0.957447,0.051819,0.461172,0.003467,0.422915,0.414912,0
0.013583,3,0.978723,0.073316,0.489586,0.003467,0.422915,0.414912,1
0.013583,3,1.0,0.089318,0.496727,0.003467,0.422915,0.414912,1
0.013628,4,0.0,0.108833,0.500893,0.003467,0.422915,0.414912,1
0.013628,4,0.021277,0.108833,0.481404,0.003467,0.422915,0.414912,1
0.013628,4,0.042553,0.088327,0.453436,0.003467,0.422915,0.414912,1
0.013628,4,0.06383,0.051819,0.393335,0.003467,0.422915,0.414912,0
0.013628,4,0.085106,0.051819,0.329069,0.003467,0.422915,0.414912,0
0.013628,4,0.106383,0.041131,0.288753,0.003467,0.422915,0.414912,0
0.013628,4,0.12766,0.041131,0.240702,0.003467,0.422915,0.414912,0
0.013628,4,0.148936,0.041131,0.207528,0.003467,0.422915,0.414912,0
0.013628,4,0.170213,0.042602,0.190122,0.003467,0.422915,0.414912,0
0.013628,4,0.191489,0.042602,0.184469,0.003467,0.422915,0.414912,0
0.013628,4,0.212766,0.042602,0.208123,0.003467,0.422915,0.414912,0
0.013628,4,0.234043,0.042602,0.261083,0.003467,0.422915,0.414912,0
0.013628,4,0.255319,0.067581,0.363731,0.003467,0.422915,0.414912,1
0.013628,4,0.276596,0.043503,0.464445,0.003467,0.422915,0.414912,0
0.013628,4,0.297872,0.041131,0.471883,0.003467,0.422915,0.414912,0
0.013628,4,0.319149,0.041131,0.523802,0.003467,0.422915,0.414912,0
0.013628,4,0.340426,0.041431,0.548349,0.003467,0.422915,0.414912,0
0.013628,4,0.361702,0.041431,0.548646,0.003467,0.422915,0.414912,0
0.013628,4,0.382979,0.045094,0.582267,0.003467,0.422915,0.414912,0
0.013628,4,0.404255,0.041431,0.594466,0.003467,0.422915,0.414912,0
0.013628,4,0.425532,0.041431,0.581077,0.003467,0.422915,0.414912,0
0.013628,4,0.446809,0.041251,0.565457,0.003467,0.422915,0.414912,0
0.013628,4,0.468085,0.042032,0.546712,0.003467,0.422915,0.414912,0
0.013628,4,0.489362,0.042602,0.539274,0.003467,0.422915,0.414912,0
0.013628,4,0.510638,0.042602,0.531985,0.003467,0.422915,0.414912,0
0.013628,4,0.531915,0.043503,0.521571,0.003467,0.422915,0.414912,0
0.013628,4,0.553191,0.043503,0.519637,0.003467,0.422915,0.414912,0
0.013628,4,0.574468,0.067581,0.509223,0.003467,0.422915,0.414912,1
0.013628,4,0.595745,0.067581,0.499702,0.003467,0.422915,0.414912,1
0.013628,4,0.617021,0.043503,0.484082,0.003467,0.422915,0.414912,0
0.013628,4,0.638298,0.043503,0.46266,0.003467,0.422915,0.414912,0
0.013628,4,0.659574,0.043503,0.461619,0.003467,0.422915,0.414912,0
0.013628,4,0.680851,0.043503,0.475602,0.003467,0.422915,0.414912,0
0.013628,4,0.702128,0.074216,0.498364,0.003467,0.422915,0.414912,1
0.013628,4,0.723404,0.067581,0.538233,0.003467,0.422915,0.414912,1
0.013628,4,0.744681,0.074667,0.622434,0.003467,0.422915,0.414912,1
0.013628,4,0.765957,0.045094,0.648468,0.003467,0.422915,0.414912,0
0.013628,4,0.787234,0.045094,0.632252,0.003467,0.422915,0.414912,0
0.013628,4,0.808511,0.041431,0.593722,0.003467,0.422915,0.414912,0
0.013628,4,0.829787,0.041431,0.565605,0.003467,0.422915,0.414912,0
0.013628,4,0.851064,0.041431,0.553258,0.003467,0.422915,0.414912,0
0.013628,4,0.87234,0.041431,0.526778,0.003467,0.422915,0.414912,0
0.013628,4,0.893617,0.041131,0.481851,0.003467,0.422915,0.414912,0
0.013628,4,0.914894,0.041431,0.430973,0.003467,0.422915,0.414912,0
0.013628,4,0.93617,0.045755,0.476198,0.003467,0.422915,0.414912,0
0.013628,4,0.957447,0.042602,0.490033,0.003467,0.422915,0.414912,0
0.013628,4,0.978723,0.045094,0.508033,0.003467,0.422915,0.414912,0
0.013628,4,1.0,0.045755,0.50967,0.003467,0.422915,0.414912,0
0.013672,5,0.0,0.045755,0.509223,0.003467,0.422915,0.414912,0
0.013672,5,0.021277,0.043503,0.4759,0.003467,0.422915,0.414912,0
0.013672,5,0.042553,0.043503,0.454924,0.003467,0.422915,0.414912,0
0.013672,5,0.06383,0.043503,0.404195,0.003467,0.422915,0.414912,0
0.013672,5,0.085106,0.041131,0.340077,0.003467,0.422915,0.414912,0
0.013672,5,0.106383,0.042602,0.299316,0.003467,0.422915,0.414912,0
0.013672,5,0.12766,0.042602,0.252306,0.003467,0.422915,0.414912,0
0.013672,5,0.148936,0.041131,0.219429,0.003467,0.422915,0.414912,0
0.013672,5,0.170213,0.041131,0.193544,0.003467,0.422915,0.414912,0
0.013672,5,0.191489,0.041131,0.194139,0.003467,0.422915,0.414912,0
0.013672,5,0.212766,0.051549,0.220916,0.003467,0.422915,0.414912,1
0.013672,5,0.234043,0.051549,0.259149,0.003467,0.422915,0.414912,1
0.013672,5,0.255319,0.051549,0.358524,0.003467,0.422915,0.414912,1
0.013672,5,0.276596,0.041552,0.468908,0.003467,0.422915,0.414912,0
0.013672,5,0.297872,0.041431,0.481553,0.003467,0.422915,0.414912,0
0.013672,5,0.319149,0.041431,0.539125,0.003467,0.422915,0.414912,0
0.013672,5,0.340426,0.041431,0.555638,0.003467,0.422915,0.414912,0
0.013672,5,0.361702,0.041431,0.545522,0.003467,0.422915,0.414912,0
0.013672,5,0.382979,0.045094,0.5723,0.003467,0.422915,0.414912,0
0.013672,5,0.404255,0.041552,0.589408,0.003467,0.422915,0.414912,0
0.013672,5,0.425532,0.041431,0.576168,0.003467,0.422915,0.414912,0
0.013672,5,0.446809,0.041431,0.551919,0.003467,0.422915,0.414912,0
0.013672,5,0.468085,0.041431,0.528117,0.003467,0.422915,0.414912,0
0.013672,5,0.489362,0.041431,0.522017,0.003467,0.422915,0.414912,0
0.013672,5,0.510638,0.041431,0.509372,0.003467,0.422915,0.414912,0
0.013672,5,0.531915,0.041431,0.494793,0.003467,0.422915,0.414912,0
0.013672,5,0.553191,0.041431,0.484082,0.003467,0.422915,0.414912,0
0.013672,5,0.574468,0.041431,0.475305,0.003467,0.422915,0.414912,0
0.013672,5,0.595745,0.041431,0.455222,0.003467,0.422915,0.414912,0
0.013672,5,0.617021,0.041431,0.443767,0.003467,0.422915,0.414912,0
0.013672,5,0.638298,0.041431,0.427551,0.003467,0.422915,0.414912,0
0.013672,5,0.659574,0.041431,0.436775,0.003467,0.422915,0.414912,0
0.013672,5,0.680851,0.041552,0.441089,0.003467,0.422915,0.414912,0
0.013672,5,0.702128,0.041431,0.462065,0.003467,0.422915,0.414912,0
0.013672,5,0.723404,0.041552,0.486165,0.003467,0.422915,0.414912,0
0.013672,5,0.744681,0.041431,0.561291,0.003467,0.422915,0.414912,0
0.013672,5,0.765957,0.041431,0.590598,0.003467,0.422915,0.414912,0
0.013672,5,0.787234,0.041431,0.582713,0.003467,0.422915,0.414912,0
0.013672,5,0.808511,0.041431,0.542844,0.003467,0.422915,0.414912,0
0.013672,5,0.829787,0.041431,0.5241,0.003467,0.422915,0.414912,0
0.013672,5,0.851064,0.041431,0.509372,0.003467,0.422915,0.414912,0
0.013672,5,0.87234,0.041431,0.496132,0.003467,0.422915,0.414912,0
0.013672,5,0.893617,0.041431,0.455222,0.003467,0.422915,0.414912,0
0.013672,5,0.914894,0.041431,0.415799,0.003467,0.422915,0.414912,0
0.013672,5,0.93617,0.051549,0.465338,0.003467,0.422915,0.414912,1
0.013672,5,0.957447,0.041431,0.487652,0.003467,0.422915,0.414912,0
0.013672,5,0.978723,0.051549,0.508331,0.003467,0.422915,0.414912,1
0.013672,5,1.0,0.051549,0.508331,0.003467,0.422915,0.414912,1
0.013716,6,0.0,0.064609,0.508628,0.003467,0.422915,0.414912,1
0.013716,6,0.021277,0.073976,0.484528,0.003467,0.422915,0.414912,1
0.013716,6,0.042553,0.073856,0.453288,0.003467,0.422915,0.414912,1
0.013716,6,0.06383,0.045965,0.387831,0.003467,0.422915,0.414912,1
0.013716,6,0.085106,0.051549,0.323713,0.003467,0.422915,0.414912,1
0.013716,6,0.106383,0.051549,0.27715,0.003467,0.422915,0.414912,1
0.013716,6,0.12766,0.051549,0.229545,0.003467,0.422915,0.414912,1
0.013716,6,0.148936,0.051549,0.193841,0.003467,0.422915,0.414912,1
0.013716,6,0.170213,0.041131,0.167063,0.003467,0.422915,0.414912,0
0.013716,6,0.191489,0.041131,0.152336,0.003467,0.422915,0.414912,0
0.013716,6,0.212766,0.041131,0.157096,0.003467,0.422915,0.414912,0
0.013716,6,0.234043,0.045755,0.176287,0.003467,0.422915,0.414912,1
0.013716,6,0.255319,0.045755,0.214966,0.003467,0.422915,0.414912,1
0.013716,6,0.276596,0.045755,0.253198,0.003467,0.422915,0.414912,1
0.013716,6,0.297872,0.045755,0.313746,0.003467,0.422915,0.414912,1
0.013716,6,0.319149,0.045755,0.403005,0.003467,0.422915,0.414912,1
0.013716,6,0.340426,0.072985,0.475454,0.003467,0.422915,0.414912,1
0.013716,6,0.361702,0.045755,0.510711,0.003467,0.422915,0.414912,0
0.013716,6,0.382979,0.072985,0.542993,0.003467,0.422915,0.414912,1
0.013716,6,0.404255,0.045755,0.546564,0.003467,0.422915,0.414912,0
0.013716,6,0.425532,0.045755,0.517852,0.003467,0.422915,0.414912,0
0.013716,6,0.446809,0.045154,0.479173,0.003467,0.422915,0.414912,0
0.013716,6,0.468085,0.045034,0.442428,0.003467,0.422915,0.414912,0
0.013716,6,0.489362,0.045755,0.416245,0.003467,0.422915,0.414912,0
0.013716,6,0.510638,0.041431,0.392591,0.003467,0.422915,0.414912,0
0.013716,6,0.531915,0.045755,0.374293,0.003467,0.422915,0.414912,0
0.013716,6,0.553191,0.041431,0.35302,0.003467,0.422915,0.414912,0
0.013716,6,0.574468,0.045755,0.333978,0.003467,0.422915,0.414912,0
0.013716,6,0.595745,0.041431,0.313002,0.003467,0.422915,0.414912,0
0.013716,6,0.617021,0.041431,0.301101,0.003467,0.422915,0.414912,0
0.013716,6,0.638298,0.041431,0.300952,0.003467,0.422915,0.414912,0
0.013716,6,0.659574,0.045755,0.308093,0.003467,0.422915,0.414912,0
0.013716,6,0.680851,0.045755,0.319697,0.003467,0.422915,0.414912,0
0.013716,6,0.702128,0.045755,0.349598,0.003467,0.422915,0.414912,0
0.013716,6,0.723404,0.045755,0.386641,0.003467,0.422915,0.414912,0
0.013716,6,0.744681,0.045755,0.50238,0.003467,0.422915,0.414912,0
0.013716,6,0.765957,0.045755,0.571705,0.003467,0.422915,0.414912,0
0.013716,6,0.787234,0.045755,0.564415,0.003467,0.422915,0.414912,0
0.013716,6,0.808511,0.045034,0.52886,0.003467,0.422915,0.414912,0
0.013716,6,0.829787,0.045755,0.494049,0.003467,0.422915,0.414912,0
0.013716,6,0.851064,0.045034,0.46742,0.003467,0.422915,0.414912,0
0.013716,6,0.87234,0.041431,0.453139,0.003467,0.422915,0.414912,0
0.013716,6,0.893617,0.045755,0.416394,0.003467,0.422915,0.414912,0
0.013716,6,0.914894,0.041431,0.378608,0.003467,0.422915,0.414912,0
0.013716,6,0.93617,0.045755,0.401815,0.003467,0.422915,0.414912,0
0.013716,6,0.957447,0.045755,0.408063,0.003467,0.422915,0.414912,0
0.013716,6,0.978723,0.045755,0.422493,0.003467,0.422915,0.414912,0
0.013716,6,1.0,0.045755,0.404344,0.003467,0.422915,0.414912,0
0.01376,7,0.0,0.041431,0.384707,0.003467,0.422915,0.414912,0
0.01376,7,0.021277,0.041431,0.335763,0.003467,0.422915,0.414912,0
0.01376,7,0.042553,0.041431,0.320738,0.003467,0.422915,0.414912,0
0.01376,7,0.06383,0.041431,0.264058,0.003467,0.422915,0.414912,0
0.01376,7,0.085106,0.041431,0.217792,0.003467,0.422915,0.414912,0
0.01376,7,0.106383,0.045755,0.185808,0.003467,0.422915,0.414912,0
0.01376,7,0.12766,0.045755,0.159476,0.003467,0.422915,0.414912,1
0.01376,7,0.148936,0.045755,0.135971,0.003467,0.422915,0.414912,1
0.01376,7,0.170213,0.040651,0.11812,0.003467,0.422915,0.414912,0
0.01376,7,0.191489,0.040651,0.108896,0.003467,0.422915,0.414912,0
0.01376,7,0.212766,0.041131,0.112913,0.003467,0.422915,0.414912,0
0.01376,7,0.234043,0.045755,0.124814,0.003467,0.422915,0.414912,1
0.01376,7,0.255319,0.056713,0.144154,0.003467,0.422915,0.414912,1
0.01376,7,0.276596,0.045755,0.174502,0.003467,0.422915,0.414912,1
0.01376,7,0.297872,0.068272,0.21199,0.003467,0.422915,0.414912,1
0.01376,7,0.319149,0.068452,0.285481,0.003467,0.422915,0.414912,1
0.01376,7,0.340426,0.045755,0.35183,0.003467,0.422915,0.414912,0
0.01376,7,0.361702,0.068452,0.405237,0.003467,0.422915,0.414912,1
0.01376,7,0.382979,0.068452,0.449122,0.003467,0.422915,0.414912,1
0.01376,7,0.404255,0.045755,0.455668,0.003467,0.422915,0.414912,0
0.01376,7,0.425532,0.045755,0.44704,0.003467,0.422915,0.414912,0
0.01376,7,0.446809,0.041431,0.421006,0.003467,0.422915,0.414912,0
0.01376,7,0.468085,0.041431,0.398691,0.003467,0.422915,0.414912,0
0.01376,7,0.489362,0.041431,0.380988,0.003467,0.422915,0.414912,0
0.01376,7,0.510638,0.041431,0.366855,0.003467,0.422915,0.414912,0
0.01376,7,0.531915,0.041221,0.353317,0.003467,0.422915,0.414912,0
0.01376,7,0.553191,0.041431,0.328176,0.003467,0.422915,0.414912,0
0.01376,7,0.574468,0.061997,0.310324,0.003467,0.422915,0.414912,1
0.01376,7,0.595745,0.068452,0.302737,0.003467,0.422915,0.414912,1
0.01376,7,0.617021,0.068452,0.301398,0.003467,0.422915,0.414912,1
0.01376,7,0.638298,0.068452,0.306159,0.003467,0.422915,0.414912,1
0.01376,7,0.659574,0.072175,0.316126,0.003467,0.422915,0.414912,1
0.01376,7,0.680851,0.072175,0.332193,0.003467,0.422915,0.414912,1
0.01376,7,0.702128,0.072175,0.370723,0.003467,0.422915,0.414912,1
0.01376,7,0.723404,0.081062,0.428444,0.003467,0.422915,0.414912,1
0.01376,7,0.744681,0.119581,0.535555,0.003467,0.422915,0.414912,1
0.01376,7,0.765957,0.119731,0.594168,0.003467,0.422915,0.414912,1
0.01376,7,0.787234,0.09178,0.596995,0.003467,0.422915,0.414912,1
0.01376,7,0.808511,0.086496,0.57468,0.003467,0.422915,0.414912,1
0.01376,7,0.829787,0.045394,0.555192,0.003467,0.422915,0.414912,0
0.01376,7,0.851064,0.068452,0.531538,0.003467,0.422915,0.414912,1
0.01376,7,0.87234,0.045364,0.513835,0.003467,0.422915,0.414912,0
0.01376,7,0.893617,0.061036,0.465338,0.003467,0.422915,0.414912,1
0.01376,7,0.914894,0.045154,0.408956,0.003467,0.422915,0.414912,0
0.01376,7,0.93617,0.045785,0.426807,0.003467,0.422915,0.414912,0
0.01376,7,0.957447,0.045755,0.412675,0.003467,0.422915,0.414912,0
0.01376,7,0.978723,0.045034,0.415799,0.003467,0.422915,0.414912,0
0.01376,7,1.0,0.045034,0.38679,0.003467,0.422915,0.414912,0
0.013805,1,0.0,0.041131,0.366111,0.003467,0.422915,0.414912,0
0.013805,1,0.021277,0.041191,0.330854,0.003467,0.422915,0.414912,0
0.013805,1,0.042553,0.041972,0.320738,0.003467,0.422915,0.414912,0
0.013805,1,0.06383,0.045034,0.274918,0.003467,0.422915,0.414912,0
0.013805,1,0.085106,0.043413,0.232966,0.003467,0.422915,0.414912,0
0.013805,1,0.106383,0.045755,0.198155,0.003467,0.422915,0.414912,0
0.013805,1,0.12766,0.041131,0.177031,0.003467,0.422915,0.414912,0
0.013805,1,0.148936,0.045034,0.15055,0.003467,0.422915,0.414912,0
